,original,organized
0,21Plus,21plus
1,21世紀,21plus
2,一家人 OUR FAMILY,一家人ourfamily
3,一家人,一家人ourfamily
4,九陽,九陽joyoung
5,九陽 Joyoung,九陽joyoung
6,九陽 JOYOUNG,九陽joyoung
7,三多,三多sentosa
8,三多 SENTOSA,三多sentosa
9,Suntory 三得利,三得利suntory
10,三得利,三得利suntory
11,三得利 SUNTORY,三得利suntory
12,三菱,三菱電機mitsubishi
13,三菱 MITSUBISHI,三菱電機mitsubishi
14,三菱 Mitsubishi,三菱電機mitsubishi
15,三菱電機,三菱電機mitsubishi
16,三詩達,三詩達sunstar
17,三詩達 SUNSTAR,三詩達sunstar
18,上山採藥 tsaio,上山採藥tsaio
19,tsaio 上山採藥,上山採藥tsaio
20,上山採藥,上山採藥tsaio
21,上豪 SUNHOW,上豪sunhow
22,上豪,上豪sunhow
23,大拇指 FP,大拇指fp
24,大拇指,大拇指fp
25,大河 TAIGA,大河taiga
26,大河,大河taiga
27,大研,大研生醫
28,大研生醫,大研生醫
29,小米 xiaomi,小米xiaomi
30,小米,小米xiaomi
31,小獅王辛巴,小獅王辛巴
32,小獅王,小獅王辛巴
33,小綠 Gtech,小綠人gtech
34,小綠人,小綠人gtech
35,Burt's Bees,小蜜蜂爺爺burt'sbees
36,Burt's Bees 小蜜蜂爺爺,小蜜蜂爺爺burt'sbees
37,BURT'S BEES 小蜜蜂爺爺,小蜜蜂爺爺burt'sbees
38,小澤 Kozawa,小澤kozawa
39,小澤,小澤kozawa
40,山水,山水sansui
41,山水 SANSUI,山水sansui
42,山加利 Sangaria,山加利sangaria
43,SANGARIA,山加利sangaria
44,山司伯特 SAN sports,山司伯特sansports
45,山司伯特 SAN SPORTS,山司伯特sansports
46,山多力 SDL,山多力sdl
47,山多力,山多力sdl
48,山崎 YAMASAKI,山崎yamasaki
49,山崎,山崎yamasaki
50,ESPRIQUE PRECIOUS 丰靡美姬,丰靡美姬espriqueprecious
51,ESPRIQUE PRECIOUS丰靡美姬,丰靡美姬espriqueprecious
52,Derma 丹麥德瑪,丹麥德瑪derma
53,Derma,丹麥德瑪derma
54,丹麥德瑪 Derma,丹麥德瑪derma
55,元山牌,元山牌
56,元山,元山牌
57,Paris Fashion 巴黎香氛,巴黎香氛parisfragrance
58,Paris fragrance 巴黎香氛,巴黎香氛parisfragrance
59,L'Oréal Paris 巴黎萊雅,巴黎萊雅l'orealparis
60,巴黎萊雅 L'OREAL PARIS,巴黎萊雅l'orealparis
61,LION 獅王,日本獅王lion
62,獅王 LION,日本獅王lion
63,獅王,日本獅王lion
64,LION獅王,日本獅王lion
65,日本獅王,日本獅王lion
66,獅王LION,日本獅王lion
67,LION Kirei-kirei 日本獅王趣淨,日本獅王lion
68,PAIR 沛醫亞,日本獅王lion
69,ROHTO 日本樂敦,日本樂敦rohto
70,ROHTO 樂敦,日本樂敦rohto
71,IRIS,日本irisohyama
72,IRIS OHYAMA,日本irisohyama
73,日本Iris Ohyama,日本irisohyama
74,Iris Ohyama,日本irisohyama
75,Toffy,日本toffy
76,日本Toffy,日本toffy
77,日象 zushiang,日象zushiang
78,日象 Zushiang,日象zushiang
79,日象,日象zushiang
80,凱瑞克 KALORIK,比利時凱瑞克kalorik
81,比利時凱瑞克,比利時凱瑞克kalorik
82,比菲多質立,比菲多
83,比菲多優意思,比菲多
84,比菲多,比菲多
85,比菲多乳之初,比菲多
86,Hydro Balance 水平衡,水平衡hydrobalance
87,水平衡,水平衡hydrobalance
88,水平衡 Hydro Balance,水平衡hydrobalance
89,NARUKO 牛爾親研,牛爾親研naruko
90,牛爾,牛爾親研naruko
91,CARVIN KOLAI 卡汶克萊,卡汶克萊carvinkolai
92,卡汶克萊,卡汶克萊carvinkolai
93,卡氛 KAFEN,卡氛kafen
94,卡氛,卡氛kafen
95,卡薩 Casa,卡薩咖啡casa
96,卡薩咖啡,卡薩咖啡casa
97,CASA,卡薩咖啡casa
98,古寶,古寶無患子
99,古寶無患子,古寶無患子
100,可瑞絲 KERASYS,可瑞絲kerasys
101,Derma&More,可瑞絲kerasys
102,台酒生技,台酒生技ttl
103,TTL 台酒生技,台酒生技ttl
104,醫之方,台塑生醫醫之方
105,台塑生醫 醫之方,台塑生醫醫之方
106,台塑生醫,台塑生醫dr'sformula
107,台塑生醫 Dr’s Formula,台塑生醫dr'sformula
108,Dr‘s Formula,台塑生醫dr'sformula
109,Dr's Formula 台塑生醫,台塑生醫dr'sformula
110,台塑生醫Dr's Formula,台塑生醫dr'sformula
111,台農,台農
112,台農燕巢,台農
113,台農崙背,台農
114,台農鮮乳廠,台農
115,台鹽生技,台鹽生技
116,台鹽,台鹽生技
117,台塩,台鹽生技
118,台灣三洋 SANLUX,台灣三洋sanlux
119,三洋 SANLUX,台灣三洋sanlux
120,台灣三洋,台灣三洋sanlux
121,三洋,台灣三洋sanlux
122,台灣啤酒,台灣啤酒
123,台啤,台灣啤酒
124,四季,四季seasons
125,四季 Seasons,四季seasons
126,布朗博士,布朗博士dr.bronner's
127,Dr. SKIN,布朗博士dr.bronner's
128,Dr. Bronner's 布朗博士,布朗博士dr.bronner's
129,未來實驗室 Future Lab.,未來實驗室futurelab.
130,未來實驗室 FUTURE LAB,未來實驗室futurelab.
131,Future Lab 未來實驗室,未來實驗室futurelab.
132,正負零±0,正負零
133,正負零,正負零
134,永信 HAC,永信 hac
135,永信藥品,永信 hac
136,永信,永信 hac
137,生態綠 okogreen,生態綠okogreen
138,生態綠,生態綠okogreen
139,Snow White 白雪,白雪snowwhite
140,白雪,白雪snowwhite
141,石頭科技 Roborock,石頭科技roborock
142,石頭科技,石頭科技roborock
143,禾聯,禾聯heran
144,禾聯 HERAN,禾聯heran
145,YVES Rocher,伊夫黎雪 yves rocher
146,伊夫黎雪yves rocher,伊夫黎雪 yves rocher
147,伊夫‧黎雪 Yves Rocher,伊夫黎雪 yves rocher
148,yves rocher,伊夫黎雪 yves rocher
149,伊夫黎雪. yves rocher,伊夫黎雪 yves rocher
150,Hito,伊的 hito
151,Hito 伊的,伊的 hito
152,伊思It's Skin,伊思it'sskin
153,It's skin,伊思it'sskin
154,伊莉亞 ELLIA,伊莉亞ellia
155,ELLIA 伊莉亞,伊莉亞ellia
156,伊萊克斯,伊萊克斯electrolux
157,伊萊克斯 Electrolux,伊萊克斯electrolux
158,ESCENTS 伊聖詩,伊聖詩
159,伊聖詩,伊聖詩
160,伊聖詩 cosmescents,伊聖詩
161,伊瑪 imarflex,伊瑪imarflex
162,伊瑪 Imarflex,伊瑪imarflex
163,伊德爾,伊德爾el
164,EL伊德爾,伊德爾el
165,ISANA 伊薩娜,伊薩娜isana
166,ISANA,伊薩娜isana
167,伊藤園,伊藤園itoen
168,伊藤園 Ito EN,伊藤園itoen
169,Elizabeth Arden 伊麗莎白雅頓,伊麗莎白雅頓elizabetharden
170,伊麗莎白雅頓,伊麗莎白雅頓elizabetharden
171,全球寵物 GLOBAL PETS,全球寵物globalpets
172,全球寵物,全球寵物globalpets
173,吉妮斯,吉妮斯gennis
174,吉尼斯 Gennis,吉妮斯gennis
175,WHOO 后,后whoo
176,Whoo 后,后whoo
177,Dove 多芬,多芬dove
178,多芬 Dove,多芬dove
179,多芬,多芬dove
180,多納,多納滋naturalpie
181,多納滋 Natural Pie,多納滋naturalpie
182,BFFECT,好肌膚精華研究室bffect
183,BFFECT 好肌膚精華研究室,好肌膚精華研究室bffect
184,朵蔓朵蓮 Dormindorcin,朵蔓朵蓮dormindorcin
185,朵蔓朵蓮,朵蔓朵蓮dormindorcin
186,Dr.Douxi朵璽,朵璽dr.douxi
187,Dr.Douxi 朵璽,朵璽dr.douxi
188,百喬生醫,百喬
189,百喬,百喬
190,Reise米膚,米膚reise
191,米膚 Reise,米膚reise
192,自然之綠,自然之綠naturaverde
193,自然之綠 NATURAVERDE,自然之綠naturaverde
194,福樂頂級優酪,福樂
195,福樂鮮攪,福樂
196,福樂自然零,福樂
197,福樂低脂優酪,福樂
198,福樂,福樂
199,福樂一番鮮,福樂
200,自然零,福樂
201,自然癮食 Addiction,自然癮食addiction
202,自然癮食 ADDICTION,自然癮食addiction
203,艾克博士 Dr. Aik,艾克博士dr.aik
204,艾克博士,艾克博士dr.aik
205,Aiken 艾肯,艾肯aiken
206,艾肯,艾肯aiken
207,艾肯 aiken,艾肯aiken
208,Aiken,艾肯aiken
209,艾美特,艾美特airmate
210,艾美特 AIRMATE,艾美特airmate
211,Aveeno 艾惟諾,艾惟諾aveeno
212,艾惟諾,艾惟諾aveeno
213,ENCHANTEUR 艾詩,艾詩緹astalift
214,艾詩,艾詩緹astalift
215,ASTALIFT 艾詩緹,艾詩緹astalift
216,Amma Garden 艾瑪花園,艾瑪花園ammagarden
217,艾瑪花園 Amma garden,艾瑪花園ammagarden
218,艾瑪花園,艾瑪花園ammagarden
219,APIVITA,艾蜜塔apivita
220,APIVITA 艾蜜塔,艾蜜塔apivita
221,艾黎亞 ANRIEA,艾黎亞anriea
222,艾黎亞,艾黎亞anriea
223,西雅圖,西雅圖barista
224,西雅圖 BARISTA,西雅圖barista
225,伯朗咖啡,伯朗咖啡
226,伯朗,伯朗咖啡
227,JOURDENESS 佐登妮絲,佐登妮絲jourdeness
228,佐登妮絲,佐登妮絲jourdeness
229,Kneipp 克奈圃,克奈圃kneipp
230,克奈圃,克奈圃kneipp
231,克奈圃 Kneipp,克奈圃kneipp
232,克寧,克寧klim
233,克寧 KLIM,克寧klim
234,初鹿牧場,初鹿鮮乳
235,初鹿,初鹿鮮乳
236,初鹿鮮乳,初鹿鮮乳
237,利百代 LIBERTY,利百代liberty
238,利百代,利百代liberty
239,NUIT 努特,努特nuit
240,努特 NUIT,努特nuit
241,DYDO 吟麗,吟麗dydo
242,DYDO,吟麗dydo
243,宏碁 Acer,宏碁acer
244,Acer 宏碁,宏碁acer
245,GIGABYTE 技嘉,技嘉gigabyte
246,技嘉 GIGABYTE,技嘉gigabyte
247,每朝健康,每朝健康
248,每朝,每朝健康
249,汰漬 Tide,汰漬tide
250,汰漬 TIDE,汰漬tide
251,沙宣 VS,沙宣vs
252,沙宣,沙宣vs
253,沛特斯,沛特斯petalfresh
254,PETAL FRESH 沛特斯,沛特斯petalfresh
255,沛綠雅,沛綠雅perrier
256,沛綠雅 Perrier,沛綠雅perrier
257,Pelican 沛麗康,沛麗康pelican
258,沛麗康 Pelican,沛麗康pelican
259,BABE 貝貝實驗室,貝貝實驗室babe
260,貝貝實驗室,貝貝實驗室babe
261,Baan 貝恩,貝恩baan
262,Baan,貝恩baan
263,貝恩,貝恩baan
264,Bioderma 貝膚黛瑪,貝膚黛瑪bioderma
265,BIODERMA 貝膚黛瑪,貝膚黛瑪bioderma
266,貝親 Pigeon,貝親pigeon
267,貝親,貝親pigeon
268,Pigeon貝親,貝親pigeon
269,ARMANI 亞曼尼,亞曼尼giorgioarmani
270,GIORGIO ARMANI 亞曼尼,亞曼尼giorgioarmani
271,GIORGIO ARMANI,亞曼尼giorgioarmani
272,Kanebo 佳麗寶-開架式,佳麗寶kanebo
273,Kanebo 佳麗寶,佳麗寶kanebo
274,印象之美,佳麗寶kanebo
275,味王,味王
276,味王麵,味王
277,味全林鳳營,味全
278,味全,味全
279,味全簡單點,味全
280,味全萬丹,味全
281,味味一品,味味
282,味味A,味味
283,味味麵,味味
284,HCG 和成,和成hcg
285,和成,和成hcg
286,咖樂迪咖啡農場,咖樂迪咖啡農場
287,咖樂迪,咖樂迪咖啡農場
288,KISSME,奇士美 kissme
289,KISSME 奇士美,奇士美 kissme
290,KilaDoll 奇拉朵,奇拉朵kiladoll
291,奇拉 Keyra,奇拉朵kiladoll
292,奇哥 CHIC A BON,奇哥chicabon
293,奇哥,奇哥chicabon
294,奇異,奇異廚房kiwikitchens
295,奇異廚房 Kiwi Kitchens,奇異廚房kiwikitchens
296,NEO-TEC 妮傲絲翠,妮傲絲翠neo-tec
297,NEO-TEC妮傲絲翠,妮傲絲翠neo-tec
298,妮維雅 NIVEA,妮維雅nivea
299,Nivea 妮維雅,妮維雅nivea
300,NIVEA 妮維雅,妮維雅nivea
301,G+ 居家,居家
302,G+居家,居家
303,WATSONS,屈臣氏watsons
304,屈臣氏 Watsons,屈臣氏watsons
305,Watsons 屈臣氏,屈臣氏watsons
306,屈臣氏,屈臣氏watsons
307,帕瑪氏 PALMER'S,帕瑪氏palmer's
308,PALMER'S 帕瑪氏,帕瑪氏palmer's
309,怪獸部落,怪獸部落litomon
310,怪獸部落 LitoMon,怪獸部落litomon
311,拉美拉 LA MEI LA,拉美拉lameila
312,Lameila 拉美拉,拉美拉lameila
313,Mdmmd,明洞國際mdmmd
314,Mdmmd 明洞國際,明洞國際mdmmd
315,明洞國際,明洞國際mdmmd
316,東元 TECO,東元teco
317,東元,東元teco
318,東邦 UTAMARO,東邦utamaro
319,東邦,東邦utamaro
320,東芝 TOSHIBA,東芝toshiba
321,東芝,東芝toshiba
322,松井 SONGEN,松井songen
323,松井,松井songen
324,松木家電 MATRIC,松木家電matric
325,松木,松木家電matric
326,林內牌,林內
327,林內,林內
328,法國特福 Tefal,法國特福tefal
329,特福 TEFAL,法國特福tefal
330,特福 Tefal,法國特福tefal
331,Najel,法國najel
332,法國Najel,法國najel
333,Fees,法緻 fees
334,法緻 Fees,法緻 fees
335,Fees 法緻,法緻 fees
336,波力,波力poli
337,波力 POLI,波力poli
338,直覺,直覺sweettouch
339,直覺 sweet touch,直覺sweettouch
340,肯尼士,肯尼士kennex
341,肯尼士 KENNEX,肯尼士kennex
342,AVEDA,肯夢aveda
343,AVEDA 肯夢,肯夢aveda
344,芙絲 VOSS,芙絲voss
345,芙絲,芙絲voss
346,芭樂雅 Balea,芭樂雅balea
347,Balea芭樂雅,芭樂雅balea
348,Balea 芭樂雅,芭樂雅balea
349,花王,花王kao
350,花王 Kao,花王kao
351,Kao 花王,花王kao
352,花王kao,花王kao
353,FANCL 芳珂,芳珂fancl
354,FANCL,芳珂fancl
355,虎牌,虎牌tiger
356,虎牌 TIGER,虎牌tiger
357,采緹,采緹tsaeti
358,Tsae Ti 采緹,采緹tsaeti
359,長庚生技,長庚
360,長庚,長庚
361,阿加菲亞老奶奶 Grandmother Agafia,阿加菲亞老奶奶grandmotheragafia
362,Grandmother Agafia 阿加菲亞老奶奶,阿加菲亞老奶奶grandmotheragafia
363,阿曼特 armonto,阿曼特armonto
364,阿曼特 Armonto,阿曼特armonto
365,信東,信東生技
366,信東生技,信東生技
367,益暢優 yourla,信東生技
368,威德 Weider,威德weider
369,威德,威德weider
370,威寶 Kaiser,威寶kaiser
371,威寶,威寶kaiser
372,Sebamed 施巴,施巴 sebamed
373,施巴 Sebamed,施巴 sebamed
374,施巴Sebamed,施巴 sebamed
375,施巴,施巴 sebamed
376,星巴克 Starbucks,星巴克starbucks
377,星巴克,星巴克starbucks
378,ROUDYE 柔蝶,柔蝶roudye
379,Roudye 柔蝶,柔蝶roudye
380,柔蝶 Roudye,柔蝶roudye
381,柳屋 YANAGIYA,柳屋yanagiya
382,YANAGIYA 柳屋,柳屋yanagiya
383,活力廚坊,活力廚房
384,活力廚房,活力廚房
385,PEZRI 派翠,派翠pezri
386,PEZRI派翠,派翠pezri
387,Clio 珂莉奧,珂莉奧 clio
388,CLIO 珂莉奧,珂莉奧 clio
389,珂瑪德 GamARde,珂瑪德 gamarde
390,GamARde 珂瑪德,珂瑪德 gamarde
391,Curel 珂潤,珂潤curel
392,珂潤,珂潤curel
393,珂潤 Curel,珂潤curel
394,Cure,珂潤curel
395,皇冠 CROWN,皇冠crown
396,皇冠 Nutra Tech,皇冠crown
397,皇冠,皇冠crown
398,皇家特莉 Tilley,皇家特莉tilley
399,Tilley 皇家特莉,皇家特莉tilley
400,Tilley 百年特莉,皇家特莉tilley
401,Kirkland Signature 科克蘭,科克蘭 kirklandsignature
402,科克蘭 Kirkland,科克蘭 kirklandsignature
403,科克蘭 Kirkland Signature,科克蘭 kirklandsignature
404,CORSICA 科皙佳,科皙佳corsica
405,CORSICA,科皙佳corsica
406,紅牛 Red Bull,紅牛redbull
407,紅牛,紅牛redbull
408,美津農 MIZUNO,美津農 mizuno
409,美津濃 MIZUNO,美津農 mizuno
410,美泰克 Maytag,美泰克 maytag
411,美泰克 MAYTAG,美泰克 maytag
412,MAYCHEER,美茜兒maycheer
413,MAYCHEER 美茜兒,美茜兒maycheer
414,Oster,美國oster
415,美國Oster,美國oster
416,OSTER,美國oster
417,美寧 Mistral,美寧mistral
418,美寧,美寧mistral
419,美樂,美樂思mediplus
420,Mediplus 美樂思,美樂思mediplus
421,美膳雅 Cuisinart,美膳雅cuisinart
422,美膳雅,美膳雅cuisinart
423,The Body Shop 美體小舖,美體小舖 thebodyshop
424,THE BODY SHOP,美體小舖 thebodyshop
425,美體小舖 The Body Shop,美體小舖 thebodyshop
426,The Body Shop,美體小舖 thebodyshop
427,耐吉斯 SOLUTION,耐吉斯solution
428,耐吉斯 Solution,耐吉斯solution
429,Valentino Rudy 范倫鐵諾,范倫鐵諾valentinorudy
430,范倫鐵諾 Valentino Rudy,范倫鐵諾valentinorudy
431,茉娜姿 moraz,茉娜姿moraz
432,茉娜姿,茉娜姿moraz
433,Dior 迪奧,迪奧dior
434,迪奧 Dior,迪奧dior
435,DIOR,迪奧dior
436,飛利浦,飛利浦philips
437,飛利浦 Philips,飛利浦philips
438,飛利浦 PHILIPS,飛利浦philips
439,香草集 JustHerb,香草集justherb
440,JustHerb 香草集,香草集justherb
441,JustHerb,香草集justherb
442,香草集,香草集justherb
443,Les nez 香鼻子,香鼻子lesnez
444,Les nez,香鼻子lesnez
445,倍力 BLUEBAY,倍力bluebay
446,倍力 Blue Bay,倍力bluebay
447,倍思特 BEST,倍思特 Best
448,倍思特 Best,倍思特 Best
449,倍麗兒,倍麗兒perioe
450,倍麗兒 PERIOE,倍麗兒perioe
451,倫士度 LUCIDO,倫士度lucido
452,LUCIDO 倫士度,倫士度lucido
453,夏普 SHARP,夏普sharp
454,夏普,夏普sharp
455,夏普 Sharp,夏普sharp
456,娜艾菩naive,娜艾菩naive
457,naive 娜艾菩,娜艾菩naive
458,娜奧NOW,娜奧now
459,NOW 娜奧,娜奧now
460,NOW娜奧,娜奧now
461,Miyoshi 家族石鹼,家族石鹼miyoshi
462,MIYOSHI,家族石鹼miyoshi
463,家福,家福carrefour
464,家福 Carrefour,家福carrefour
465,海爾,海爾haier
466,海爾 Haier,海爾haier
467,海爾 HAIER,海爾haier
468,HEAD 海德,海德head
469,海德 HEAD,海德head
470,特力屋 HOLA,特力屋hola
471,特力屋,特力屋hola
472,PURE純戀,純戀pure
473,純戀 PURE,純戀pure
474,茶籽堂 cha tzu tang,茶籽堂chatzutang
475,cha tzu tang 茶籽堂,茶籽堂chatzutang
476,KOSE 高絲,高絲 kose
477,KOSE 高絲-專櫃,高絲 kose
478,GHR,健康主義ghr
479,GHR健康主義,健康主義ghr
480,唯潔雅,唯潔 whimzees
481,唯潔 WHIMZEES,唯潔 whimzees
482,國際牌 panasonic,國際牌 panasonic
483,國際牌 PANASONIC,國際牌 panasonic
484,國際牌,國際牌 panasonic
485,國際,國際牌 panasonic
486,國際牌 Panasonic,國際牌 panasonic
487,Panasonic,國際牌 panasonic
488,bab 培寶,培寶bab
489,培寶,培寶bab
490,專科,專科senka
491,SENKA 專科,專科senka
492,QUNDO 康朵,康朵qundo
493,康朵,康朵qundo
494,康貝,康貝combi
495,Combi 康貝,康貝combi
496,康貝 Combi,康貝combi
497,COMBI,康貝combi
498,康是美,康是美自有品牌ms.cosmed
499,康是美自有品牌,康是美自有品牌ms.cosmed
500,Ms.COSMED,康是美自有品牌ms.cosmed
501,得意,得意人生
502,得意人生,得意人生
503,御衣坊 Akira,御衣坊akira
504,御衣坊,御衣坊akira
505,Akira御衣坊,御衣坊akira
506,御皇居 ROYAL,御皇居royal
507,御皇居,御皇居royal
508,曼秀雷敦 MENTHOLATUM,曼秀雷敦mentholatum
509,MENTHOLATUM 曼秀雷敦,曼秀雷敦mentholatum
510,Simple Life,清妍simple
511,Simple 清妍,清妍simple
512,理想 PERFECT,理想perfect
513,理想 Perfect,理想perfect
514,理膚寶水,理膚寶水larocheposay
515,LA ROCHE POSAY 理膚寶水,理膚寶水larocheposay
516,Wellness,盛燦男士wellness+
517,wellness+ 盛燦男士,盛燦男士wellness+
518,Herbox 荷柏園,荷柏園herbox
519,荷柏園,荷柏園herbox
520,HERBOX 荷柏園,荷柏園herbox
521,荷蘭公主 PRINCESS,荷蘭公主princess
522,荷蘭公主,荷蘭公主princess
523,Revital 莉薇特麗,莉薇特麗revital
524,莉薇特麗,莉薇特麗revital
525,Revital,莉薇特麗revital
526,莎特Satter,莎特satter
527,莎特 SATTER,莎特satter
528,莫凡彼,莫凡彼movenpick
529,莫凡彼 MOVENPICK,莫凡彼movenpick
530,野宴 Livin Wild,野宴livin'wild
531,野宴 LIVIN’ WILD,野宴livin'wild
532,雀巢,雀巢nestle
533,雀巢 Nestle,雀巢nestle
534,Cellina 雪芙蘭,雪芙蘭cellina
535,雪芙蘭 Cellina,雪芙蘭cellina
536,雪芙蘭,雪芙蘭cellina
537,凱婷 kate,凱婷kate
538,KATE 凱婷,凱婷kate
539,凱夢 Dream Trend,凱夢dreamtrend
540,DREAM TREND 凱夢,凱夢dreamtrend
541,博朗氏,博朗氏balance
542,博朗氏 Balance,博朗氏balance
543,博寶兒 Probo,博寶兒probo
544,博寶兒Probo,博寶兒probo
545,Probo 博寶兒,博寶兒probo
546,Himalaya 喜馬拉雅,喜馬拉雅himalaya
547,喜馬拉雅 Himalaya,喜馬拉雅himalaya
548,heme 喜蜜,喜蜜heme
549,heme,喜蜜heme
550,喜樂寵宴 Joy Food,喜樂寵宴joyfood
551,喜樂寵宴JOY FOOD,喜樂寵宴joyfood
552,嬌生,嬌生
553,Johnson's 嬌生,嬌生
554,嬌生 Johnson's,嬌生
555,喵洽普,喵洽普plancat
556,喵洽普 PLAN CAT,喵洽普plancat
557,TIMARU 堤瑪露,堤瑪露timaru
558,Timaru 堤瑪露,堤瑪露timaru
559,Deary,媞爾妮 deary
560,Deary 媞爾妮,媞爾妮 deary
561,媞爾妮 Deary,媞爾妮 deary
562,富力森 FURIMORI,富力森 furimori
563,富力森 Furimori,富力森 furimori
564,富力森,富力森 furimori
565,富士通FUJITSU,富士
566,富士通,富士
567,富士,富士
568,富士電通 Fujitek,富士
569,富及第 FRIGIDAIRE,富及第frigidaire
570,富及第,富及第frigidaire
571,富及第 Frigidaire,富及第frigidaire
572,惠而浦 Whirlpool,惠而浦whirlpool
573,惠而浦,惠而浦whirlpool
574,惠而浦 whirlpool,惠而浦whirlpool
575,惠普 HP,惠普hp
576,HP 惠普,惠普hp
577,普洛斯Prosi,普洛斯prosi
578,普洛斯,普洛斯prosi
579,普洛斯 Prosi,普洛斯prosi
580,朝日,朝日
581,ASAHI 朝日,朝日
582,Asahi,朝日
583,Jonzac 森朵恩泉,森朵恩泉jonzac
584,Jonzac,森朵恩泉jonzac
585,森歐黎漾 Saholea,森歐黎漾saholea
586,森歐黎漾,森歐黎漾saholea
587,植村秀 Shu uemura,植村秀shuuemura
588,植村秀 shu uemura,植村秀shuuemura
589,shu uemura 植村秀,植村秀shuuemura
590,Bonnie House 植享家,植享家bonniehouse
591,植享家,植享家bonniehouse
592,渴望 ORIJEN,渴望orijen
593,渴望 Orijen,渴望orijen
594,湛盧咖啡,湛盧咖啡
595,湛盧,湛盧咖啡
596,無印良品,無印良品muji
597,無印良品 MUJI,無印良品muji
598,MUJI 無印良品,無印良品muji
599,犀牛 Rhino,犀牛rhino
600,RHINO 犀牛,犀牛rhino
601,猋 Pure,猋pure
602,猋,猋pure
603,PURE,猋pure
604,統一,統一
605,統一陽光,統一
606,統一Dr.Milker,統一
607,統一AB,統一
608,統一蜜豆奶,統一
609,統一瑞穗極制,統一
610,統一 AB,統一
611,統一生機,統一
612,統一水果牛乳,統一
613,統一瑞穗,統一
614,統一LP33,統一
615,ANGFA 絲凱露,絲凱露angfascalp-dbeauteangfad
616,ANGFA SCALP-D Beaute ANGFA 絲凱露D,絲凱露angfascalp-dbeauteangfad
617,ANGFA,絲凱露angfascalp-dbeauteangfad
618,絲蘊 Syoss,絲蘊syoss
619,syoss 絲蘊,絲蘊syoss
620,舒味思 Schweppes,舒味思schweppes
621,舒味思,舒味思schweppes
622,Cetaphil 舒特膚,舒特膚cetaphil
623,舒特膚,舒特膚cetaphil
624,菇王食品,菇王食品
625,菇王,菇王食品
626,華陀,華陀扶元堂
627,華陀扶元堂,華陀扶元堂
628,菲特研 FIRST LAB,菲特研firstlab
629,菲特研FIRST LAB,菲特研firstlab
630,THE FACE SHOP 菲詩小舖,菲詩小舖thefaceshop
631,THE FACE SHOP菲詩小舖,菲詩小舖thefaceshop
632,菲蘇德美,菲蘇德美phisoderm
633,pHisoDerm 菲蘇德美,菲蘇德美phisoderm
634,象印,象印zojirushi
635,象印 Zojirushi,象印zojirushi
636,象印 ZOJIRUSHI,象印zojirushi
637,酷涼 Esense,逸盛esense
638,逸盛 Esense,逸盛esense
639,Avene 雅漾,雅漾avene
640,Avène 雅漾,雅漾avene
641,雅聞 ARWIN,雅聞倍優arwin
642,雅聞倍優,雅聞倍優arwin
643,黑人,黑人牙膏
644,黑人牙膏,黑人牙膏
645,黑松 HeySong,黑松heysong
646,黑松,黑松heysong
647,微星 MSI,微星科技msi
648,微星科技 MSI,微星科技msi
649,msi 微星,微星科技msi
650,愛力,愛力根
651,愛力根,愛力根
652,adidas 愛迪達,愛迪達adidas
653,adidas,愛迪達adidas
654,愛迪達 adidas,愛迪達adidas
655,愛恩富 ANF,愛恩富anf
656,愛恩富,愛恩富anf
657,愛華,愛華aiwa
658,愛華 aiwa,愛華aiwa
659,愛爾康,愛爾
660,愛爾曼,愛爾
661,愛爾,愛爾
662,愛維他,愛維他lovita
663,Lovita愛維他,愛維他lovita
664,新生,新生活純鮮乳品
665,新生活純鮮乳品,新生活純鮮乳品
666,新普利 Simply,新普利simply
667,新普利,新普利simply
668,極淨適,極淨
669,極淨,極淨
670,BANDAI,萬代bandai
671,bandai,萬代bandai
672,旺德 WONDER,萬能媽媽wonder
673,旺德 Wonder,萬能媽媽wonder
674,萬能媽媽 WONDER MAMA,萬能媽媽wonder
675,Balzano,義大利balzano
676,義大利Balzano,義大利balzano
677,義美,義美
678,義美生醫,義美
679,StClare 聖克萊爾,聖克萊爾st.clare
680,St.Clare 聖克萊爾,聖克萊爾st.clare
681,惜時 SEEDS,聖萊西seeds
682,聖萊西 Seeds,聖萊西seeds
683,YSL 聖羅蘭,聖羅蘭ysl
684,YSL 伊夫·聖羅蘭,聖羅蘭ysl
685,詩芙儂 Sofnon,詩芙儂sofnon
686,Sofnon 詩芙儂,詩芙儂sofnon
687,SHISEIDO 資生堂國際櫃,資生堂shiseido
688,資生堂 SHISEIDO,資生堂shiseido
689,SHISEIDO 資生堂東京櫃,資生堂shiseido
690,資生堂,資生堂shiseido
691,SHISEIDO 資生堂,資生堂shiseido
692,SHISEIDO MEN,資生堂shiseido
693,農會牌,農會
694,農會,農會
695,Dr.Hsieh 達特醫,達特醫dr.hsieh
696,Dr.Hsieh達特醫,達特醫dr.hsieh
697,Dr.Hsieh,達特醫dr.hsieh
698,歌林 kolin,歌林kolin
699,歌林 KOLIN,歌林kolin
700,歌林,歌林kolin
701,歌林 Kolin,歌林kolin
702,熊寶貝 SNUGGLE,熊寶貝snuggle
703,熊寶貝,熊寶貝snuggle
704,瑪宣妮,瑪宣妮macherie
705,瑪宣妮 MACHERIE,瑪宣妮macherie
706,瑪恩吉 MONGE,瑪恩吉monge
707,瑪恩吉 Monge,瑪恩吉monge
708,Crabtree＆Evelyn 瑰柏翠,瑰柏翠crabtree&evelyn
709,CRABTREE 瑰柏翠,瑰柏翠crabtree&evelyn
710,瑰柏翠,瑰柏翠crabtree&evelyn
711,福壽 FUSO Pets,福壽fusopets
712,福壽 FUSO,福壽fusopets
713,綠手指 Green Finger,綠手指greenfinger
714,Green Finger,綠手指greenfinger
715,GREEN 綠的,綠的green
716,綠的 GREEN,綠的green
717,綠的,綠的green
718,綠的Green,綠的green
719,green,綠的green
720,綠野鮮食Health Extension,綠野鮮食healthextension
721,綠野鮮食 Health Extension,綠野鮮食healthextension
722,綠藤生機 Greenvines,綠藤生機greenvines
723,綠藤生機,綠藤生機greenvines
724,維他露P,維他露p
725,維他露,維他露p
726,Victoria's Secret 維多利亞的秘密,維多利亞的秘密victoria'ssecret
727,維多利亞的秘密,維多利亞的秘密victoria'ssecret
728,蓓昂斯 BYPHASSE,蓓昂斯byphasse
729,BYPHASSE 蓓昂斯,蓓昂斯byphasse
730,Bioré,蜜妮biore
731,蜜妮 Bioré,蜜妮biore
732,蜜妮,蜜妮biore
733,蜜妮Biore,蜜妮biore
734,Biore 蜜妮,蜜妮biore
735,蜜葳特 Melvita,蜜葳特melvita
736,Melvita 蜜葳特,蜜葳特melvita
737,Helena Rubinstein 赫蓮娜,赫蓮娜helenarubinstein
738,HR 赫蓮娜,赫蓮娜helenarubinstein
739,Ziaja 齊葉雅,齊葉雅ziaja
740,ZIAJA,齊葉雅ziaja
741,DMS 德妍思,德妍思dms
742,德妍思,德妍思dms
743,德律風根 Telefunken,德律風根telefunken
744,德律風根,德律風根telefunken
745,德記,德記洋行taittea
746,德記洋行 TAIT TEA,德記洋行taittea
747,Dr. Hauschka 德國世家,德國世家dr.hauschka
748,德國世家 Dr. Hauschka,德國世家dr.hauschka
749,BIONEO 德國百妮,德國百妮bioneo
750,德國百妮,德國百妮bioneo
751,德國達麗Dalli,德國達麗dalli
752,德國達麗 dalli,德國達麗dalli
753,DERMAL,德瑪dermal
754,DERMAL 德瑪,德瑪dermal
755,慕之恬廊 mustela,慕之恬廊mustela
756,Mustela,慕之恬廊mustela
757,Mustela 慕之恬廊,慕之恬廊mustela
758,慧心 SmartHeart,慧心貓糧smartheart
759,慧心貓糧 SmartHeart,慧心貓糧smartheart
760,摩斯,摩斯漢堡mos
761,摩斯漢堡 MOS,摩斯漢堡mos
762,摩爾思 mores,摩爾思mores
763,摩爾思,摩爾思mores
764,數位新貴 DigiKing,數位新貴digiking
765,數位,數位新貴digiking
766,樂天,樂天lotte
767,樂天 Lotte,樂天lotte
768,樂天 LOTTE,樂天lotte
769,Lotte樂天,樂天lotte
770,Lotte,樂天lotte
771,樂米亞,樂米larmi
772,樂米 LARMI,樂米larmi
773,樂金 LG,樂金lg
774,樂金,樂金lg
775,O'Keeffe's 歐肌膚,歐肌膚o'keeffe's
776,O’Keeffe’s 歐肌膚,歐肌膚o'keeffe's
777,歐坷蔓 alkmene,歐坷蔓alkmene
778,alkmene 歐坷蔓,歐坷蔓alkmene
779,歐芮坦,歐芮坦orita
780,歐芮坦ORITA,歐芮坦orita
781,歐客佬 OKLAO,歐客佬oklao
782,歐客佬,歐客佬oklao
783,歐斯恩,歐斯恩oceanique
784,歐斯恩 Oceanique,歐斯恩oceanique
785,歐舒丹 L'OCCITANE,歐舒丹l'occitane
786,歐舒丹,歐舒丹l'occitane
787,L'OCCITANE 歐舒丹,歐舒丹l'occitane
788,歐萊德 Oright,歐萊德o'right
789,歐萊德,歐萊德o'right
790,O'right 歐萊德,歐萊德o'right
791,潔芬 Jie Fen,潔芬jiefen
792,潔芬,潔芬jiefen
793,潘柔 PANROSE,潘柔panrose
794,PANROSE 潘柔,潘柔panrose
795,PON PON MAN 澎澎Man,澎澎ponponmanman
796,澎澎,澎澎ponponmanman
797,StriVectin 皺效奇蹟,皺效奇蹟strivectin
798,StriVectin,皺效奇蹟strivectin
799,Freshel 膚蕊,膚蕊freshel
800,FRESHEL 膚蕊,膚蕊freshel
801,蔻蘿蘭 klorane,蔻蘿蘭klorane
802,蔻蘿蘭,蔻蘿蘭klorane
803,CeraVe 適樂膚,適樂膚cerave
804,CeraVe適樂膚,適樂膚cerave
805,NUXE 巴黎歐樹,黎可詩nuxe
806,NUXE 黎可詩,黎可詩nuxe
807,澤井,澤井
808,澤井咖啡,澤井
809,澳克騎士 Ivory Coat,澳克騎士ivorycoat
810,澳克騎士 IVORY COAT,澳克騎士ivorycoat
811,Blackmores 澳佳寶,澳佳寶blackmores
812,Blackmores澳佳寶,澳佳寶blackmores
813,AUS LIFE 澳思萊,澳思萊auslife
814,澳思萊 AUS LIFE,澳思萊auslife
815,澳潔蕬,澳潔蕬ausganica
816,澳潔蕬 Ausganica,澳潔蕬ausganica
817,璞草園,璞草園grange
818,璞草園 GRANGE,璞草園grange
819,璞莉可,璞莉可boutique
820,BOUTIQUE 璞莉可,璞莉可boutique
821,興波咖啡 Simple Kaffa,興波咖啡simplekaffa
822,興波咖啡,興波咖啡simplekaffa
823,LOGONA 諾格那,諾格那logona
824,諾格那 LOGONA,諾格那logona
825,貓戀人,貓戀人honeycat
826,貓戀人 HONEY CAT,貓戀人honeycat
827,MUMCHIT,默契mumchit
828,MUMCHIT默契,默契mumchit
829,優生,優生usbaby
830,優生 US baby,優生usbaby
831,優柏 EUPA,優柏eupa
832,優柏,優柏eupa
833,優活力,優活
834,優活,優活
835,優格 TOMA-PRO,優格toma-pro
836,優格TOMA-PRO,優格toma-pro
837,戴森 DYSON,戴森dyson
838,戴森 Dyson,戴森dyson
839,DELL 戴爾,戴爾dell
840,戴爾Dell,戴爾dell
841,爵士貓吧 BBUY,爵士貓吧bbuy
842,爵士貓吧,爵士貓吧bbuy
843,聯想 Lenovo,聯想lenovo
844,Lenovo 聯想,聯想lenovo
845,聯碩,聯碩lenso
846,聯碩 LENSO,聯碩lenso
847,聲寶 Sampo,聲寶sampo
848,聲寶,聲寶sampo
849,聲寶 SAMPO,聲寶sampo
850,L'ERBOLARIO 蕾莉歐,蕾莉歐l'erbolario
851,蕾莉歐 L’ERBOLARIO,蕾莉歐l'erbolario
852,蕾莉歐,蕾莉歐l'erbolario
853,VICHY 薇姿,薇姿vichy
854,VICHY薇姿,薇姿vichy
855,VANICREAM 薇霓肌本,薇霓肌本vanicream
856,薇霓肌本 VANICREAM,薇霓肌本vanicream
857,鍋寶 CookPower,鍋寶cookpower
858,鍋寶,鍋寶cookpower
859,韓波俐,韓波俐hanboly
860,韓波俐 Hanboly,韓波俐hanboly
861,韓國2080,韓國2080
862,2080,韓國2080
863,韓國 LACTO,韓國歐紳osner
864,韓國 CJ,韓國歐紳osner
865,韓國422Inc,韓國歐紳osner
866,韓國不倒翁,韓國歐紳osner
867,韓國歐紳 OSNER,韓國歐紳osner
868,曜越 Luna,曜越luna
869,曜越 Tt eSPORTS,曜越luna
870,Lavender Cottage 薰衣草森林,薰衣草森林lavendercottage
871,薰衣草森林,薰衣草森林lavendercottage
872,藍帶 LV PRIMEBLUE,藍帶廚坊lvprimeblue
873,LCB藍帶廚坊,藍帶廚坊lvprimeblue
874,藍寶 BLAUPUNKT,藍寶blaupunkt
875,藍寶,藍寶blaupunkt
876,Fresh 馥蕾詩,馥蕾詩fresh
877,Fresh Line,馥蕾詩fresh
878,魏大夫 VF,魏大夫vf
879,VF魏大夫,魏大夫vf
880,ForBelovedOne 寵愛之名,寵愛之名forbelovedone
881,ForBelovedOne寵愛之名,寵愛之名forbelovedone
882,寵愛物語,寵愛物語petstory
883,寵愛物語 pet story,寵愛物語petstory
884,羅蜜歐 Romeo,羅密歐
885,微繫時光 Romeo L.,羅密歐
886,羅密歐 ROMEO,羅密歐
887,羅密歐,羅密歐
888,羅蜜歐 Romel L,羅密歐
889,麗仕,麗仕lux
890,麗仕 LUX,麗仕lux
891,麗克特 récolte,麗克特recolte
892,麗克特 recolte,麗克特recolte
893,麗克特,麗克特recolte
894,麗奇 REACH,麗奇reach
895,麗奇,麗奇reach
896,Neobio 麗柏有機,麗柏有機neobio
897,麗柏有機 Neobio,麗柏有機neobio
898,麗美盛,麗美盛
899,麗美,麗美盛
900,寶多福,寶多福petlife
901,統一寶多福 Petlife,寶多福petlife
902,PSK 寶絲汀,寶絲汀psk
903,PSK 深海美肌專家,寶絲汀psk
904,寶僑,寶僑ariel
905,Ariel,寶僑ariel
906,Persil,寶瀅persil
907,寶瀅Persil,寶瀅persil
908,EAU 耀,耀eau
909,耀 EAU,耀eau
910,EAU耀,耀eau
911,蘇菲,蘇菲娜sofina
912,SOFINA 蘇菲娜,蘇菲娜sofina
913,蘋果 Apple,蘋果西打apple
914,蘋果西打,蘋果西打apple
915,贏 IN-Plus,贏in-plus
916,贏 IN-PLUS,贏in-plus
917,L'EGERE 蘭吉兒,蘭吉兒l'egere
918,LEGERE 蘭吉兒,蘭吉兒l'egere
919,LANCÔME 蘭蔻,蘭蔻lancome
920,LANCOME 蘭蔻,蘭蔻lancome
921,la lune 蘭韻,蘭韻lalune
922,蘭韻,蘭韻lalune
923,露遊 Treewalker,露遊treewalker
924,Tree Walker,露遊treewalker
925,TREEWALKER,露遊treewalker
926,AHC,ahc
927,A.H.C,ahc
928,ALLEGRINI,allegrini
929,Allegrini,allegrini
930,Amino Mason,amino
931,Amino,amino
932,Apieu,apieu
933,A'PIEU,apieu
934,APRILSKIN,aprilskin
935,Aprilskin,aprilskin
936,Arcticpet,arctic
937,ARCTIC,arctic
938,Aroma zone,aroma
939,Aroma,aroma
940,A Star,astar
941,A-Star bones,astar
942,AVALON ORGANICS,avalonorganics
943,AVALON,avalonorganics
944,Be quiet,bequiet
945,be quiet,bequiet
946,BHK’s,bhk's
947,BHK's,bhk's
948,BONE,bone
949,BonePlus,bone
950,Bowwow,bowwow
951,BowWow,bowwow
952,CatFeet,catfeet
953,CATFEET,catfeet
954,cheers,cheers
955,CheersJelly,cheers
956,chicco,chicco
957,Chicco,chicco
958,CHICCO,chicco
959,CLOVER,clover
960,Clover,clover
961,cocodor,cocodor
962,Cocodor,cocodor
963,Combo,combo
964,COMBO,combo
965,Converse,converse
966,CONVERSE,converse
967,Cooler Master,coolermaster
968,COOLER MASTER,coolermaster
969,Corona,corona
970,CORONA,corona
971,DOMO,domo
972,Domo,domo
973,ECOS,ecostore
974,ecostore,ecostore
975,ETUDE HOUSE,etudehouse
976,Etude House,etudehouse
977,ETUDE奧斯卡,etudehouse
978,e.l.f.,ezlife
979,EZlife,ezlife
980,FARLIN,farlin
981,Farlin,farlin
982,FARM STAY,farmstay
983,Farm stay,farmstay
984,Go!,go!
985,GO!,go!
986,honey,honeysuckle
987,HONEYSUCKLE,honeysuckle
988,InfoThink,infothink
989,infoThink,infothink
990,John Masters Organics,johnmastersorganics
991,john masters organics,johnmastersorganics
992,Jo Malone,jomalone
993,JO MALONE,jomalone
994,Kirin,kirin
995,KIRIN,kirin
996,lestar,lestar
997,Lestar,lestar
998,loshi,loshi
999,Loshi,loshi
1000,LOTUS,lotus
1001,Lotus,lotus
1002,Lucky,lucky
1003,LUCKY,lucky
1004,Lumina 露蜜,lumina
1005,Lumina beauty care,lumina
1006,LUNA,luna
1007,LUNASOL,luna
1008,MAGICOM,magicom
1009,Magicom,magicom
1010,MAMA,mama
1011,MAMA BUTTER,mama
1012,mamalove,mama
1013,Mandom Beauty,mandom
1014,MANDOM,mandom
1015,mod’s hair,mod'shair
1016,mod's hair,mod'shair
1017,More,more
1018,morelife,more
1019,Natural balance,naturalbalance
1020,Natural Balance,naturalbalance
1021,Naturals,naturalsbywatsons
1022,Naturals by Watsons,naturalsbywatsons
1023,NOR.,nor.
1024,North Field,nor.
1025,NUBY,nuby
1026,Nuby,nuby
1027,ONE amadana,oneamadana
1028,One amadana,oneamadana
1029,Pascual,pascual
1030,PASCUAL,pascual
1031,PETIO,petio
1032,Petio,petio
1033,Polarstar,pola
1034,POLA,pola
1035,PONY,pony
1036,PONY MEMEBOX,pony
1037,R.O.C.S.,r.o.c.s
1038,R.O.C.S,r.o.c.s
1039,Royal Unibrew,royalunibrew
1040,royal unibrew,royalunibrew
1041,SARAYA,saraya
1042,saraya,saraya
1043,She's,she's
1044,she's,she's
1045,So Good,sogood
1046,SO GOOD,sogood
1047,SPARKEAU,sparkeau
1048,Sparkeau,sparkeau
1049,Sukin,sukin
1050,sukin,sukin
1051,TIDE,tide
1052,Tide,tide
1053,Too Cool For School,toocoolforschool
1054,too cool for school,toocoolforschool
1055,Too cool for school,toocoolforschool
1056,VISEE,viseeavant
1057,Visée AVANT,viseeavant
1058,vita,vita
1059,VITA,vita
1060,Vitabox,維他盒子vitabox
1061,維他盒子,維他盒子vitabox
1062,VV,vv
1063,Viridis virus,vv
1064,美聯社,vv
1065,元氣,vv
1066,WADAKAN,八甲田wadakan
1067,八甲田,八甲田wadakan
1068,WEDAR,薇達wedar
1069,薇達,薇達wedar
1070,YR,葉璐芝yr
1071,葉璐芝,葉璐芝yr
1072,Yvonne Collection,yvonnecollection
1073,yvonne collection,yvonnecollection
1074,Za,za
1075,ZA,za
1076,\u200eD-UP,D-UP
1077,D-UP,D-UP
1078,日立 HITACHI,日立
1079,日立 ITACHI,日立
1080,日清,日清
1081,日清 NISSIN,日清
1082,日虹,日虹
1083,日虹牌,日虹
1084,統欣生技,統欣生技
1085,統欣生物科技,統欣生技
1086,Dr. 藝群,Dr.藝群
1087,Dr.藝群,Dr.藝群
1088,Pure Beauty,PURE BEAUTY
1089,PURE BEAUTY,PURE BEAUTY
1090,益瑞昇,益瑞昇
1091,愛瑞雅,益瑞昇
1092,麥斯威爾 Maxwell,卡夫亨氏
1093,卡夫亨氏,卡夫亨氏
