,name,brand,momo,shopee
15,歐規床包專區床包長度200cm60支精梳棉無印良品ikea尺寸多款可選100精梳棉台灣製造,Other,None,0
138,inomodel5小捶按摩槍筋膜槍,Other,None,0
536,台灣現貨露營中毒本鋪地墊地布防潮墊野餐墊帳篷墊天幕露營盛源地墊300x300,Other,None,0
635,台灣新格sgcb八段式水槍花灑水槍低壓水軟水園藝用水槍汽車美容洗車水管水槍可調節式水槍,Other,None,0
637,tweety直立吸塵器配件hepa濾網崔弟手持吸塵器適hclyt168sc8076買樂購,Other,None,0
754,cec桶裝水專用水嘴登山露營野營烤肉燒烤水桶5公升礦泉水悠遊戶外台灣製造,Other,None,0
794,stives聖艾芙杏桃身體磨砂膏283g臉部潔面磨砂膏170g去角質洗面乳ddbs,Other,None,0
1034,pro22000電動牙刷,Other,None,0
1074,鴻運雙晶球薄荷香菸紫綠,Other,None,0
1287,新日本肯特香菸榛香7號,Other,None,0
1360,canadadry薑汁汽水355,Other,None,0
1366,hukuku福可速淨擦鞋濕巾12抽,Other,None,0
1977,一度贊酸菜豬肉袋,Other,None,0
2074,雲摩爾xs香菸藍8毫克,Other,None,0
2127,sgs認證無石棉珪藻土軟地墊硅藻土軟性地墊藻土地墊軟式珪藻土地墊硅藻土地墊哇藻地墊珪藻土軟地墊特大,Other,None,0
2146,grunersee濟州島熔岩海水精華面膜10片盒裝,Other,None,0
2248,jen秋冬棉加絨床單被套枕套組,Other,None,0
2251,molijia魔力家m20不鏽鋼分離式快煮壺19l木紋款by011020,Other,None,0
2271,鴻嘉源k652段12mm肌肉筋膜按摩槍附10顆按摩頭原廠保固超強高w馬達筋膜槍按摩槍肌肉放鬆交換禮物,Other,None,0
2346,探露客地墊地布防潮墊野餐墊帳篷墊天幕露營盛源地墊300x300,Other,None,0
2482,雲摩爾長支藍香,Other,None,0
2564,enchen映趣traveller便利攜帶充電式隨身防水電動刮鬍刀,Other,None,0
2690,solonekt專屬訂製斜角暈染刷he07,Other,None,0
2695,laura1010aaonething護唇膏,Other,None,0
2860,新雲摩爾xs香菸銀20支,Other,None,0
2909,olivia60支100天絲素色三件式枕套床包組solidcolor多色任選雙人,Other,None,0
2962,台灣皇珵特級精釀白醬油300ml,Other,None,0
3293,rasasi拉莎斯約旦王與王妃一見傾心定情款romance一見鍾情茉莉沉香百百純精油15ml,Other,None,0
3324,bonbonnaturel雪尼爾刺繡宮廷花卉地墊6090cm多種款式可挑選,Other,None,0
3469,comfort深呼吸珪藻土地墊礫石灰603909cm,Other,None,0
3703,麗髮苑flora韓式豔彩補色洗髮精100ml體驗瓶紫紅色渣女色hmc韓國補色洗髮精增豔洗髮精沙龍品牌,Other,None,0
3746,韓國klavuuph克拉優平衡潔面卸妝棉100片卸妝保濕清潔現貨,Other,None,0
3881,ng福利品媽咪小站有機棉布套不含床墊與枕芯,Other,None,0
3946,infinlin彩色甲油膠095128冬季系列深透系列碎鑽系列蹦迪膠甲油膠晶采暢貨官方商店,Other,None,0
4150,橫鋼316不銹鋼陶瓷保溫杯750mlhg367,Other,None,0
4244,buttersugar,Other,None,0
4312,xigmatek富鈞xk100有線usb文書遊戲中文鍵盤鍵盤滑鼠組鍵鼠組雷雕隨插即用注音,Other,None,0
4604,佳斯捷潛水艇生生活水箱53l台灣製造可手提露營外出儲水箱,Other,None,0
4921,彩娜野薑花沐浴乳2000ml,Other,None,0
5054,speed快速出貨多功能按摩貼迷你按摩貼頸部按摩器舒緩按摩肩頸按摩放鬆肩頸按摩器頸椎貼脈衝按摩,Other,None,0
5527,pocox3pro6gb128gb667吋八核心手機幻影黑,Other,None,0
5604,新雲摩爾xs長支香菸藍,Other,None,0
5692,合同酒造名地雞尾酒350ml青森蘋果風,Other,None,0
5794,wat氣泡雞尾酒330ml檀島凍檸茶,Other,None,0
6007,dc美食台灣現貨韓國binggrae水果牛奶哈密瓜牛奶蜜桃荔枝牛奶香蕉牛奶草莓牛奶韓國水果牛奶,Other,None,0
6041,fugubeauty無線溫熱手部按摩器三色情人節溫熱按摩器推薦手部保養穴道按摩氣壓按摩熱敷氣囊,Other,None,0
6127,香檸蜜柚冷萃咖啡,Other,None,0
6142,arvohome北歐沙發套可拆洗鬆緊帶全包覆沙發套高彈力柔軟舒適沙發套單人雙人三人沙發座椅套素色,Other,None,0
6229,現貨群聚newtouch凄麵京都背脂酱油味青森魚乾博多濃厚豚骨千葉竹岡拉麵函館鹽味千千推薦泡麵,Other,None,0
6402,雲摩爾長支藍單,Other,None,0
6703,附發票東欣monsa夢娜麗莎咖啡因生薑養髮液125ml無患子咖啡因健髮洗髮露500ml妍選,Other,None,0
6750,柯夢脫單icebar,Other,None,0
6799,被說愛七彩夜燈香薰加溼器台灣現貨水氧機香薰機水霧香芬機交換禮物生日,Other,None,0
6915,含稅附發票皇家保鮮盒特大k2016密封盒保鮮盒儲物盒水果盒乾貨盒食品盒夢想百貨,Other,None,0
6942,pro33d電動牙刷粉色,Other,None,0
7013,288193tw哈哈辣豆瓣450g,Other,None,0
7038,關健時刻healthymoment漢方食補80克皮毛養護餐1入狗貓副食罐,Other,None,0
7154,129摩爾藍,Other,None,0
7241,bowflex啞鈴組,Other,None,0
7251,日本masalia瑪莎利亞使眼色眼部按摩器la4501em,Other,None,0
7336,歐洲barwa大地滋養髮膜120ml馬尾草,Other,None,0
7349,canadadry經典汽水,Other,None,0
7406,博士倫boston博視頓舒潤液10ml硬式隱形眼鏡專用隱形眼鏡藥水角膜塑型片,Other,None,0
7412,drlimi超吸水魔力珪藻土地墊大二入組櫻花款,Other,None,0
7503,美國熱銷卡通barbie兒童牙線棒36入,Other,None,0
7589,外送費20220201b0pfbart,Other,None,0
7666,加拿大鳳梨奶昔ipa啤酒473ml,Other,None,0
7814,歐洲barwa高效舒敏天然皂190g,Other,None,0
7957,pocom4pro5g活力黃6g128g,Other,None,0
7967,39摩爾藍8mg,Other,None,0
8440,zott水果優格150g,Other,None,0
8504,蒂芬妮亞深層煥白親膚卸妝棉30片,Other,None,0
8586,沒有牛燕麥奶原1000m,Other,None,0
8804,樂司帶勁運動保溫瓶650ml銀白,Other,None,0
8845,酪農戶限定鮮乳萬丹1857ml瓶,Other,None,0
8869,bonbonnaturel北歐簡約素色超彈力沙發套三人座190230cm之間適用多款花色可挑選,Other,None,0
9281,崙背鮮乳,Other,None,0
9397,外送費20220205dqruabar,Other,None,0
9418,keepfit科普菲石墨烯氣囊腰部按摩器熱敷按摩7檔按摩3段溫控熱敷,Other,None,0
9671,新賣場開幕現貨優惠韓國直進孔劉kanu最新迪士尼disney米奇米妮保溫杯,Other,None,0
10222,天府牌豆瓣醬,Other,None,0
10796,台灣秒發貨電子發票買1送1抖音爆紅xixi防水防汗眼線液筆不暈染眼線筆彩色防水防油超抗暈眼線不脫妝,Other,None,0
11002,台北現貨台達暴力風扇16a08a大風量3900轉3400轉附螺絲挖礦風扇12cm礦機風扇礦架,Other,None,0
11123,黛琍居家dailyhome台灣現貨最新一代彩光淡皺美頸儀超音波導入美容瘦臉儀彩淡紋頸紋頸部按摩儀,Other,None,0
11259,6號登山扣20mm皮套指南針礦泉水瓶扣快掛瓶扣滿額送台灣現貨,Other,None,0
11282,玻璃油膜清潔濕巾玻璃前擋風玻璃玻璃防霧濕巾玻璃油膜濕巾清洗劑去油污清洗汽車用品汽車濕巾黃小鴨,Other,None,0
11590,台灣現貨小米有品品敬聲波電動牙刷杜邦刷毛成人牙刷家用牙刷細毛牙刷軟毛牙刷電動牙刷,Other,None,0
12168,世界go日本原裝近江兄弟omi高保濕超保濕滋潤維他命潤澤護手霜乳霜145g,Other,None,0
12361,雲摩爾xs香菸長支紅10毫克,Other,None,0
12479,耀哥商城康朵艾草香柏淨化沐浴露500ml,Other,None,0
13046,單身狗炙燒小羔羊肉條75g搖搖粉,Other,None,0
13764,infinlin彩色甲油膠001045白黑乳白牛乳正紅甲油膠凝膠晶采暢貨官方商店,Other,None,0
13815,全省免運法國依雲evian天然水歐洲版500mlx24瓶依雲折價卷飯店會議批發登山,Other,None,0
13980,特價2件99台灣製造護手霜櫻花檀香山茶花美容保養台灣製造芙玉寶台灣現貨電子發票團購批發聊聊,Other,None,0
13996,actuel密封保鮮盒長型115l長202x寬132x高70mm,Other,None,0
14418,山姆百貨romano男性香精經典潤膚沐浴乳700g檀香,Other,None,0
14442,dahoo專業用三合一光療卸甲油180ml,Other,None,0
14524,現貨moemi萬毛牙刷微奈米12000根靈巧刷頭磨尖刷絲刷感舒適,Other,None,0
14631,歐洲barwa森呼吸潤髮乳200ml米萃,Other,None,0
14815,佳味食品客家鹹湯圓320g,Other,None,0
14893,youus櫻花氣泡飲特價2511170td,Other,None,0
14910,日本黑髮極限毛髮賦活精華explus升級版50mlx2瓶贈黑淬絲漢方豐盈洗髮精x1瓶網,Other,None,0
14943,台灣現貨vinimay日式鵪鶉蛋殼膠蛋殼膠美甲用品12ml甲油膠台灣代理商公司貨色膠v002,Other,None,0
15168,pocom34g128g冷酷藍,Other,None,0
15289,canmake新晶燦指甲油n11n20官方直營美滿堂beautyfull,Other,None,0
15494,亞尼活力血紅素鐵b12複方膠囊食品懷孕產後補鐵葉酸400微克,Other,None,0
15594,特賣fulexskyn富力士保險套衛生套柔潤輕柔10入盒2款任選特賣,Other,None,0
15879,圓韓國meowow貓chupa啾愛肉泥貓肉泥系列40g4入,Other,None,0
15984,世界go韓國postoreoos奧利奧棉花糖巧克力球巧克力麥片草莓棉花糖250g限定款,Other,None,0
15993,旺旺生活貓薄荷球貓草球高壓製成貓薄荷薄荷球貓零食貓主子最愛貓咪用品木天蓼貓草,Other,None,0
16098,colourfancier鏡面光感指甲油琉璃幻彩12mlch03,Other,None,0
16198,n011974548nikeryz365ii男女孫芸芸老爹鞋休閒鞋cu487410us10奶油白,Other,None,0
16302,去你的油光隨身蜜粉餅,Other,None,0
16461,laura1010aadal智慧校色bb霜,Other,None,0
16519,台灣24h現貨tds水質檢測筆水質檢測安心用水水族水質檢測飲用水實驗室軟水硬水淨水水族,Other,None,0
16648,perixx佩銳銳鍵512有線人體工學注音鍵盤,Other,None,0
16742,鴻運紫綠雙晶球薄荷香菸8毫克,Other,None,0
16788,699501m雲摩爾xs香菸藍20ps,Other,None,0
16797,lemonsolo軟式硅藻土速乾吸水地墊1入lmv110長方粉黛石紋,Other,None,0
16870,bodhi環保tpe折疊瑜珈墊加厚6mmsgs認證雙色正反面易辨識清潔摺疊瑜伽墊紫灰,Other,None,0
17013,熊媽媽嚴選康水工坊超真空精密骨瓷保溫杯搶貨組,Other,None,0
17131,ddnikeairforce1全白鐵牌dd8959100男cw2288111,Other,None,0
17239,韓國everlock316不鏽鋼巨無霸保鮮盒,Other,None,0
17327,喵玩國hojja賀家100純粹野味貓咪凍乾零食柳葉魚雞肉,Other,None,0
17418,新日本肯特ssspark晶球涼菸5號,Other,None,0
17742,多功能瑜珈墊通過sgs認證10mm超厚瑜珈墊加厚瑜珈墊nbr瑜珈墊瑜伽墊瑜珈軟墊royal御皇居,Other,None,0
17863,北歐風水果熱紅酒香料包鍋煮奶茶微醺露營聖誕禮物日月潭鍋煮奶茶,Other,None,0
17864,日本inomata麵條專用微波保鮮盒1100ml,Other,None,0
17983,瑞士moncross英國藍全球限量鍋具組,Other,None,0
18001,草地狀元即食舒肥雞胸肉,Other,None,0
18164,barwa親膚液體皂500ml水感柔嫩,Other,None,0
18590,medicare輕巧隨行溫感按摩枕五十度灰,Other,None,0
18604,bowflex啞鈴組,Other,None,0
18716,慈光bb原味水餃沾醬145ml,Other,None,0
18724,新雲摩爾xs香菸藍,Other,None,0
18839,tna悠遊食補系列喵喵待補手作零食30克護眼枸杞葉黃素好口氣蕎麥綠茶爆毛鱉蛋粉貓零食,Other,None,0
19066,c099600495missdior花漾迪奧香體蜜粉,Other,None,0
19169,2021新款上市blackgears黑設ht6trio微型低功率電暖器,Other,None,0
19176,樸樂烘焙材料法國cacaobarry可可巴芮100純苦巧克力可可鈕扣分裝適合生酮,Other,None,0
19248,zott德國原味經典優格,Other,None,0
19457,petroyal新鮮達人低鹽天然小魚乾量販包380g鮮達人重量級貓零食丁香魚乾優豆低鹽小魚乾,Other,None,0
19627,藤澤商事fujisawa天然蟹肉絲400g大包裝犬貓皆可食用,Other,None,0
19645,王子麵包超人拉拉褲m583包箱,Other,None,0
19704,loyano羅亞諾316陶瓷層保溫杯550ml700mlsgs認證保溫杯保溫瓶運動瓶陶瓷保溫杯,Other,None,0
19830,被說愛木質溫控無水香薰夜燈台灣現貨usb燈擴香儀無水擴香小夜燈ledusb充電交換禮物生日禮,Other,None,0
20383,大象生活館開發票永用牌直立式3層溫風式烘碗機mit台灣製造10人份fc3012,Other,None,0
20474,新淨安10吋udf7one英國purolite食品級離子交換樹脂濾心淨水器過濾器使用台灣製造mt115,Other,None,0
20498,eat大阪王將水餃沾醬100ml,Other,None,0
20632,歐洲barwa米粹純淨柔嫩美肌皂100g,Other,None,0
20680,110043271e3327acerka272bi螢幕1msfsyncips,Other,None,0
20915,actuel密封保鮮盒長型35l長293x寬148x高120mm,Other,None,0
21057,慈光bb原味水餃沾醬145ml,Other,None,0
21519,lemonavc粉低分子膠原蛋白粉,Other,None,0
21760,新日本肯特ssspark晶球涼菸1號,Other,None,0
21784,台灣皇珵特級純釀造濃口醬油420ml,Other,None,0
21805,合同酒造名地雞尾酒350ml宮崎柑橘風,Other,None,0
21886,毛孩王美國柏克深海滋養無榖鮮魚白鮭鷹嘴豆藍莓2kg貓糧,Other,None,0
21898,優田簡帽輕巧恆溫吹風機tg1100,Other,None,0
22075,鮮醇果榨洋梨調酒,Other,None,0
22087,cleanmate保馳潔掃地機cmfi5n,Other,None,0
22155,歐洲colabo清檸柑橘淡雅香氛組,Other,None,0
22175,歐洲barwa森呼吸洗髮精300ml啤酒花,Other,None,0
22207,南湖工藝黃大仙開光麒麟踩八卦黃銅純銅麒麟踩八卦一對化煞擋煞門對門樑煞現貨當天出貨,Other,None,0
22248,minipro行動無水精油香氛機mp1999隨身免加水擴香器,Other,None,0
22282,關注再折bleachlondon補色洗髮精矯色洗髮精現貨開發票英國製gina小米推薦染燙,Other,None,0
22290,正品電子發票澳洲eaoron水光水化妝水容量120ml,Other,None,0
22300,drdeer在台現貨出zeesea滋色控油粉餅埃及蜜粉餅定妝持久控油防水修容埃及粉餅,Other,None,0
22360,maruman兒童音波電動牙刷1p粉,Other,None,0
22371,mojito不銹鋼真空保溫杯辦公杯360mltkjoc36,Other,None,0
22388,歐洲barwa奢華spa綠橄欖香氛皂190g,Other,None,0
22400,愛康抗菌衛生棉夜用加長型33cm6片,Other,None,0
22471,中化製藥中化green綠的抗菌沐浴乳1000ml洋甘菊百里香玫瑰木綠茶精油鳶尾花精萃檸檬香蜂草,Other,None,0
22480,sunsilk晴絲洗髮乳抗屑專用650ml兔雜tuzha,Other,None,0
22561,500nu00000741洗可麗洗衣精優惠折讓,Other,None,0
22579,jx三色遮瑕膏四色遮瑕膏奶霜粉底15g32g20ghelpbuykr商城旗艦館,Other,None,0
22610,agatha法國時尚名媛氣墊粉餅2123spf50pa,Other,None,0
22635,現貨熱銷clear淨去屑系列洗髮乳進口版男士女士650g,Other,None,0
22681,ayllonthenorthface男版北臉經典前後logo款短tee,Other,None,0
22709,poketle極致輕便保溫瓶120mlpoketle,Other,None,0
22834,哈哈豆瓣450g,Other,None,0
22863,棉床本舖精梳棉素色三件式枕套床包組奶茶極簡生活純色台灣製加大,Other,None,0
22883,728357m爽啤罐裝330ml,Other,None,0
22901,每朝s119益生菌粉末包30入加強身體保護力,Other,None,0
22914,1372133955新雲摩爾xs藍8mg,Other,None,0
22961,skii青春露330ml最新效期至2024年正統公司貨神仙水,Other,None,0
23081,lajoie喬依思130x70cm大床嬰兒鬆綁帶床包,Other,None,0
23160,薄雪萊雪山山脈底鈉鹼性離子水6200ml,Other,None,0
23174,stives聖艾芙潤膚乳液621ml款式可選身體乳液膠原蛋白燕麥酪梨pq美妝,Other,None,0
23187,區禾乃川無糖純濃黃豆漿大,Other,None,0
23214,madcatzrat6光學電競滑鼠金屬機械科技重機,Other,None,0
23218,家樂氏日式水果穀片348g嚴選果實,Other,None,0
23240,n011877298adidasoriginals男camo長袖上衣fm3357m黑,Other,None,0
23329,白蘭陽光洗衣粉425kg,Other,None,0
23357,韓國innisfree妝自然眉筆自然眉型雙頭旋轉眉筆03g梨花跑跑妞,Other,None,0
23367,新雲摩爾xs香菸銀,Other,None,0
23427,hoppi純水嬰兒濕紙巾100抽組媽媽愛用嬰兒手口濕巾抽取式加厚純水柔濕巾99純edi水24小時出貨台灣現貨,Other,None,0
23444,hukuku福可速淨擦鞋濕巾小白鞋專用12抽包擦鞋清潔濕巾運動鞋清潔濕巾清潔擦拭濕巾,Other,None,0
23469,10蝦幣回饋含稅價pocox3pro8gb256gb667吋八核心手機6g128g,Other,None,0
23539,韓國膳府太陽草辣椒醬170g韓購網,Other,None,0
23604,arvohome現貨日系雙色床包被套四件組親膚裸睡水洗加工復古質感工業風中性床包組撞色被套組,Other,None,0
23664,獨家mofii無線鍵盤滑鼠組candyxr混彩藍混彩粉馬卡龍鍵鼠組正版公司貨享保固迪特軍獨家款,Other,None,0
23704,innisfree新版自然眉型雙頭旋轉眉筆05深棕色,Other,None,0
23720,chlepochchemicalcolorbarrel拼接單支螢光筆05mm彩色筆,Other,None,0
23751,4908049359454fancl魔法泡泡潔顏粉日本百貨版50g,Other,None,0
23765,肯特ss風味晶球涼,Other,None,0
23768,日本正負零0除濕機xqjc010白,Other,None,0
23776,代收代付澳洲glasshouse阿馬爾菲海霧香氛蠟燭380g,Other,None,0
23785,拭拭樂蝦皮聯名款銀離子抗菌濕巾80抽x12包箱現貨蝦皮直送,Other,None,0
23795,韓國petitbird竹纖維防水保潔防尿墊大象一家可愛模樣100x130cm,Other,None,0
23825,金壕營養多補乳酸菌錠50粒,Other,None,0
23841,美安卸妝棉莫蒂膚溫和卸妝棉新包裝,Other,None,0
23849,富郁床墊4d透氣豪華獨立筒床墊12cm35尺單人4d白底咖啡邊627顆彈簧,Other,None,0
23859,妙而舒妙兒褲褲型紙尿褲尿布4包購指定尺寸加碼贈10片mlxl花王旗艦館,Other,None,0
23861,紐麥福保久乳1000ml12瓶組網,Other,None,0
23895,健康優選原廠現貨新效期2024年上市生技寶齡富錦pbf護衛寶益生菌制酸逆流附電子發票,Other,None,0
23900,日本肯特ss風味晶球涼菸1號統倉,Other,None,0
23931,台灣製造mit拭拭樂超大超厚酒精濕紙巾擦拭巾60抽10抽抗菌除菌酒精殺菌ozc0059,Other,None,0
23961,樂倍黑酵母貓飼料單一肉源蟲蛋白400g15kg無穀高含肉量低敏天然糧低碳水abo,Other,None,0
24086,雲摩爾xs紅,Other,None,0
24090,edish304不鏽鋼翻蓋直飲咖啡保溫杯,Other,None,0
24104,徐若瑄代言選品生活屋碧歐斯超能煥白滲透水美白化妝水保濕化妝水保濕美白化妝水淡化暗沉化妝水,Other,None,0
24113,映趣刮鬍刀3代3d浮動刀頭小米有品電動刮鬍刀剃鬚刀電鬍刀映趣3刀頭小米有品刮鬍刀,Other,None,0
24273,barrack09日系黑燈柱14螺牙雲台版吊掛式螺牙式雙功能日系燈柱燈架,Other,None,0
24315,翔仔居家tencel天絲床包被套組ballo多尺寸薄鋪棉被套任選超取有寄送限制請參閱說明,Other,None,0
24387,奇異廚房醇鮮風乾犬糧原野牧牛60g,Other,None,0
24398,奧利多玻璃瓶190ml,Other,None,0
24455,bkubee專業卸甲,Other,None,0
24464,hared有把手杯450ml雙層玻璃杯真空保溫杯保溫隔熱杯高硼矽星巴克交換禮物生日,Other,None,0
24520,日本肯特號,Other,None,0
24576,蝦幣回饋72免運萬國電鍋6人份aq6s9002鋁合金中鍋110vaq6s保固三年含稅價,Other,None,0
24605,jway無線三合一塵螨吸塵器jysv01m官方原廠濾網配件選購,Other,None,0
24707,hata日本傳統彈珠汽水200ml,Other,None,0
24736,durex杜蕾斯超薄裝保險套12入盒超薄設計令你無拘無束超薄天然橡膠衛生套公司貨現貨蝦皮直送,Other,None,0
24740,莫希托冰結旅途調酒,Other,None,0
24796,peripera官方直營捲翹睫毛膏定型膠持久定型不垂塌,Other,None,0
24809,skywalker高精度24gusb無線滑鼠光學感應舒適手感10m傳輸即插即用超長待機bsmi認證,Other,None,0
24860,領券最高折330adidasth99commwvjk男裝外套連帽休閒刷毛拉鍊口袋黑運動世界he7401,Other,None,0
24922,24小時出貨郵寄免運超取一瓶30元兩瓶免運最新鮮效期20240905hamaya瑞士頂級藍山即溶咖啡,Other,None,0
24969,speed思批得明洞涼感衛生棉mdmmd衛生棉後宮涼感衛生棉涼感衛生棉日用量少量多夜用護墊,Other,None,0
25022,n011912635nike女365tight緊身褲瑜珈褲m黑,Other,None,0
25046,whimzees唯潔六角長條型潔牙骨超值包s,Other,None,0
25066,台灣現貨當天出貨升級版德爾瑪手持無線吸塵器vc20plus德爾瑪吸塵器小米吸塵器無線吸塵器手持吸塵器,Other,None,0
25083,kobarucolorbarrel串接標記筆圓頭11色單賣正版原廠代理日本文具螢光筆馬克筆筆記,Other,None,0
25106,聊議饅饅家fitbitversa3gps智慧手錶免持通話心率防水語音回覆高續航手錶公司貨,Other,None,0
25131,magickeyboardtouchidtwe,Other,None,0
25162,escodaartesa2132flatbrushpony西班牙皇筆水彩排刷畫刷馬毛排刷板刷,Other,None,0
25185,laura1010aaforencos裸妝腮紅,Other,None,0
25213,赫緻狗罐放牧火雞80g,Other,None,0
25232,pocom4pro5g冷酷藍6g128g,Other,None,0
25255,tiarew百科霖隱形眼鏡舒潤液日本製,Other,None,0
25281,qrious奇瑞斯可吞嚥含氟兒童牙膏草莓or黃金柚1入防蛀牙乳牙適用1000ppm單氟磷酸鈉益生菌紫錐花,Other,None,0
25283,新鴻運雙晶球薄荷香菸紫x綠,Other,None,0
25297,n012452651skechers女慢跑系列srrproresistance台灣獨賣款慢跑鞋88888338nvpkus85藍粉,Other,None,0
25345,香檸蜜柚冷萃咖啡20220213b7mg4ymp,Other,None,0
25414,永生花擴香瓶香格里拉浮游花無火香氛室內擴香乾燥花芳香劑臥室廁所除臭,Other,None,0
25490,土耳其eyuptuncersabri七效合一玫瑰水350ml4入,Other,None,0
25518,愛貓超粗螺紋顆粒保險套12片,Other,None,0
25575,超商免運台灣出貨爆富招財劫財貓麒麟臂劫財貓招財貓劫財裝飾擺件巨手臂風水招財春節擺飾開幕送禮,Other,None,0
25593,幫寶適一級幫嬰兒紙尿褲日本境內版m號52片20220205q9w7afi2,Other,None,0
25632,美孕佳卵磷脂金賞益菌乳,Other,None,0
25761,median93強效淨白去垢牙膏韓國強效護理牙膏敏感性牙齒潔白牙齒改善口臭牙齦護理抗菌牙膏arz,Other,None,0
25769,14001111411美國pressebybobble手沖咖啡保溫杯六色雪橇紅,Other,None,0
25796,now精油現貨100純精油藍膠尤加利薰衣草檸檬香茅香茅迷迭香雪松胡椒薄荷甜橙柑桔檸檬,Other,None,0
25802,科士威milduragold卡布其諾白咖啡2合1無添加糖,Other,None,0
25803,dong美祿麥芽牛奶散賣賣場198ml罐好市多早餐點心調味乳保久乳麥芽飲品飲品雀巢milo,Other,None,0
25804,bf甲油膠茶棕栗棕純色光撩膠甲油膠byfunme彩色甲油膠a20美甲材料nailsmall,Other,None,0
25805,多格漫犬用hello起司條6入72g,Other,None,0
25833,sui潔顏前導美肌蛋組品牌旗艦店,Other,None,0
25852,snowpeak雪峰鑄鐵鍋攜行袋28cmcs420br,Other,None,0
25859,misyaber大頭護唇膏4g經典口紅學生口紅復古口紅乳木果油蜜絲雅柏護唇膏有色亮光蜜絲雅柏嘴唇乾裂,Other,None,0
25879,英國梵提曼櫻桃樹可樂275ml3入,Other,None,0
25926,精英livaxe四核零分貝迷你電腦n37004g64gwin10pro,Other,None,0
25937,422airfryeraf7l氣炸烤箱白色,Other,None,0
25958,珪藻之家瞬吸珪藻土年度熱銷瘋狂回饋組勁,Other,None,0
25970,免運昇級版杰強劍靈iii雷雕注音電競鍵盤滑鼠組8鍵加強遊戲usb鍵盤usb滑鼠usb鍵鼠組,Other,None,0
25980,台糖燕麥片原味免煮素食500g,Other,None,0
26031,光華商場飛鴻數位二手商品免運保固一個月nsswitch一般版主機電力加強版,Other,None,0
26110,風雅小舖keepfit小腿按摩器小腿按摩機腿部按摩機腿部按摩器美腿機美腿按摩機氣壓按摩熱敷台灣現貨,Other,None,0
26117,台灣品牌infinlin考試檢定可卸彩色甲油膠095128號色蹦迪膠碎鑽膠甲油膠色膠b127,Other,None,0
26139,微峰澎眉dotdotbabyshock高顯色雙頭眉筆03g,Other,None,0
26145,mycolor保鮮盒圓形瀝水盒密封盒露營廚房2入l106,Other,None,0
26151,毛孩王原野優越天然貓糧無穀貓糧14磅6kg全系列原包裝,Other,None,0
26209,蒂芬妮亞胺基酸深層卸妝乳180ml,Other,None,0
26220,年末特惠出清搬運工韓國celefitbella絕美腮紅貝拉腮紅單色腮紅單顆腮紅腮紅盤,Other,None,0
26277,yoshi時尚奶茶色迷你版眼影刷,Other,None,0
26299,alfaparf金鑽水晶滋養液亞麻籽油50ml贈積雪草滋養菁油13mlsunq,Other,None,0
26312,護蕾ducray控油舒敏洗髮精基礎型養髮健絲洗髮精400ml巴黎丁,Other,None,0
26332,鴻運風味雙晶球薄荷香菸紫綠8號20支包10包條,Other,None,0
26335,一度贊酸菜豬肉麵190g桶190g1桶,Other,None,0
26342,cattyman貓用三等星不粘餐碗朱紅,Other,None,0
26376,寵樂toastcatcombo北大西洋鮭魚點心棒食6種口味7入貓肉條貓零,Other,None,0
26409,arcobar廚房刀具三件組櫻花限量版akbs0301,Other,None,0
26429,岱思夢柔絲棉薄被套鋪棉兩用被套單人雙人超細纖維超取有出貨限制請參閱說明,Other,None,0
26460,可集點可刷卡分期領券再折30有發票宅配免運幫寶適一級幫拉拉褲褲型幫寶適smlxlxxl,Other,None,0
26471,歐洲barwa森呼吸洗髮精300ml亞麻籽,Other,None,0
26476,附發票日本原裝naturactor娜拉兒粉底蓋斑膏20g,Other,None,0
26486,韓國petitbird竹纖維防水保潔防尿墊粉紅兔及迷你兔可愛模樣,Other,None,0
26493,幫寶適pampers一級幫彩盒版紙尿褲尿布mlxl公司貨可集點宜兒樂,Other,None,0
26527,360去漬王牙刷牙刷硬毛牙刷小頭牙刷竹炭牙刷小刷頭牙刷成人牙刷細毛牙刷護齦抗菌黃小鴨生活百貨,Other,None,0
26548,korithesaem完美遮瑕液tipconcealer遮瑕修容痘疤黑眼圈暗沉pony大推得鮮,Other,None,0
26585,專櫃小樣現貨電子發票6款可選植村秀覆盆子全能奇蹟植物精萃櫻花柚子抹茶潔顏油50ml,Other,None,0
26592,代收代付avon雅芳潔容霜160g橘子洗面乳潔顏霜小紅帽美妝npro,Other,None,0
26642,崙背鮮乳936ml,Other,None,0
26723,herhees赫希詩放大眼雙效持色眼線筆兩色濃密黑濃茶棕最不暈的眼線筆雙頭眼線液眼線膠筆零零特,Other,None,0
26784,現貨預購firstaidbeautyultrarepaircream超驚人修復全能慕斯強效修復霜,Other,None,0
26828,現貨宅配免運有發票刷卡20瓶含運最低360元台鹽海洋鹼性離子水850ml,Other,None,0
26855,新品kao花王clearcleannexdent牙膏120g蘋果薄荷,Other,None,0
26928,solone2650色愛麗絲異想追逐魅惑單色眼影62色可選gali美妝批發,Other,None,0
26933,日本製資生堂kuyura保濕美肌沐浴乳550ml粉瓶藍瓶花果香草本香資生堂沐浴乳二款可選,Other,None,0
26946,大木之子幼兒乳酸菌粉2g30包,Other,None,0
26948,圓石禪飲teabar便當紅厚奶,Other,None,0
26961,唯潔whimzees荷蘭天然潔牙骨牙刷型輕量裝21ozm狗零食潔牙骨,Other,None,0
26993,凱蒂娃娃顯色柔和10色眼影盤蜜桃甜,Other,None,0
27117,卡朵fj1負離子香氛保濕水氧機型號llfj001,Other,None,0
27127,年前優惠預購han妞韓國periperainkvelvet奶瓶唇釉霧面唇釉絲絨唇釉口紅nude,Other,None,0
27139,peachlife現貨天竺棉女孩床包組粉色系純棉床組床包被套枕套無印風格簡約素色兩用被套柔軟舒適床包,Other,None,0
27147,youfone廚房冰箱透明蔬果收納瀝水保鮮盒三件組,Other,None,0
27178,八味養生鋪光泉營養牛乳200ml巧克力牛乳低脂高鈣牛乳黑芝麻牛乳珍穀堅果牛乳高鈣牛乳蝦皮團購,Other,None,0
27310,乳之初鮮奶優格,Other,None,0
27338,現貨e發票瑞士製硬紙盒curaprox酷瑞絲牙刷公司貨牙刷界的愛馬仕cs5460兒童牙刷q寶寶,Other,None,0
27377,perixx德國佩銳無線人體工學垂直滑鼠perimice715ii現貨蝦皮直送,Other,None,0
27385,innisfreedinotaeng聯名款無油光天然薄荷礦物控油蜜粉dino升級款黑盒,Other,None,0
27388,伙拼市集高彈力萬用真心簡單彈性柔軟沙發套單人雙人三人沙發套沙發罩椅套全包巴芙洛,Other,None,0
27400,藥晴亮點眼液15ml盒,Other,None,0
27459,憶馨吶一口機能貓零食全系列貓咪肉丁貓咪點心貓鮮食貓點心貓咪食品貓零食貓奴必備台灣本產,Other,None,0
27536,韓貨王韓國sanga益生菌sanga益生菌sanga排便順暢30入加強新包裝調整體質,Other,None,0
27550,峰味萃晶球工藝香菸,Other,None,0
27554,coway櫥下型免電ro逆滲透淨水器p160l舊換新再送1000禮券含到府基本安裝一年保固現貨免運,Other,None,0
27596,yunmi復古靜音鍵盤滑鼠組圓鍵有線鍵盤懸浮式鍵盤炫光鍵盤,Other,None,0
27653,良泉桃級蔭油膏,Other,None,0
27674,cfly木奇家居英雄坐臥兩用紓壓椅現貨免運辦公椅電腦椅網椅按摩椅人體工學椅躺椅子升降椅旋轉椅高背椅會議椅書桌椅,Other,None,0
27678,opure臻淨日本進口除濕輪負離子清淨除濕機d2d1升級版日本式除溼輪,Other,None,0
27767,全省免運法國依雲evian天然礦泉水1000mlx12瓶公司貨正貨,Other,None,0
27800,毛寶補充包天然椰子油植物性洗衣精2kg包洗淨柔軟芳香一次完成,Other,None,0
27806,自然零蔓越莓優酪,Other,None,0
27822,凱蒂娃娃單色腮紅12草莓汽水6g,Other,None,0
27828,otcsato視朗點眼液15ml,Other,None,0
27920,s歐維氏大bar榛子45g,Other,None,0
27921,eeyans依妍熹賦活超導面膜5片保濕28ml片,Other,None,0
27946,flexnow關立固加強型加d軟膠囊200粒裸罐裝乳油木果萃取維生素d3會去除瓶身批號,Other,None,0
27983,barilla筆尖麵73號500g500g,Other,None,0
27989,台灣現貨健美創研植物精粹護手霜30g滋潤保濕防乾裂護手乳,Other,None,0
28007,11stbbia魅雅新款謬斯女神完美唇膏20色lastlipstick謬斯唇膏現貨速寄,Other,None,0
28038,熱門商品御方院養生原味滴雞精1包60ml包經濟包裝無外盒cp值最高挑戰市場最低價現貨,Other,None,0
28078,teamson美國動物造型l幼稚園兩用兒童露營睡袋河馬,Other,None,0
28094,andesbiomicron環狀光觸媒空氣清淨機淨化機bms611at,Other,None,0
28111,現貨美安健髮fixx健髮雙效洗髮乳公司貨現貨,Other,None,0
28112,愛康抗菌衛生棉量少型19cm9片,Other,None,0
28135,blackrouge三色修容打亮餅10ghelpbuykr商城旗艦館,Other,None,0
28208,三矢日本果物柚子蘇打,Other,None,0
28221,jpgo日本進口小林製藥sawaday室內擴香瓶居家香氛70ml,Other,None,0
28253,許慶良鮮乳瓶商品券5010瓶,Other,None,0
28310,噶瑪蘭ginamptonic琴通寧調酒320ml,Other,None,0
28315,威哥寵物用品健康時刻潔牙骨寵的食堂潔牙骨單支裝狗零食,Other,None,0
28316,團銷原018三十日衛生棉1入,Other,None,0
28324,代收代付奇奇文具五月花110抽抽取式衛生紙1箱72包,Other,None,0
28359,全aviercolormix電風扇,Other,None,0
28440,honkusb手持吸塵器hk6019車用吸塵器小型吸塵器,Other,None,0
28464,醫立明點眼液15ml盒,Other,None,0
28498,峰味萃晶球工藝香菸7毫克20支,Other,None,0
28550,korijxprofessional四色遮瑕盤三色遮瑕膏打亮pony推薦遮瑕jx湯奶霜遮瑕韓國,Other,None,0
28562,印尼加樂系列椰奶椰漿kara加樂椰漿新創兆百貨椰漿粉椰粉,Other,None,0
28593,台灣外銷nbr加厚10mm加長瑜珈墊長183寬61公分贈可背式收納繩束帶四色可選健身墊運動墊fitek健身網,Other,None,0
28633,健康高級矯正牙刷h91,Other,None,0
28665,萬倍富2館hojja賀家100純粹野味貓咪凍乾零食雞肉柳葉魚干貝,Other,None,0
28701,rita美妝lauramercier蘿拉蜜思保濕潤色美妝蜜1ml效期2023年12月10電子發票,Other,None,0
28710,美國goldenbrands大豆蠟gw444適用於容器蠟燭等製作,Other,None,0
28734,actuel四面扣長方形耐熱玻璃保鮮盒17x124x59cm630ml,Other,None,0
28740,歐娜西斯onacis原廠公司貨5g受損平衡洗髮精受損髮膜250ml500ml1000ml,Other,None,0
28789,東洋雞汁鹽味碗麵,Other,None,0
28801,herowatch24g兒童智慧手錶寶貝實聯制自己掃,Other,None,0
28805,wb全穀片特價309,Other,None,0
28826,smf骨瓷保溫杯握把款475ml雙色可選,Other,None,0
28852,法瑪仕e位性舒膚沐浴乳400ml,Other,None,0
28868,鴻運雙晶球薄荷香菸紫,Other,None,0
29009,日本onedaybrightener身體粉底液一般型粉120ml,Other,None,0
29012,ng盒損newtouch凄麵京都背脂酱油味青森魚乾博多濃厚豚骨千葉竹岡拉麵函館鹽味千千推薦泡麵,Other,None,0
29094,歐妮醬葉黃素潔牙骨250g,Other,None,0
29177,瑪德蓮烘焙法國cacaobarry100可可膏糰鈕扣型,Other,None,0
29178,naturallyjojo摩達客推薦素色精梳棉卡其床包組雙人加大662尺,Other,None,0
29232,koyo藝妓卸妝棉,Other,None,0
29358,bonbonnaturel北歐印染超彈力沙發套三人座多款花色可挑選,Other,None,0
29901,樂廚碳烤風味舒肥雞胸,Other,None,0
29917,護理師推薦mg癢癢手掰掰嫩白修護霜,Other,None,0
30144,ll塑品保鮮盒99,Other,None,0
30168,新款濃密上架搬運工mude纖長睫毛膏睫毛膏彩妝部落客推薦濃密睫毛膏mude防水睫毛膏聖誕禮物,Other,None,0
30330,speed快速出貨u型電動按摩枕震動按摩器肩頸按摩器頸部按摩器頸椎按摩器電動按摩器頸椎按摩按摩枕,Other,None,0
30487,atctpu組合充氣床墊75cm單人款a賣場多色可選車床tpu充氣床露營旅遊必備悠遊戶外,Other,None,0
30687,peipay現貨xixi透明浮雕九色眼影盤,Other,None,0
30773,覓me口袋迷你折疊風扇隨身手持風扇超長續航超強勁風適用於夏季旅行出遊出國辦公室usb充電電風扇,Other,None,0
30785,pocox3pro6gb128gb667吋八核心手機冰霜藍,Other,None,0
30832,岡山名山辣豆瓣醬,Other,None,0
30859,ehrmann水果優格野莓,Other,None,0
30877,銀立潔奈米銀絲ag除氯除菌浴室用淨水器yu317,Other,None,0
30930,victoria備長炭記憶床墊單人厚8cm362尺8公分,Other,None,0
31043,匯豐是拉差香甜辣椒醬17oz,Other,None,0
31261,9款膳魔師兒童吸管學習杯保溫杯250350mlfhi250fhv250fhv350fhifhv,Other,None,0
31335,韓媽clio完美塑眉自動眉筆兩色韓國眉筆排行榜冠軍no1,Other,None,0
31459,antec安鈦克signature1300w白金全模全日系可串接設計智慧溫控風扇10年保固電源原價屋,Other,None,0
31461,colourfancier砂礫指甲油漠金褐石12ml,Other,None,0
31728,蜜粉一般包裝上架han妞韓國periperateteum聯名款陽光腮紅眼線液筆蜜粉peripera腮紅,Other,None,0
31801,infinlin可卸彩色甲油膠046094蹦迪膠碎鑽膠星空膠金箔膠裸色膠甲油膠ruru的美甲私藏貨,Other,None,0
32213,新雲摩爾xs長支紅20支,Other,None,0
32327,日本肯特榛香7號,Other,None,0
32544,attblf法國百年蠟燭廠自然儀式系列香氛蠟燭180g,Other,None,0
32677,歐洲barwa大地修護髮膜120ml黑蕪菁,Other,None,0
32722,theragunprime智慧型衝擊式按摩槍代理商公司貨,Other,None,0
33083,jielien柔軟不破裂珪藻土地,Other,None,0
33107,免運有發票可刷卡10倍蝦幣箱購evian依雲礦泉水500ml24瓶愛維養依雲水進口礦泉水,Other,None,0
33130,granolahouse脆萃纖楓糖胡桃燕麥片300g包,Other,None,0
33185,chacha美國限時折扣mac絲柔粉霧唇釉5ml990998991989,Other,None,0
33596,台灣超商免運聖誕交換禮物爆富招財劫財貓過年佈置新年佈置麒麟臂春節裝飾麒麟臂劫財貓暴富招財貓貓招財,Other,None,0
33632,粉星巴克隨行風扇,Other,None,0
33650,frenchic繁星香頌香氛精油004英國橡樹與紅醋栗10ml,Other,None,0
33669,大好屋台灣現貨金色系花材春節新年花藝乾燥花永生花小蒲葵葉麥穗百萬星麒麟草八角花小米果富貴葉,Other,None,0
33671,鴻運雙晶球薄荷香菸紫x綠,Other,None,0
34101,comfort復古立體花磚珪藻土優雅藍603909cm,Other,None,0
34139,代收代付ibleairvidam1頸掛式負離子空氣清淨機經典編織45cm德瑞健康家,Other,None,0
34189,hukuku福可速淨擦鞋濕巾12抽小白鞋專用小三美日ds002463,Other,None,0
34283,theragunpro智慧型衝擊式按摩槍代理商公司貨,Other,None,0
34418,紐西蘭sistema微波蒸煮保鮮盒24l,Other,None,0
34730,新鴻運雙晶球薄荷香菸紫x綠英美,Other,None,0
35040,emco莓果脆穀片375g,Other,None,0
35108,736067海霸王甲天下蛋餃8入90g,Other,None,0
35321,solonekt專屬訂製鼻影暈染刷hf03,Other,None,0
35582,barbie2入兒童牙刷2入,Other,None,0
35739,ecmill葉片暖器,Other,None,0
35769,全省免運法國依雲evian礦泉水330mlx48瓶共2箱公司貨正貨愛維養飯店高爾夫球,Other,None,0
35877,熱銷主打買就送晶工牌105l溫熱全自動開飲機飲水機淨水機jd3688庫c1網,Other,None,0
35915,111102241b08廣寰c500電競機械鍵盤星際傳奇版usb,Other,None,0
35918,寶瀛康素康健配方3公斤3000g管灌奶粉4袋免運亞培桂格雀巢超取1包為限,Other,None,0
36102,一杯起冷萃綠茶氣泡雞尾酒330ml,Other,None,0
36299,新雲摩爾xs長支香菸紅,Other,None,0
36320,玻璃防霧濕巾玻璃油膜濕巾油膜清潔濕巾玻璃前擋風玻璃清洗劑去油污清洗汽車用品汽車濕巾黃小鴨生活百貨,Other,None,0
36627,金龍希少糖壽喜燒醬,Other,None,0
37117,699502雲摩爾xs香菸藍20ps10,Other,None,0
37400,ktnetsb1900soundbar電視家庭影音藍芽喇叭,Other,None,0
37633,合同酒造名地雞尾酒350ml沖繩鳳梨風,Other,None,0
37734,pikapika日本清酒晶瑩亮白精華50ml,Other,None,0
37819,韓國滿意度第一名drseed柔敏香氛洗髮精韓星girlsday朴素珍機智醫生柳演錫代言推薦多件優惠,Other,None,0
37849,10ml漸變滾裝瓶滾裝瓶彩色珠光滾裝瓶多特瑞doterra彩色珠光漸變精油滾珠瓶分裝瓶,Other,None,0
38014,下殺超優惠台灣現貨熱銷乾衣機小藍摺疊烘衣機110v便攜式乾衣機烘衣機迷你烘衣機小藍免安裝fb熱銷,Other,None,0
38019,oriks奢華珍珠賦活bb霜35ml效期20221023介意者請勿下單促銷品不退不換,Other,None,0
38039,背面加寬後背包專用男女連身雨衣一體式雨衣雨衣防風雨衣加長旅行者2代防水收納袋orgsd2030h,Other,None,0
38068,雲摩爾xs香菸1毫克,Other,None,0
38323,超特價歐覓正品第三代動力升級電動蒜泥機料理機usb充電食物調理機攪肉機碎肉機蒜泥器切菜器,Other,None,0
38419,七里香泰式檸檬舒肥雞胸肉90g,Other,None,0
38595,新品上市530750ml不鏽鋼吸管式保溫杯tyeso運動健身杯密封防漏倒放不漏環保水杯,Other,None,0
38913,現貨紐西蘭人氣香氛蠟燭雪松混調系blend極簡半圓thearomatherapyco居家香氛蠟燭,Other,None,0
39048,蘿莉塔娜氣泡水大玻璃1l,Other,None,0
39090,n012676864adidasmhfleecept女刷毛運動長褲gr3740l黑,Other,None,0
39091,usb充電三檔強力雪花迷你風扇電扇夏天必備小風扇現貨當天出貨刀鋒,Other,None,0
39108,arvohome有機舒眠被套4件組素色床包組美式工業風鬆緊床包雙人加大民宿飯店莫蘭迪色系裸睡,Other,None,0
39139,免運inoxjodo小鹿碰吉君口袋按摩槍筋膜槍,Other,None,0
39169,安心芙蓉沐浴露芙蓉艾草檀香三效合一500ml瓶,Other,None,0
39573,傅樂樂真心推薦韓國miraclecare奇蹟護理萃蘆薈精華液500ml,Other,None,0
39755,雲摩爾淡菸8毫克單,Other,None,0
39760,免運蝦皮代開發票好奇濕紙巾系列,Other,None,0
39950,slappleipadair109吋wifi64g灰myfm2taa,Other,None,0
40056,gl長型玻璃保鮮盒,Other,None,0
40082,現貨舒潔100抽科克蘭kirkland120抽五月花130抽衛生紙丹丹生活館,Other,None,0
40442,沒有牛燕麥奶膳食纖維配方,Other,None,0
40736,hashtag雙色玩美持色指甲油奶味漿果,Other,None,0
40832,欣小妞琉璃花生琉璃發生好事發生好事花生開花富貴開運擺件開運花生財源滾滾長壽多福招財開運吉祥物,Other,None,0
40849,3770008167087beauterra竹子清香沐浴油750ml,Other,None,0
41002,vap三折折疊藍牙鍵盤,Other,None,0
41144,yflife圓方air3plus奈米光觸媒負離子雙效空氣清淨機殺菌除塵蹣pm25分解甲醛實驗室證明,Other,None,0
41438,m86p01眼彩刷231,Other,None,0
41553,colourfancier指甲油爵士闇黑12ml,Other,None,0
41797,新雲摩爾xs香菸紅20支,Other,None,0
41899,金大器極厚5cm輕量化備長炭記憶棉床墊接受訂做3m吸濕排汗技術表布多規格學生宿舍外宿族單人雙人加大,Other,None,0
41933,嘉莉美妝紋繡美甲材料solone天生激纖長睫毛膏1入,Other,None,0
41939,白金珍璽隔離霜,Other,None,0
41950,源色香氛精油三件,Other,None,0
41981,1stplayer首席玩家dk50rgb有線中文金屬上蓋高特軸一年保固鍵盤原價屋,Other,None,0
41983,戀家小舖枕頭可水洗qq枕軟q有彈性防潑水表布車格設計台灣製熱銷推薦透氣枕頭床包枕芯,Other,None,0
41991,mocchiskin吸附型黑炭潔顏慕斯150ml瓶身受損瑕疵不影響內容物,Other,None,0
41999,skii即期品上質光晶透柔潤保養粉餅蕊95g330效期202207專櫃公司貨,Other,None,0
42013,樂益活潔牙棒,Other,None,0
42053,日本partyplazatokyo日系珪藻土地墊sgs認證60x40cm吸水加厚加大矽藻硅藻不含石綿,Other,None,0
42069,即期優惠現貨韓國孔劉代言kanu最新單一地區豆耶加雪菲蘇門答臘熱帶系列50入盒裝咖啡美式保溫瓶組,Other,None,0
42097,lifecode夜行星20版二房一廳超大48人帳篷夜晚會反光,Other,None,0
42123,小馬兒奇哥天然胺基酸洗衣精罐裝,Other,None,0
42212,家樂氏kelloggs陽光樂活大燕麥片800gx1包,Other,None,0
42218,n011797736英國waxlyrical居家系列no6烏木茉莉jasmineoudwood香氛蠟燭190g,Other,None,0
42226,台灣現貨caraz四摺地墊全新代購韓國公司貨免關稅,Other,None,0
42292,grabgreenstoneworks香氛洗衣球50球植物性深層清潔去污適he標準洗衣機彤彤小舖,Other,None,0
42327,barilla經典羅勒青醬190g190g,Other,None,0
42362,日本和膳肉泥條6款口味量販組14gx60入裝添加抹茶消臭炭烤柴魚片乳酸菌貓零食d002m11,Other,None,0
42380,7394376618239瑞典oatly巧克力燕麥奶1000ml到期日2022412,Other,None,0
42405,代收代付wifi256gappleipadmini683吋2021第六代平板電,Other,None,0
42412,canmake輕紗亮澤修容餅官方直營現貨蝦皮直送,Other,None,0
42416,arwin雅聞倍優現貨開發票lpa亮白藍銅保濕緊緻面膜玫瑰胜肽幼嫩金面膜亮白細勻淨7款可混搭,Other,None,0
42544,sng香醇新萃咖啡185ml,Other,None,0
42548,愛康抗菌衛生棉夜用型28cm7片,Other,None,0
42568,kanoodleskanoodles韓國玄米潔牙棒170g袋裝零食耐咬潔牙降低牙結石,Other,None,0
42573,高帽子柔光指甲油15ml,Other,None,0
42585,w店barkeeperfriend去污粉,Other,None,0
42606,氧顏森活保濕調理深層卸妝棉12抽,Other,None,0
42622,日本花王kao兒童牙膏70g三,Other,None,0
42639,天天益生菌3入愛舒視10入體驗組,Other,None,0
42659,即期品買1送1dejavu就是不暈柔霜眼膠筆純亮棕效期2022630,Other,None,0
42694,日本canmake花漾戀愛修容組花瓣腮紅霧面啞光南瓜珠光腮紅亞貿購物趣電子發票,Other,None,0
42705,純棉天然不刺激柔軟上市露營中毒本鋪北緯23度3d床墊專用雙人床包逗點可用北緯床套透點床套床包床套,Other,None,0
42765,zott德國水果優格150g,Other,None,0
42783,789917日本premium福島白桃沙瓦35,Other,None,0
42827,少年狼啤酒,Other,None,0
42954,小日常寢居超暖柔抗寒法蘭絨床包單人雙人加大兩用被套毯組鋪棉暖暖被多款任選全台獨家花色,Other,None,0
42996,瑪德蓮烘焙法國cacaobarry72委內瑞拉苦甜調溫巧克力鈕扣型,Other,None,0
43013,自然美瑞昇超細緻胺基酸淨潤潔面乳單入ob員購,Other,None,0
43076,懶惰姐減醣美食研究社台灣味榮無添加無加糖醬職人醬油蔭油減鹽醬油膏蔭油露純釀造蔭油膏非基改,Other,None,0
43142,bartolini動物造型五色義大,Other,None,0
43152,歐洲barwa綠橄欖滋養柔膚美肌皂100g,Other,None,0
43175,歐妮醬三藻合一潔牙骨250g,Other,None,0
43200,德國wmf快力鍋快閃回饋秒殺組,Other,None,0
43223,代收代付agape亞加貝綠翊盎然mit舒柔棉雙人5尺三件式薄床包組5b,Other,None,0
43230,代收代付piyo黃色小鴨乳牙用幼童用牙刷1入新高橋藥局2款可選,Other,None,0
43242,t518鴻運香菸lucky雙晶球薄荷香菸紫綠7毫克條,Other,None,0
43254,微軟1850無線行動滑鼠全系列共七色現貨不要再問了非靜音滑鼠確認後再下單,Other,None,0
43284,韓國unleashia顏礫星涯輕擁絨霧唇釉45g梨花跑跑妞,Other,None,0
43298,日本partyplazatokyo日系珪藻土地墊sgs認證60x40cm5色任選吸水加厚加大矽藻硅藻不含石綿,Other,None,0
43354,康水工坊真空彈蓋骨瓷保溫杯2入組亞麻粉極光藍溫暖特組傳承千年工藝高密度骨瓷無毒健康網,Other,None,0
43454,日本mosh溫控電水壺mek1br棕電水壺,Other,None,0
43473,bargogo不鏽鋼網杓大,Other,None,0
43536,casestudiapplewatch745mmprismart錶殼,Other,None,0
43578,現貨泰國公雞醬130g甜雞醬塑膠瓶,Other,None,0
43595,代收代付韓國median93強效淨白去垢牙膏120g升級版四款可選多重護理牙膏,Other,None,0
43613,debalets小巴黎香水淨化平衡洗髮精法式優雅450ml,Other,None,0
43661,健人館ec冰藍blink高水分隱形眼鏡潤濕液10ml,Other,None,0
43664,14001354918比利時alpro原味椰奶1l全素到期日2022314,Other,None,0
43671,旺旺生活danlo好棒棒狗零食犬零食寵物零食寵物肉條狗狗點心狗快餐狗肉條狗狗肉條牛肉條台灣產,Other,None,0
43780,w小妖精金色愛爾啤酒,Other,None,0
43790,svr法國詩芙雅芙適敏滋潤乳液清爽型400ml瓶,Other,None,0
43825,n011534889美國homedics家醫震動式冷熱敷多功能按摩機srhhp255h,Other,None,0
43842,mammut長毛象ayakoprohshoodedjacketafgtx防水連帽外套日落紅女款101027560網路限定款,Other,None,0
43858,speed升級12頭按摩枕多功能按摩枕多功能按摩器車用按摩枕家用按摩枕肩頸按摩枕肩頸按摩器,Other,None,0
43922,赫緻狗罐火雞肉佐嫩筋南瓜80g,Other,None,0
43954,自然美瑞昇樂呼吸複方精油01雙瓶組自營員購ob,Other,None,0
44047,鼓風機吹塵器牧田款車用吸塵器吹灰除塵器森森機具一年保固鋰電吹風機大功率工業車載吹吸兩用,Other,None,0
44057,好厝邊麵包超人牙刷0315歲孩童專用幼童牙刷幼兒牙刷顏色隨機出貨,Other,None,0
44168,日本肯特ss風味晶球涼菸5號,Other,None,0
44217,median93強效淨白牙膏韓國牙膏牙膏防護抗菌口臭淨白牙膏牙周護理p1033,Other,None,0
44229,德國arfum紡優美頂級16週芳香3效合1洗衣凝膠球42顆罐裝清新海洋深藍色洗衣膠囊有香香豆效果,Other,None,0
44248,區禾乃川無糖純濃黃豆漿小,Other,None,0
44262,greenpharmacy天然玫瑰花薑緊緻活膚保濕乳,Other,None,0
44365,台灣現貨天天寄枕邊玩物gellas單頭眼線筆臥蠶筆眼影棒啞光珠光粗頭圓筆臥蠶筆wcb16160676,Other,None,0
44374,亞培特特級乾狗糧雞肉口味35kg包35kg包,Other,None,0
44428,abba白藥保濕蘆薈糖蜜豐厚洗髮精946ml任選網,Other,None,0
44452,花王attackbio高活性酵素洗衣粉24g單包阿志小舖,Other,None,0
44455,荷那法蕊萊法耶蒔蘿均衡髮浴綠翠雅洗髮精200ml500mlnaturia巴黎丁,Other,None,0
44598,優個兒lgg益生菌優酪乳草莓950ml950ml,Other,None,0
44681,新雲摩爾xs紅,Other,None,0
44855,t518鴻運香菸lucky雙晶球薄荷香菸紫綠7毫克包,Other,None,0
44924,徐若瑄代言選品生活屋碧歐斯洗面乳共7款煥白金萃玫瑰全效胺基酸洗面乳保濕洗面乳控油洗面乳深層清潔,Other,None,0
44980,限時特惠cindora馨朵拉寶貝柔嫩潤唇膏嬰幼兒專用天然來源7大植物油潤澤嘴唇,Other,None,0
44990,lepichet髮職人蘋果六胜防斷修護洗髮精500ml,Other,None,0
44999,colourfancier鏡面光感指甲油落櫻心瓣12mlch01,Other,None,0
45043,家順適成人紙尿褲超值經濟型l號15片x6包箱整箱共90片箱購成褲可搭配成人紙尿片,Other,None,0
45136,韓國oura馬油精華修復潤唇膏33g效期20221126,Other,None,0
45184,員林鳳營鮮乳,Other,None,0
45294,庶務客innisfree根根分明睫毛膏睫毛膏全系列定型防水捲翹纖長,Other,None,0
45325,韓國somebymi奇蹟去黑頭泡泡洗面乳120g小三美日somebymi洗面乳d390244,Other,None,0
45333,小樹義大利擴香瓶水果森林45ml,Other,None,0
45360,canmake激細滑順眼線膠筆官方直營現貨蝦皮直送,Other,None,0
45399,dtaudio智能手錶s50運動手錶健康手錶line提示睡眠監測心率血壓血氧監測運動追蹤觸控屏智能穿戴,Other,None,0
45419,hodrmen男研堂高效戰痘控油包林敬倫代言胺基酸多功能洗面乳100mlcsa鬥痘精華30ml深層清潔控油,Other,None,0
45422,威哥寵物danlo板燒狗零食丹露狗零食狗狗專用寵物肉乾狗狗零食犬用點心狗零食狗狗肉乾寵物零食,Other,None,0
45472,darphin朵法虎虎生風奢華潔膚招財貓組花梨木按摩潔面膏40mlx2甘菊芳香精露15ml,Other,None,0
45532,hodrmen男研堂奇肌永春組胺基酸洗面乳100ml保濕永春泉60ml肌能乳50ml清潔補水延緩肌膚老化,Other,None,0
45547,ll塑品保鮮盒249,Other,None,0
45566,領券再折88nacnac新牛奶燕麥洗髮乳400ml悅兒園婦幼生活館單筆滿2000送200點,Other,None,0
45665,健康達人超低價雪肌萃雪肌粹淨白洗面乳80g120g台灣711公司貨,Other,None,0
45666,王子麵包超人褲型尿布拉拉褲原廠正貨新包裝mxxl3包箱箱購2箱贈20片現貨廠商直送,Other,None,0
45669,元氣家族金罐貓罐系列80g單罐提升適口性滿足貓咪水份攝取貓罐頭wang,Other,None,0
45732,cosco代購w2160440tide汰漬oxi亮白護色洗衣精443公升两組入,Other,None,0
45733,actuel密封保鮮盒長型83l長290x寬180x高213mm,Other,None,0
45796,peachlife現貨日式天竺棉杏色床包組奶茶色床包被套枕套親膚超柔軟天竺棉單人三件組雙人四件組加大,Other,None,0
45914,nasashopadidastirotracksuit三線套裝男bk4087女bk4695,Other,None,0
45972,台灣現貨天天寄枕邊玩物gellas點亮雙頭兩用臥蠶筆自然放大雙眼珠光高光眼影提亮眼妝wcb05160339,Other,None,0
46040,韓國innisfree妝自然眉筆03g韓秀姬,Other,None,0
46056,skii即期品rna超肌能緊緻彈力精萃75ml公司貨有效期202209,Other,None,0
46080,camplife美麗人生充氣床墊l號睡墊星辰藍,Other,None,0
46107,kooke酷客炫卡爐火力加強版28kws1卡式爐登山露營瓦斯爐,Other,None,0
46118,韓國cj韓式辣椒醬500g,Other,None,0
46240,髮職人植萃英國梨小蒼蘭香氛沐浴膠750ml,Other,None,0
46259,毛寶全效光鮮洗衣精3500gx4入箱愛買,Other,None,0
46285,macminiapplem1chipwith8corecpuand8coregpu256gbssdmgnr3taa,Other,None,0
46423,雲摩爾xs香菸長支藍6毫克,Other,None,0
46429,amigo智慧型40l自動料理氣炸鍋se820,Other,None,0
46495,solone指甲油多色可選蝦皮直送現貨,Other,None,0
46508,a1barley冰,Other,None,0
46510,4013718022512herbacin德國小甘菊臉部肌膚潔顏慕斯100g,Other,None,0
46515,極淨適茶樹精油抗菌柔嫩護手霜清新綠茶抗菌護手霜我的心機,Other,None,0
46550,0760129涵沛高係數抗uv防曬棒spf5020g2支,Other,None,0
46562,健生舒孕葉酸250顆,Other,None,0
46587,7888cl3棉外套極度乾燥霧面拉鍊素色梭織布縮口連帽男版棉質外套superdry,Other,None,0
46623,colourfancier鏡面光感指甲油西柚磚紅12mlch09,Other,None,0
46652,購物節下殺植村秀極保濕輕感防護乳1ml體驗片春秋閣國際美妝透色粉色膚色紫色,Other,None,0
46715,愛康超透氣衛生棉夜用加長型33cm6片深藍,Other,None,0
46721,小倩小舖舒澡沐浴乳750ml,Other,None,0
46746,bronson博爾生高單位維他命c玫塊果緩釋型100顆瓶,Other,None,0
46779,huggies好奇迪士尼限定超厚倍柔濕巾純淨無香64抽x3包串,Other,None,0
46813,免運美國雞湯貓飼料綜合賣場經典系列低敏心靈雞湯無穀天然糧wdj推薦chickensoup,Other,None,0
46881,eglips極細粉裸妝肌粉餅9g美妝部落客達人pony推薦熱銷款回購率超高4色,Other,None,0
46905,香檸蜜柚冷萃咖啡20220210mcoshksi,Other,None,0
46929,e沃野速效潔牙骨蝦紅素雞肉長,Other,None,0
46998,現貨免運pampers幫寶適增量一級幫尿布日本境內版,Other,None,0
47013,香水花園香水沐浴乳英國梨小蒼蘭藍風鈴粉紅甜心1000ml香氛台灣dtstore0518115,Other,None,0
47033,現貨預購diordiorskinnudeluminizer打亮餅輕透光燦蜜粉餅pinkglow,Other,None,0
47073,marvis薄荷牙膏85ml甘草黑色亮白銀色茉莉紫色海洋薄荷經典薄荷日本必買日本樂天熱銷top日本樂天熱銷,Other,None,0
47088,campingbarridgemonkey方形煮水壺11公升,Other,None,0
47135,雲摩爾xs香菸銀,Other,None,0
47153,ikuk保溫杯兩入組,Other,None,0
47186,整b0210雪碧4件75元,Other,None,0
47193,匯豐是拉差香甜辣椒醬481g,Other,None,0
47207,catkin卡婷松間渡9色眼影盤c03秋月,Other,None,0
47221,lepichet清新水漾鼠尾海鹽洗髮精500ml,Other,None,0
47226,colourfancier指甲油象牙棕灰12ml,Other,None,0
47227,愛心認購幫寶適清新幫拉拉褲1包捐贈至德蘭啟智中心蝦皮公益購買者本人不會收到商品0208,Other,None,0
47294,missbakingcacaobarry可可巴芮小脆片可可巴瑞25kg原裝,Other,None,0
47333,mammut長毛象qdlogoprintlongsleevetshirtafmen快乾logo長袖t恤黑色prt3男款101601030,Other,None,0
47351,566香水能量洗髮露12件組510gx1髮膜180gx2幸運加氛白麝香巴黎小香風耐斯,Other,None,0
47353,pureburg適用正負零00xjcy010xjca020xjcb021xjfy010無線吸塵器副廠集塵濾網心耗材,Other,None,0
47422,lemonsolo軟式硅藻土速乾吸水地墊1入lmv110長方粉金石紋,Other,None,0
47439,700541髮職人植萃黑莓月桂葉沐浴膠,Other,None,0
47445,110653306he7hppaviliongaming15dk2801tx黑144hz,Other,None,0
47458,新larose玫瑰冰心涼菸,Other,None,0
47477,好厝邊日本花王kao預防牙周殺菌pureora草本薄荷系列牙膏115g,Other,None,0
47479,alcon愛爾康甘霖100潤濕液8ml保存期限20236以後,Other,None,0
47508,原廠公司貨正品保證韓國cosrxinc公司出品蜂膠亮顏化妝水95覆膜酵母96蝸牛修護精華化妝水,Other,None,0
47553,ihomi60支100天絲四件式床包被套組多款任選雙人,Other,None,0
47598,官方旗艦店new私密處專用愛康涼感潔淨濕紙巾,Other,None,0
47629,一度贊酸菜豬肉碗麵19,Other,None,0
47635,現貨不用等益生菌60顆32億活菌蘭格博士probiotic膠囊16種菌種美國原裝swanson,Other,None,0
47654,hobotlegee6687掃地機用hepa濾網嘉儀legee668legee669688雷姬拖布,Other,None,0
47655,韓式精品精油滾珠瓶珍珠貝色漸層多特瑞logo,Other,None,0
47712,特保溫瓶500ml白色百變史努比,Other,None,0
47724,canmake魔法極纖長睫毛膏c588官方直營美滿堂beautyfull,Other,None,0
47893,bartolini動物造型五色義大利麵250g,Other,None,0
47905,jpgo日本製花王kao妮維雅niveaw濃厚保濕沐浴乳,Other,None,0
47927,愛康抗菌衛生棉夜用型28cm7片,Other,None,0
48069,家樂氏陽光樂活大燕麥片,Other,None,0
48072,好奇迪士尼限定超厚倍柔濕巾純淨無香64抽x18包箱,Other,None,0
48079,6902395683018lorealparis巴黎萊雅truematch特潤無瑕遮瑕膏68ml1n白皙色,Other,None,0
48092,芫荽太太現貨朴信惠代言韓國median93牙膏120g強效護理牙膏刷牙麥迪安牙膏93牙膏,Other,None,0
48126,divinia零負擔柔皙提亮防曬乳spf5060ml,Other,None,0
48200,東洋鹽味擔擔麵風味碗麵,Other,None,0
48249,可超商取貨萬國牌10人份自動保溫電鍋aq10saq10s原廠公司貨,Other,None,0
48327,伴寶樂嬰兒紙尿褲自然風3號2片裝,Other,None,0
48347,814406沒有牛燕麥奶膳食纖維配方,Other,None,0
48482,西歐沙犬用98無穀全肉3號罐火雞肉肝170g,Other,None,0
48530,法國evian依雲天然礦泉水330mlx24瓶免運費公司貨瓶裝水礦泉水進口水免運飯店高爾夫會議依雲evian飯店溫泉hs嚴選,Other,None,0
48564,鴻嘉源msg三代81段紅光輔助變頻按摩槍肌肉筋膜槍按摩頻率模式調整紅光輔助按摩靜音設計按摩槍筋膜,Other,None,0
48593,嬰舒寶大寶寶穿的拉拉褲大大褲褲型紙尿褲3xl4xl箱購任選網,Other,None,0
48645,boosterpro2震動按摩槍,Other,None,0
48734,canmake專業彩妝眉筆99303,Other,None,0
49039,minipro行動無水精油香氛機mp1999無線隨身擴香器,Other,None,0
49283,少年狼啤酒330cc罐2罐69元0unw,Other,None,0
49321,加125lmore氣泡水,Other,None,0
49477,bf甲油膠花染和服山茶裸色純色光撩膠甲油膠byfunme彩色甲油膠a8美甲材料nailsmall,Other,None,0
49570,齊格科技石頭掃地機s7s7高品質副廠主刷套餐耗材配件組1個主刷2片震動拖布2個濾網送1隻邊刷,Other,None,0
49646,speed買一送二多功能瑜珈墊通過sgs認證10mm加厚瑜珈墊nbr瑜珈墊瑜伽墊加大瑜伽墊瑜珈軟墊,Other,None,0
49805,台韓家買8送1歐麗絲糖果精靈40色水性可剝指甲油8ml台灣現貨不含運費低消滿99元出貨,Other,None,0
50175,doctorair3d眼部按摩器sem03,Other,None,0
50183,歐洲barwa蒲公英舒緩低敏天然皂100g,Other,None,0
50247,baronece佳碁特,Other,None,0
50304,歐洲barwa大地強韌髮膜120ml薰衣草,Other,None,0
50812,過年不打烊訂單滿888折88puma慢跑鞋sofrridefinesse黑白緩衝舒適女布魯克林19508606,Other,None,0
50918,日本maxcelia純淨滴漏咖啡機mx0104cm,Other,None,0
51107,n011741643日本origami摺紙咖啡barrelaroma咖啡杯純色霧色210ml可搭配杯盤杯,Other,None,0
51113,泰國現貨鹹蛋泡麵mama媽媽ok牌鹹蛋黃泡麵全台最低價鹹蛋黃泰國媽媽泡麵泰國泡麵,Other,None,0
51225,大禾自動車原廠中古品subaruimprezastiwrxgda0203進氣孔飾板,Other,None,0
51417,kosney花畔飄逸紫雙人60支天絲四件式兩用被床包組,Other,None,0
51453,didohome日式簡約膠底軟式珪藻土衛浴吸水地墊40x60cmhm105,Other,None,0
51481,zottis水果優格組,Other,None,0
51623,perixx德國佩銳periboard606無線迷你中文注音人體工學鍵盤,Other,None,0
51669,現貨每日出貨公司貨亞尼活力mama倍韻肌醇紐萊特葉酸聖潔莓q10膠囊馬卡鹿茸男女備孕,Other,None,0
51798,香檸蜜柚冷萃咖啡20220204f4yflc58,Other,None,0
51829,樂司帶勁運動保溫瓶650ml霧黑,Other,None,0
52425,雲摩爾長支藍,Other,None,0
52551,baraka鷹嘴豆罐,Other,None,0
52556,arvohome舒眠磨毛質感裸睡4件組極簡素色床包組輕盈透氣鬆緊床包親膚助眠輕薄被套單人加大床包組速,Other,None,0
52774,德國dedakj穴位揉捏溫熱腳底按摩器腳底按摩器足部紓壓,Other,None,0
52786,csmart高轉速電動食物料理機粉,Other,None,0
52821,衛普75酒精濕紙巾60抽濕紙巾衛生紙巾酒精擦紙巾歐文購物,Other,None,0
52837,lemonsolo軟式硅藻土速乾吸水地墊1入lmv110長方金奢玉夜,Other,None,0
52914,萊恩家全宏真食臺灣寵物零食狗零食無鹽無防腐劑台灣製造雞肉乾雞肉條寵物點心,Other,None,0
53004,自然零優酪乳無糖,Other,None,0
53057,arvohome日系拼色系列被套4件組親膚床包組民宿英文字刺繡拼色床包組撞色被套組裸睡豆腐眠絲滑,Other,None,0
53089,14000704584曦品文創咖啡魅力台灣系列掛耳包綜合10入,Other,None,0
53171,peachlife現貨日式水洗棉咖啡床包組床包被套枕套大地色皺褶透氣舒適簡約床寢單人雙人加大雙人,Other,None,0
53289,tumaz月熊健身nbr高密度瑜珈運動墊10mm草莓牛奶,Other,None,0
53340,焙香決明大麥barleyteawithcassia,Other,None,0
53377,止膿敏點眼液15cc瓶,Other,None,0
53835,jpgo日本購日本製王子製紙nepia抽取式超柔濕紙巾補充包隨身包60枚入,Other,None,0
53919,n012556606nikefreern50nextnature男休閒鞋cz1884003us85灰,Other,None,0
54314,ktbdlt202白電動牙刷,Other,None,0
54539,鴻嘉源正版原廠msg旗艦款靜音按摩槍台灣現貨無刷馬達超深層經絡沖擊迷你按摩槍肌肉放鬆按摩槍筋膜槍,Other,None,0
54667,lemonsolo軟式硅藻土速乾吸水地墊1入lmv110長方深藍浪花,Other,None,0
54912,bf灰藍色灰色微醺紅色寶石紅美甲凝膠光撩膠甲油膠byfunme彩色凝膠b47b25美甲材料nailsmall,Other,None,0
54937,barwa森呼吸液體皂500ml清新棉花,Other,None,0
55081,onecook17公升藍光玻璃快煮壺304不鏽鋼加熱盤煮沸自動斷電花茶壺泡茶機泡茶電水壺電茶壺快煮壺,Other,None,0
55087,凱蒂娃娃單色腮紅11珊瑚粉6g,Other,None,0
55353,perioextrim牙刷,Other,None,0
55431,大鐮刀風八8cmpwm智慧溫控靜音超薄型8公分高風量風扇小4pin,Other,None,0
55878,台灣現貨vinimay閃耀碎鑽膠百搭款蹦迪膠甲油膠台灣代理商公司貨中文標籤b106,Other,None,0
56948,美安獨家卡通硅藻泥軟地墊3入,Other,None,0
57003,多用途露營中毒本鋪campingmoon柯曼不鏽鋼圍爐桌含中間三塊桌板,Other,None,0
57352,台灣現貨電子發票日光生活x340神奇去污洗衣球五入實心洗衣球去污洗衣球多彩洗衣球防纏繞,Other,None,0
57978,vic美眉防水眼眉兩用筆no517韓系黑色兩入超值組,Other,None,0
58018,110007306bl6asusfx516pm0201a11370h2k御鐵灰無包,Other,None,0
58512,金龍希少糖壽喜燒醬夢210ml,Other,None,0
58721,現貨免運德國北方智慧型負離子直立式陶瓷電暖器ptc868trb同ptc868trd,Other,None,0
58821,改版新品現貨399韓國lakajustcheek單色腮紅最夯熱賣色mars,Other,None,0
59058,巴哈barhar牆角橋梁繩索保護器不銹鋼bs107,Other,None,0
59156,台灣24h出貨cls復古露營燈led露營燈鐵道燈吊燈復古露營美學led燈barebones可參考,Other,None,0
59185,台灣現貨小米有品洛斐lofree綻放系列糖豆計算機機械鍵盤機械計算機機械按鈕,Other,None,0
59534,barbie2入,Other,None,0
59838,新雲摩爾xs香菸藍20支,Other,None,0
59858,clc100aroyd安德利無糖純椰奶250ml400ml1000ml,Other,None,0
59909,pojun貓掌鍵帽品牌zomoplus經銷正品鍵帽鍵盤鍵帽鍵盤按鍵帽柔軟肉墊zomo,Other,None,0
59938,gechic給奇創造onlap1102i116吋電容式觸控螢幕選配支援vesa壁掛外掛迷你pc,Other,None,0
60059,鋼鐵戰神遊戲鍵鼠組06kb868,Other,None,0
60086,mp花豹挑眉膏淺咖啡色aemlb,Other,None,0
60203,萊恩家全宏甜心寶貝寵物零食狗零食無鹽無防腐劑台灣製雞肉乾雞肉條寵物點心,Other,None,0
60401,牛寶沙茶醬火鍋專用3公斤超取限一瓶營業用,Other,None,0
60448,4717954008100aviercolormixhush桌立手持式風扇極致灰,Other,None,0
60471,zott綜合水果優格,Other,None,0
60572,actuel密封保鮮盒長型27l長245x寬178x高93mm,Other,None,0
60588,abdlzooclothdiaper動物天地成人夜用可洗尿褲夜用型布材質,Other,None,0
60746,趣嘢多功能發熱12球按摩枕升級版雙向深層按壓一鍵操作居家車用辦公,Other,None,0
60823,imakara專業12d熱敷肩頸按摩器,Other,None,0
60891,cn眉膏82904,Other,None,0
61077,哈哈辣豆瓣450g,Other,None,0
61082,英國adnams鬼船淡愛爾啤酒440ml,Other,None,0
61098,arvohome舒眠裸睡4件組極簡素色床包組日系撞色輕盈透氣鬆緊床包親膚助眠輕薄四季被乾爽透氣被套,Other,None,0
61129,lemonsolo軟式硅藻土速乾吸水地墊1入lmv110長方烟灰石紋,Other,None,0
61155,韓國kichenwell鑽石塗層不沾平底鍋32cm1入,Other,None,0
61180,三星itfit雙模無線滑鼠m02adualmodewirelessmouse,Other,None,0
61391,羽恩小舖現貨毛寶小蘇打液體皂罐裝2000g補充包1800g,Other,None,0
61501,滿額免運aito無麩質燕麥奶barista咖啡大師燕麥奶巧克力燕麥奶芬蘭,Other,None,0
61555,czbb霜09202,Other,None,0
61580,雲摩爾xs香菸紅10毫克,Other,None,0
61700,日本肯特長支香菸6號6毫克,Other,None,0
62361,台灣出貨經典圓柱香薰蠟燭香氛蠟燭5cm排字婚禮七星燈告白求婚,Other,None,0
62386,抗暈染眼線筆bemyboyfriend王盈喬老師推薦,Other,None,0
62411,hashtag雙色玩美持色指甲油巧克力派,Other,None,0
62460,有貨jscoffee濾掛式咖啡單包五包以上出貨,Other,None,0
62680,澳洲simpleliving雙人300織台灣製純棉被套優雅白,Other,None,0
62701,fresho2時光旅人系列hd星跡腮紅漫行者wanderer烘,Other,None,0
62702,delirium三麥啤酒330ml330ml,Other,None,0
62721,736068海霸王甲天下魚餃12入90g,Other,None,0
62758,infinlin彩色甲油膠095128冬季系列深透系列碎鑽系列蹦迪膠甲油膠ruru的美甲私藏貨,Other,None,0
62936,lemonsolo軟式硅藻土速乾吸水地墊1入lmv110長方藏藍石紋,Other,None,0
63248,七里香普羅旺斯舒肥雞胸肉90g,Other,None,0
63263,301788探險家人造羽毛睡袋d3033,Other,None,0
63290,新鴻運雙晶球薄荷香菸紫x綠,Other,None,0
63416,laura1010aaucuk牛油果胺基酸洗髮精,Other,None,0
63446,keepfitkpfleg05腿部氣壓按摩器小腿雙腿按摩熱敷情人節送禮,Other,None,0
63482,海霸王魚餃90g,Other,None,0
63585,comfort復古立體花磚珪藻土復古粉603909cm,Other,None,0
63662,懶惰姐減醣美食研究社日本丸三丸山丸三愛有機豆乳無糖豆乳紅茶香蕉減醣豆漿豆乳非基改豆奶大罐,Other,None,0
63777,棉睡三店台灣製舒柔棉床包被套組多款任選單人雙人加大均一價網,Other,None,0
63922,equa歐洲極簡奢華保溫瓶680ml,Other,None,0
64023,fresho2x許允樂輪廓眉膠筆摩卡深棕,Other,None,0
64431,預購202112月新品上市canmakex護唇膏唇部磨砂新色上市0203,Other,None,0
64450,陳記xo鮮蝦元宵湯圓,Other,None,0
64594,被說愛m2七彩杯usb加溼器台灣現貨水氧機香薰機水霧香芬機交換禮物生日,Other,None,0
64688,n012152322adidasforumbold女經典鞋白uk55白,Other,None,0
65180,億白鶴甜醬油275ml,Other,None,0
65198,pigwifi防疫套餐中國6天12天18天24天30天翻牆超級大流量上網卡sim卡多張優惠出差的好朋友,Other,None,0
65306,荔枝氣泡拉格啤酒,Other,None,0
65313,zott德國原味優格,Other,None,0
65390,ayllonadidas情侶款經典三線款休閒長褲褲窄管男版女版,Other,None,0
65519,日本東麗淨水器濾心組合sw5chswc80g贈陶瓷刀拭淨布,Other,None,0
65758,ibeauteza粧自然粉餅撞色限定組舊款,Other,None,0
65789,gonesh空間薰香精油237ml4號藤蔓果園8號春之薄霧檀香椰子四款供選小元寶超取,Other,None,0
65813,8801037073393postoreo巧克力棉花糖麥片草莓味250g,Other,None,0
65841,didohome日式簡約膠底軟式珪藻土衛浴吸水地墊45x70cmhm106,Other,None,0
66220,新峰白香菸7mg,Other,None,0
66399,austinshine德化龍潯骨瓷保溫杯320ml2入組,Other,None,0
66610,8367by4深藍冒險魂虎頭裂墨薄刷毛棉外套極度乾燥連帽棉質外套帽t外套superdry,Other,None,0
66918,actuel密封保鮮盒長型57l長290x寬225x高125mm,Other,None,0
68472,rough99bananal韓國連線韓國胺基酸香氛護理洗髮精500ml,Other,None,0
68495,r永信科多洗髮精250ml,Other,None,0
68531,colourfancier砂礫指甲油金焠琥珀12ml,Other,None,0
68688,magickeyboard繁中型號mk2a3taa,Other,None,0
68938,postoreo草莓巧克力棉花糖麥片250g,Other,None,0
68966,actuel密封保鮮盒長型23l長230x寬164x高93mm,Other,None,0
69009,彩色球小風鈴隨身無線吸塵器粉櫻輕巧簡約生活辦公室必備濾網易清潔二段好吸力桌面清潔幫手,Other,None,0
69063,巴黎人理膚寶水全面修復霜b52408法國最新效期瘢痕速效保濕修復乳液神奇霜附發票,Other,None,0
69119,恆牧紐西蘭鮮乳,Other,None,0
69125,美甲必備工具妙茜卸甲包一盒200片裝卸甲水凝膠清潔劑美甲工具美甲凝膠可卸式凝膠美甲用品現貨小黑龍美甲,Other,None,0
69244,天天益生菌悅敏配方20包盒,Other,None,0
69357,新雲摩爾xs香菸1毫克,Other,None,0
69438,yunmi環保tpe體位中導線瑜伽墊止滑墊皮拉提斯墊高回彈專業版粉色,Other,None,0
69490,現貨群聚peyoung超大盛蒜香辣椒培根蛋義大利麵香辣炒麵地獄炒麵獄激辛明太子高麗菜美乃滋泡麵炒,Other,None,0
69579,arvohome現貨柔膚磨毛舒眠被套4件組簡約素色被套鬆緊床包組雙人加大莫蘭迪配色裸睡快速出貨,Other,None,0
69692,mksubarulegacy09年後原廠專用型雨刷免運贈潑水劑26吋18吋雨刷哈家人,Other,None,0
69752,n011853054adidasoriginals女adicolor連帽上衣ed7555032白,Other,None,0
69852,日本tomioka北海道無添加強效洗衣粉袋裝800g,Other,None,0
69867,美國ivory香皂10入3入清新香味蘆薈洗臉皂洗面皂肥皂沐浴皂原裝進口郊油趣,Other,None,0
70173,cec真輕松水桶架組松木水桶架礦泉水架桶裝水水嘴登山露營野營烤肉燒烤水桶悠遊戶外台灣製造,Other,None,0
70355,n012554773adidasracertr20c中童慢跑鞋h0445413粉紫,Other,None,0
70387,歐洲barwa森呼吸洗髮精300ml酪梨,Other,None,0
70471,imakara3d無線眼部蒸氣熱敷按摩器,Other,None,0
70487,卡維亞阿甘油沐浴,Other,None,0
70729,富郁床墊4d透氣豪華獨立筒床墊12cm3尺35尺單人5尺雙人627顆彈簧台灣獨家直營工廠,Other,None,0
70766,自然零藍莓優酪,Other,None,0
70867,白色工廠台灣出貨嚴選獨家2021新款花色沙發套高品質沙發套萬能彈力沙發套,Other,None,0
71103,伊芮小姐台灣綠茶嫩白保濕面膜5入,Other,None,0
71151,小川經典風味深焙咖啡豆180g,Other,None,0
71249,大粒果實鮮奶優酪,Other,None,0
71477,免運買越多省越多ibon愛棒保險套3入盒含45麻醉劑,Other,None,0
71516,韓國incense室內香氛擴香瓶130ml小三美日d244376,Other,None,0
71616,nettec恐龍兒童u型牙刷粉,Other,None,0
71800,4712927842408kamerausb充電式無線吸塵器真空抽氣kav11加贈一組濾網,Other,None,0
71887,丁丁藥局雙箱超值組拭拭樂超純水濕巾85抽x48包限本島外島及偏遠地區運費另計,Other,None,0
71903,搬運工現貨秒出韓國innisfree妝自然眉筆自然眉型雙頭旋轉眉筆,Other,None,0
71992,合同酒造名地雞尾酒350ml福島白桃,Other,None,0
72147,代收代付南紡購物中心15kg可調式啞鈴八段調重極速調重啞鈴xoanon洛恩耐運動健身,Other,None,0
72270,台灣12h出貨保固肩頸按摩器頸椎按摩器護頸儀按摩儀tens智能肩頸按摩機頸部按摩儀15檔多功能數位按摩,Other,None,0
72518,colourfancier鏡面光感指甲油絲絨酒紅12mlch07,Other,None,0
72759,藍鋒香菸,Other,None,0
73026,貝蘿塔bellotta全護配方貓罐鮪魚濃湯魚油海藻葉黃素85g,Other,None,0
73072,日本原裝進口娜拉兒粉底蓋斑膏明香娜拉兒20g蓋斑膏遮瑕膏新秘專用名香蓋斑膏naturactor蓋斑膏,Other,None,0
73147,韓國beaustacicarecipe積雪草輕透氣墊粉餅15g小三美日d461724,Other,None,0
73275,直採嘉義東石七星鱸公斤,Other,None,0
73286,lilybryed星月立體修容盤01暖色調,Other,None,0
73315,現貨showkorea韓國sanga益生菌sanga益生菌sanga排便順暢30入加強新包裝,Other,None,0
73415,寶護清爽型潔膚嬰兒柔濕巾寶寶專用99純水80抽x10包,Other,None,0
73473,028944827620bartokthemiraculousmandarinhungariansketchessuiteno1etc,Other,None,0
73506,maximkanu迷你美式咖啡冬季款09g100入盒附冬季限定保溫瓶,Other,None,0
73648,nutroone3秒極速調重家用啞鈴90磅單支裝2入贈底座,Other,None,0
73878,寵樂toastcatlunchbonito鮪魚條20g大燒魚條3種口味魚柳條牛磺酸添加鮪魚雞肉,Other,None,0
73905,blink冰藍高分子隱形眼鏡濕潤液10ml,Other,None,0
74148,shaki仿手指撥動按摩器,Other,None,0
74220,鴻嘉源27種氣壓熱敷膝蓋按摩器原廠保固三個月液晶顯示氣囊熱敷按摩器肩膀按摩器腳部按摩器現貨免運,Other,None,0
74260,百樂門香菸,Other,None,0
74290,樂司帶勁運動保溫瓶650ml霧黑,Other,None,0
74322,雲摩爾紫旋風,Other,None,0
74388,amigo智慧型40l自動料理氣炸鍋se800,Other,None,0
74780,日本肯特晶球涼菸,Other,None,0
75051,蒂芬妮亞浸白肌熊果素美白乳霜50g,Other,None,0
75090,seatosummit防水壓縮袋登山打包睡袋收納70devent輕量可壓縮式透氣收納袋stsadcs,Other,None,0
75123,韓國市集高麗雅娜coreana月下美人護手霜60ml,Other,None,0
75205,哈達彈珠汽水荔枝味,Other,None,0
75224,現貨美國barberhaircomb挑梳油頭梳叉梳梳子油頭專用梳高神器,Other,None,0
75731,白蘭洗衣球五入組,Other,None,0
76028,代收代付凹罐瑕疵品alpro職人椰奶1000ml效期20220523,Other,None,0
76437,康福先生嘗鮮九入組舒肥雞胸160g5包高蛋白瘦身健身低卡低碳冷凍食品加熱即食品輕食,Other,None,0
76486,lazysusan氣炸烤箱典雅白,Other,None,0
76555,原廠公司貨正品保證韓國amortals爾木萄星系流雲眼線膠筆睫毛膏防水不暈染捲翹纖長不結塊,Other,None,0
76628,世界go現貨單條韓國人氣推薦maxim麥心原味摩卡減糖白金低卡白金咖啡黃金咖啡即溶咖啡孔劉,Other,None,0
76652,hata蘋果碳酸飲料200ml,Other,None,0
76683,金車噶瑪蘭威士忌調酒,Other,None,0
76979,mitchellnessncaa喬治城大學alleniverson復刻swingman球衣,Other,None,0
77246,雲摩爾xs香菸藍,Other,None,0
77306,憶馨御天犬u系列全品項犬用乾糧零食肉乾gm801,Other,None,0
77333,澳洲duit急救手膜修復粗糙保濕手霜原裝工廠出廠正品公司貨,Other,None,0
77430,台灣現貨鋼針造型梳黑人燙梳鋼針叉梳鋼針梳barber梳油頭梳鋼針插梳造型叉梳爆炸頭梳挑梳,Other,None,0
77638,美國malabarbabydohar手工杜哈柔紗毯包巾單入多款可任選彌月禮推車毯哺乳蓋毯,Other,None,0
77673,dtaudio智能手錶s50運動手錶健康手錶智能穿戴line提示睡眠監測運動追蹤觸控屏蝦皮直送現貨,Other,None,0
77737,sozostar樂玩多黃阿瑪超值組合價尾巴搖搖動感掛鐘喵在一起無線鍵鼠組,Other,None,0
77752,mythmakernikecourtvision情侶鞋白色黑勾小dunk粉勾女鞋男鞋休閒鞋玫瑰粉,Other,None,0
77845,金龍希少糖壽喜燒醬夢,Other,None,0
77859,豐樂牧場小農鮮乳,Other,None,0
78039,suncut高絲曬可皙高效防曬精華110g極效防水,Other,None,0
78212,durex杜蕾斯熱愛裝王者型保險套8入盒闊頂設計更舒適貼身天然橡膠衛生套公司貨現貨蝦皮直送,Other,None,0
78237,原點純凍100冷凍乾燥零食羊肉全犬156g,Other,None,0
78347,barbie盒裝面紙85抽,Other,None,0
78465,聖寶思樂益生菌nepprobiotics官方正品新鮮到貨,Other,None,0
78506,fresho2時光旅人系列hd星跡腮紅探行者explorer蜜,Other,None,0
78553,specialmoment典藏咖啡豆908g愛買,Other,None,0
78601,德國lindesa蜂蠟護手霜護手乳50ml經典蜂蠟黃油潤型護理紅中度滋潤修護藍洋甘菊滋潤型橘,Other,None,0
78698,smartbearing智慧魔力進階版迷你肌肉深層震動筋膜按摩槍鋁合金機身2900毫安鋰電池輕量級,Other,None,0
78760,fresho2x許允樂毛流眉膠筆焦糖茶棕,Other,None,0
78911,雲摩爾xs香菸銀4毫克,Other,None,0
79167,vic美眉防水眼眉兩用筆斜角2入超值組棕色,Other,None,0
79527,白鶴甜醬油135g,Other,None,0
79551,barwa奢華spa超滋養后乳液200ml黑蘭,Other,None,0
79558,imakara3d氣壓熱敷眼部按摩器,Other,None,0
79681,合同酒造名地雞尾酒350ml千葉水梨,Other,None,0
79940,一次取純在輕時鳳梨檸檬綠茶960ml,Other,None,0
79958,alai寢飾工場買一送一台灣製100純棉床包枕套組多款任選單人雙人加大均一價,Other,None,0
80050,原廠公司貨德國北方桌上型陶瓷電暖器ptc300,Other,None,0
80139,西歐沙犬用98無穀全肉4號罐雞肉地瓜170g,Other,None,0
80504,一度贊酸菜豬肉桶,Other,None,0
80552,最低價效期20223韓國applecat貓咪化毛點心棒20g貓咪零食化毛點心化毛肉條貓零食貓肉條,Other,None,0
80575,板橋阿禧鮮魚行宏裕行花枝漿花枝蝦漿墨魚漿干貝魚漿,Other,None,0
80836,neom英國芳療有機精油香氛蠟燭75g185g420g皇家奢華舒緩恬睡幸福愉悅完美幸福清新甦活靜心舒眠,Other,None,0
80849,魚杯杯upusb迷你風扇黑白d336可調2段式風量mini冷卻小巧不佔空間風扇水族風扇,Other,None,0
80859,nutroone升級版四合一可調啞鈴槓鈴壺鈴套組40公斤,Other,None,0
80913,8款唇釉完美日記同款名片唇釉卡片口紅口紅唇釉絲絨霧面持久不掉色名片唇釉口紅唇彩,Other,None,0
80953,bf甲油膠日式和菓子山茶裸色純色光撩膠甲油膠byfunme彩色甲油膠a15美甲材料nailsmall,Other,None,0
81166,t518日本肯特長支香菸6毫克包,Other,None,0
81189,韓國dongsuhmaxim二合一摩卡咖啡118gx100包現貨蝦皮直送,Other,None,0
81632,melixir護唇膏39ghelpbuykr商城旗艦館,Other,None,0
81746,丸太郎犬用綜合牛奶丸子消臭餅170g,Other,None,0
81850,德國today當代咖啡阿拉比卡義式濃縮即溶咖啡95g即溶咖啡濃縮today咖啡濃縮espresso,Other,None,0
82099,香檸蜜柚冷萃咖啡20220203b2idg2u6,Other,None,0
82129,正品附發票愛康超透氣衛生棉日用夜用加長護墊涼感抑菌透氣6款可選d100584,Other,None,0
82674,搬運工韓國jx遮瑕刷255遮瑕膏專用刷具刷具遮瑕刷刷子concealerbrushjx254,Other,None,0
82680,arcobar廚房刀具三件組櫻花限量版akbs,Other,None,0
82752,蒂芬妮亞恆潤肌極濃玻尿酸化妝水200ml,Other,None,0
82787,給給購入代行美安絲晶爽膚平衡化妝水,Other,None,0
83105,sistematogo分隔保鮮盒8,Other,None,0
83400,8711000506448德國jacobs經典即溶咖啡義式濃縮espresso,Other,None,0
83436,theragunprime智慧型衝擊式按摩槍代理商公司貨,Other,None,0
83558,一度贊爌肉碗200g,Other,None,0
83709,西歐沙犬用98無穀全肉5號罐鴨肉南瓜170g,Other,None,0
83780,少年狼啤酒330cc罐2罐69元0vdf,Other,None,0
83905,colourfancier砂礫指甲油赤岩沙棠12ml,Other,None,0
84373,perioextrim牙刷,Other,None,0
84704,colourfancier鏡面光感指甲油蜜桃燕麥12mlch06,Other,None,0
84722,bigwhite四葉草隨身型負離子空氣清淨機隨身空氣淨化器除菌抗菌器,Other,None,0
84818,drrin方形折疊式保鮮盒1l15x15x511cmxf92012,Other,None,0
84844,韓貨王韓國sanga益生菌sanga益生菌sanga拆售2g10入維持消化道機能使排便順暢,Other,None,0
85129,艾波迷亞l3xl34f40f好胸系列微醺美人塑形軟鋼圈蠶絲內衣現貨在台大罩杯大胸推薦1939,Other,None,0
85146,jielien充電式無線滑鼠黑自由狼x8遊戲滑鼠電競滑鼠七彩發光,Other,None,0
85156,theragunpro智慧型衝擊式按摩槍代理商公司貨,Other,None,0
85192,雲摩爾xs藍,Other,None,0
85260,新日本肯特ss1號,Other,None,0
85460,hori健身環大冒險限定款瑜伽墊原廠授權加寬防滑,Other,None,0
85627,西班牙valira薇拉1969文青復古版真空保溫瓶750ml戶外野餐用品保溫瓶玻璃內膽,Other,None,0
85702,德國康尼菲歐式不沾鍋廚具4件套,Other,None,0
85885,n012452805skechers男健走系列gowalk5帆船鞋型健走鞋55502bkwus85黑,Other,None,0
86032,美國goldenbrands大豆蠟gw464適用於容器蠟燭等製作,Other,None,0
86113,郭公館工作室出品多喝水春聯,Other,None,0
86194,白金級全效緊實金燦柔膚露,Other,None,0
86266,drrin耐熱三格玻璃保鮮盒095l圓型188x188x7cmk950,Other,None,0
86293,紹興醉雞嫩雞胸調,Other,None,0
86387,campingbar瀝水掛架瀝水籃吊掛架三角架居家露營登山悠遊戶外,Other,None,0
86487,代收代付勃肯birkenstockbarbadoseva黑色橡膠防水拖鞋男女款,Other,None,0
86511,drdeer一枝春小蘑菇氣墊霜蘑菇氣墊bb霜修飾膚色保濕遮瑕提亮膚色隱形毛孔,Other,None,0
86602,輕量pure圓款stenlock粉色不銹鋼保鮮盒裝湯裝菜輕量防漏設計保鮮盒矽膠圈多款現貨,Other,None,0
87032,progoecovacs科沃斯掃地機n9抹布副廠拖布掃地吸地拖地機器人副廠配件適用n9拖地布,Other,None,0
87053,優力巾柔淨濕巾80抽金興發,Other,None,0
87074,keepfitkpfleg05腿部氣壓按摩器小腿雙腿按摩熱敷,Other,None,0
87201,edish304不鏽鋼翻蓋直飲咖啡保溫杯折疊免濾紙不鏽鋼咖啡手沖過濾器,Other,None,0
87656,力霸紗窗調整輪紗門調整輪rebar紗窗輪紗門輪ra03塑膠輪鋁窗輪鋁門輪氣密窗輪培林輪,Other,None,0
87739,kamerausb充電式無線吸塵器真空抽氣kav11加贈一組濾網,Other,None,0
87822,蕾曼老褐黑櫻桃啤酒750毫升,Other,None,0
87909,日本dayplus充插二用氣壓式溫熱手部按摩器護手養生舒壓hfg1537,Other,None,0
88289,超穀感蜜桃優格,Other,None,0
88519,現貨免運24h出貨捷樂纖婕樂纖纖纖飲纖飄錠爆纖錠纖酵宿酵素肽纖飲葉黃素抖音可可小綠tt排便代謝,Other,None,0
88563,2分鐘黑炭泡泡安心亮白奇蹟凝膠牙膏,Other,None,0
88642,canmake激細滑順眼線膠筆07紅褐色08卡其綠新色上市官方直營美滿堂beautyfull,Other,None,0
88727,檀島凍檸茶氣泡雞尾酒,Other,None,0
88764,三道保健組淨美莓x2盒益菌寶x1盒,Other,None,0
88871,樂活動drbarmanssuperbrush三面式牙刷可愛家庭組,Other,None,0
89048,番薯先生韓國人氣maxim麥心原味摩卡減糖白金低卡白金咖啡黃金咖啡即溶咖啡孔劉,Other,None,0
89134,摩爾香煙藍08mg包,Other,None,0
89375,小淘氣廠商最新貨廠商直寄prokids透氣乾爽紙尿褲,Other,None,0
89438,菲仕德挂壁式無葉風扇可搖頭可折疊風扇遙控電風扇,Other,None,0
89733,barwa森呼吸液體皂500ml柔嫩米萃,Other,None,0
89937,frenchs烏斯特辣醬,Other,None,0
89951,oatly咖啡師燕麥奶現貨供應植物奶素食可oat賣場另有愛之味純濃燕麥燕麥飲葡萄糖胺膠原蛋白,Other,None,0
90057,德國康尼菲ih兼容角型304鴛鴦鍋32cm,Other,None,0
90148,岱思夢雲絲絨薄被套鋪棉兩用被套超細纖維超取有出貨限制請參閱說明,Other,None,0
90742,東京速購日本製heanspa黃金不鏽鋼滾珠五爪手部設計今井美樹推薦滿天社頭部按摩器頭皮穴道按摩,Other,None,0
90870,n012452656skechers男慢跑系列srrproresistance台灣獨賣款慢跑鞋999124bbkus9全黑,Other,None,0
91079,colourfancier鏡面光感指甲油鐵鏽紅棕12mlch05,Other,None,0
91330,imakara日本熱銷可遙控溫熱多段按摩器,Other,None,0
91336,cosnori2mm超防水眼線液筆06ghelpbuykr商城旗艦館,Other,None,0
91378,本富地墊30x30cm日式和短絨巧拼台灣製現貨附發票sgs檢驗合格保暖短絨毯面加厚巧拼絨毛巧拼地毯墊,Other,None,0
91419,生活家飾舒柔超彈力2人座印花沙發套六款可選沙發罩沙發座墊套全包椅套,Other,None,0
91454,日本片岡濾掛式咖啡匠咖啡過瀘式匠咖啡濃厚摩卡現貨90g,Other,None,0
91504,韓國大創無油光控油蜜粉貓咪黑盒5g,Other,None,0
91511,expedairmatullitem極輕量充氣睡墊附minipump幫浦76958,Other,None,0
91724,香水花園香水沐浴乳1000ml3款可選小蒼蘭藍風鈴粉紅甜心蝦皮團購,Other,None,0
91820,barwa親膚液體皂500ml淨化保護,Other,None,0
91940,solone指甲油s06夕顏13ml,Other,None,0
92197,tumaz月熊健身nbr高密度瑜珈運動墊10mm高雅素灰,Other,None,0
92239,天然植物萃取精油香氛精油茶樹薰衣草玫瑰茉莉檸檬草精油10ml14種任選,Other,None,0
92642,海霸王甲天下魚餃12粒包90g45g,Other,None,0
92657,miraclefun筋鬆筋膜槍按摩器,Other,None,0
92814,台灣現貨賠錢賣賺評價指尖陀螺handspinner螺旋指間torqbarbrassedc爆款鋁合金,Other,None,0
92827,瑞典oatly巧克力燕麥奶箱購6入組1l6,Other,None,0
93162,代收代付床包兩用被組雙人加大芯悅香鈴含兩件枕套60支天絲戀家小舖台灣製aau31,Other,None,0
93197,日本inomata1844角型保鮮盒,Other,None,0
93247,119224402b09三星watch4classicr89046mm幻影黑,Other,None,0
93412,didohome簡約灰系膠底軟式珪藻土衛浴吸水地墊hm089,Other,None,0
93421,現貨德爾瑪四合一電動除螨刷塵螨刷塵蟎機適配德爾瑪vc20vc20plustw手持無線吸塵器除螨刷,Other,None,0
93570,歐洲barwa奢華spa雪松香氛皂190g,Other,None,0
93574,新雲摩爾xs1毫克20支,Other,None,0
93618,campingbar原木延伸桌板悠遊戶外原木延伸桌板,Other,None,0
93665,外送費20220207baryn5b9,Other,None,0
93753,barwa奢華spa超滋養后乳液200ml玫瑰,Other,None,0
94005,出清日本fulex富力士skyn柔潤型衛生套10入裝盒,Other,None,0
94007,峰味萃晶球工藝香菸7毫克,Other,None,0
94093,綠鋒薄荷香菸,Other,None,0
94431,大丸子現貨義大利原裝進口marvis牙膏85ml頂級經典牙膏牙膏界中的愛馬仕義大利牙膏正品七款可選,Other,None,0
94440,歐洲barwa奢華spa黑蘭花香氛皂190g,Other,None,0
94515,shaki夏奇acg大濕仿手指撥動按摩器,Other,None,0
94528,413563原始人輕便烤肉架,Other,None,0
94818,colourfancier砂礫指甲油月岩泥灰12ml,Other,None,0
95081,zottis德國優格115g杯48入,Other,None,0
95456,陳記岡山哈哈辣豆瓣450g,Other,None,0
95744,paraquermk春焰雙色眼采35g2022年01月限量春季新品眼影,Other,None,0
95920,英國pmwaxlyrical洋甘菊與紫羅蘭雙蕊香氛蠟燭玻璃裝含蓋,Other,None,0
96008,艾維斯3m防潑水歐式提花三線獨立筒床墊雙人5尺,Other,None,0
96086,康芙特純水潔膚濕紙巾,Other,None,0
96157,harbingerergofitbarpad槓鈴肩部護墊頸墊295紅,Other,None,0
96278,海霸王甲天下蛋餃8粒包90g45g,Other,None,0
96281,新雲摩爾xs藍8mg,Other,None,0
96327,新雲摩爾xs香菸銀,Other,None,0
96407,總代理wacaco第二代nanopresso隨行咖啡機黑灰色有優惠組合濃縮咖啡免插電手壓式攜帶式,Other,None,0
96594,濁水琥珀柴燒醬油,Other,None,0
96964,家樂氏日式水果穀片30,Other,None,0
97135,yadah綠茶純淨潔膚卸妝膏100ml卸妝兼去角質回購率超高韓國卸妝膏溫和不緊繃短效特賣,Other,None,0
