,name,brand,momo
15,歐規床包專區床包長度200cm60支精梳棉無印良品ikea尺寸多款可選100精梳棉台灣製造,Other,None
124,grandmamaes梅亞奶奶私房無穀化毛室內成貓鮮嫩雞22磅,Other,None
138,inomodel5小捶按摩槍筋膜槍,Other,None
194,禾坊藥局人生製藥愛生片維他命c鈣30片瓶,Other,None
250,台灣龍泉啤酒水果,Other,None
251,新日本肯特長支香菸1號,Other,None
307,香檸蜜柚冷萃咖啡20220205f0la8mhg,Other,None
318,新春特惠法式舒肥嫩雞胸肉買12送12共24包再送12包綜合蔬菜網,Other,None
337,饗食在冠益華記香港調味料生抽淡色醬油調色上色老抽醬油涼拌,Other,None
340,pocom4pro5gcoolblue6gbram128gbrom,Other,None
360,nickshop50顆洗衣膠球2入組共100顆去汙去除異味柔順衣物遇水速溶,Other,None
413,韓國somebymi30天奇蹟沐浴乳lalav茶樹三酸沐浴露奇跡抗痘戰痘ahabhapha陸星材吳世勳,Other,None
418,黑森爐41kw日本製prokamping妙管家領航家瓦斯爐野炊露營卡式爐瓦斯爐pk42岩谷,Other,None
456,vdl立體光耀璀璨妝前乳粉色清爽款30ml,Other,None
510,雞尾酒葡萄沙瓦,Other,None
536,台灣現貨露營中毒本鋪地墊地布防潮墊野餐墊帳篷墊天幕露營盛源地墊300x300,Other,None
577,448071h毛寶全效光鮮柔軟洗衣精350,Other,None
635,台灣新格sgcb八段式水槍花灑水槍低壓水軟水園藝用水槍汽車美容洗車水管水槍可調節式水槍,Other,None
637,tweety直立吸塵器配件hepa濾網崔弟手持吸塵器適hclyt168sc8076買樂購,Other,None
665,狗共饗食堂純手作100g雞肉條,Other,None
677,領券再折30可集點可刷卡有發票宅配免運幫寶適清新幫紙尿褲尿布拉拉褲褲型尿布lxlxxl,Other,None
725,法國購入當地代理商代理商sebclair乳膏洗髮精可代購小壓損非台灣代理商施必麗,Other,None
754,cec桶裝水專用水嘴登山露營野營烤肉燒烤水桶5公升礦泉水悠遊戶外台灣製造,Other,None
794,stives聖艾芙杏桃身體磨砂膏283g臉部潔面磨砂膏170g去角質洗面乳ddbs,Other,None
824,日本和膳肉泥條14g6款口味添加抹茶消臭貓零食炭烤柴魚片日本國產d002m01,Other,None
872,0640210汪限1蓓膚美care美肌蒸汽眼膜5入盒2盒詳細內容如商品描述,Other,None
1034,pro22000電動牙刷,Other,None
1038,ms現貨預購kintodayofftumbler保溫瓶500ml手提保冷保溫輕量304不銹鋼,Other,None
1066,雲摩爾香菸紅,Other,None
1074,鴻運雙晶球薄荷香菸紫綠,Other,None
1090,grandmamaes梅亞奶奶lid低敏無穀鮮嫩雞犬配方63kgwdj推薦無穀狗糧,Other,None
1093,幫寶適一級幫拉拉褲褲型尿布m92片日本原裝,Other,None
1106,香檸蜜柚冷萃咖啡20220201u0hh6mho,Other,None
1114,speed快速出貨愛康超透氣衛生棉愛康衛生棉涼感衛生棉透氣衛生棉日用夜用加長超長量少護墊愛康,Other,None
1145,加購價視博通神雕手鍵鼠組原廠一年保固,Other,None
1159,岱思夢極柔天絲薄被套鋪棉兩用被套冬夏兩用tencel3m吸濕排汗技術超取有出貨限制請參閱說明m2,Other,None
1222,一蘭豚骨風味碗麵128g,Other,None
1227,looca經典超透氣12cm釋壓記憶床墊雙人5尺隔日配,Other,None
1246,kklife水嫩多汁舒肥雞胸肉迷迭香黑胡椒檸檬湖鹽綜合3袋組共9包100g包3包袋,Other,None
1252,韓國bycat貓咪凍乾零食鮭魚23克貓零食,Other,None
1254,公司貨oxopop按壓式保鮮盒26種大小尺寸可供選擇一按氣密單手開關,Other,None
1271,skii肌活能量眼霜15g正統公司貨大眼霜全新改版上市,Other,None
1287,新日本肯特香菸榛香7號,Other,None
1316,joys德國恆溫負離子吹風機千萬級負離子膠原蛋白,Other,None
1360,canadadry薑汁汽水355,Other,None
1366,hukuku福可速淨擦鞋濕巾12抽,Other,None
1385,superdry男裝背心corporatelogo黑s,Other,None
1405,護蕾ducray養髮健絲洗髮精200ml400ml巴黎丁ex,Other,None
1409,chatzutang茶籽堂沐浴露330ml多款可選現貨廠商直送,Other,None
1458,aqualuna韓國蜜光肌晶璨粉底霜3入,Other,None
1492,8718627750704whimzees唯潔鱷魚型潔牙骨超值包m12包,Other,None
1509,現貨e發票jacknjill兒童牙膏澳洲無氟可吞食無起泡劑保護乳牙9種口味50g,Other,None
1596,夏威夷maui比基尼黃金拉格啤酒,Other,None
1649,馬鞭草身體乳330ml薰衣草森林森林島嶼,Other,None
1652,ds37c犬糖尿病低碳水化合物配方罐頭195g法國皇家,Other,None
1672,韓國sajo糖醋辣椒醬170g170g,Other,None
1704,活力日膳貓罐雞,Other,None
1735,麗柏有機neobio強效保濕滋潤護手霜乳油木果玻尿酸50ml有機認證撫平細紋滋潤修護指緣敏感肌,Other,None
1775,有喵病柏萊富貓飼料全系列6kg亮毛低卡無穀極鮮特調幼貓特調成貓特調無穀全齡貓,Other,None
1788,愛康抗菌衛生棉量少型19cm9片,Other,None
1793,小倩小舖moret魔樂t型牙刷大刷頭小刷頭,Other,None
1814,即期品566無矽靈健髮洗髮露500g茶樹抗屑豐盈亮澤任選有效期限至2023年5月,Other,None
1833,百樂門湛藍鏤空香菸,Other,None
1915,棉床本舖玖月60支100精梳棉床包枕套組床包被套組兩用被套組台灣製規格可選床包薄被套兩用被,Other,None
1946,沒有牛經典原味燕麥奶,Other,None
1949,日本花王酵素洗衣粉800g,Other,None
1977,一度贊酸菜豬肉袋,Other,None
1991,韓國median93強效護理牙膏120g強效淨白去垢口臭牙周護理dtstore0020267,Other,None
2074,雲摩爾xs香菸藍8毫克,Other,None
2082,黑頭掰掰搬運工somebymi奇蹟系列奇蹟皂奇蹟去黑頭泡泡洗面乳clearfoamsomebymi,Other,None
2106,ino小鹿迷你口袋按摩槍筋膜槍迷你可愛小捶按摩槍紓壓肩頸紓緩原廠公司貨,Other,None
2124,韓國bnbg維他命凝膠面膜30ml舒緩修復,Other,None
2127,sgs認證無石棉珪藻土軟地墊硅藻土軟性地墊藻土地墊軟式珪藻土地墊硅藻土地墊哇藻地墊珪藻土軟地墊特大,Other,None
2137,spluss舊款w品牌凝膠甲油膠售出不退換w005w054,Other,None
2146,grunersee濟州島熔岩海水精華面膜10片盒裝,Other,None
2183,樂司帶勁運動保溫瓶650ml冰綠,Other,None
2233,q樂多立體潔牙骨牛肉風味50g,Other,None
2246,sselect純水濕紙巾,Other,None
2248,jen秋冬棉加絨床單被套枕套組,Other,None
2251,molijia魔力家m20不鏽鋼分離式快煮壺19l木紋款by011020,Other,None
2271,鴻嘉源k652段12mm肌肉筋膜按摩槍附10顆按摩頭原廠保固超強高w馬達筋膜槍按摩槍肌肉放鬆交換禮物,Other,None
2278,fujilife富力士skyn衛生套勁點型5入裝輕柔型10入裝柔潤型10入裝,Other,None
2282,合同酒造名地雞尾酒350ml富良野哈密,Other,None
2303,蝦皮優惠精選泰山純水5000ml統一h2owater純水5800ml多喝水礦泉水6200ml,Other,None
2322,富郁床墊4d透氣獨立筒彈簧床墊9cm單人35尺4d咖啡色4d鐵灰色4d白色720顆彈簧,Other,None
2340,醇漾容30包盒專利葡萄籽專利穀胱甘肽專利冰晶番茄白藜蘆醇維生素ce生理調節美極飲美顏飲喝出少女氣色,Other,None
2346,探露客地墊地布防潮墊野餐墊帳篷墊天幕露營盛源地墊300x300,Other,None
2371,4713264494473愛瑞克x黑沃咖啡聯名內在原力濾掛式咖啡10g10包盒,Other,None
2376,代收代付含基本安裝和家牌不鏽鋼熱波抽油煙機排油煙機除油煙機ve8880ve888070cmor80cm台灣製造櫻花喜特麗可參考,Other,None
2421,北緯23度tpu3d單人充氣床墊好勢露營tpu床充氣床北緯充氣床單人床單人氣墊床露營床,Other,None
2427,沒有牛燕麥奶膳食纖維配方300ml300ml,Other,None
2438,maisonbriochin黑牌碧歐馨多功能黑皂液750毫升黑皂液清潔劑法國costco好市多,Other,None
2450,韓國口碑眉粉han妞韓國skinfood巧克力雙色眉粉skinfood眉粉,Other,None
2473,寵物批發哥唯潔whimzees天然潔牙骨牙刷型超值包尺寸有xssml,Other,None
2482,雲摩爾長支藍香,Other,None
2500,medicubered抗痘潔面乳120ml舊版紅色包裝,Other,None
2525,台鹽生技taiyenbeauty高機能無暇水凝乳exspf40ml高活性膠原安瓶水粉底防曬抗uv,Other,None
2564,enchen映趣traveller便利攜帶充電式隨身防水電動刮鬍刀,Other,None
2593,義士大廚almonature售後不補鮪魚鮮燉罐70克鮪魚雞肉起司24入貓副食罐整箱罐罐,Other,None
2597,hola8plus酵素淨科技高效洗衣凝露超值組1瓶2補馨香百合,Other,None
2626,旺旺生活pv超美味小饅頭320g小饅頭狗餅乾適口性佳狗點心狗零食petvillage寵物零食,Other,None
2690,solonekt專屬訂製斜角暈染刷he07,Other,None
2695,laura1010aaonething護唇膏,Other,None
2700,白蘭強效潔淨洗衣粉,Other,None
2724,香檸蜜柚冷萃咖啡20220202i3laaidb,Other,None
2831,sparklessp健康無膠無穀貓咪主食罐貓罐70g,Other,None
2835,pavillo輕便收納野餐墊露營野餐郊遊聚會草地沙灘環保材質,Other,None
2860,新雲摩爾xs香菸銀20支,Other,None
2897,bickfords特濃黑巧克力杏仁奶500ml減醣低碳無麩質,Other,None
2909,olivia60支100天絲素色三件式枕套床包組solidcolor多色任選雙人,Other,None
2962,台灣皇珵特級精釀白醬油300ml,Other,None
3084,focusstorenikedunklowretrogreyfog灰白dd1391103,Other,None
3139,1272127204shl潔膚濕紙巾30抽,Other,None
3177,cj韓式辣椒醬,Other,None
3179,ibeauteza油光bye2清透粧前乳,Other,None
3203,kobaru漂浮螢光筆open小桃,Other,None
3293,rasasi拉莎斯約旦王與王妃一見傾心定情款romance一見鍾情茉莉沉香百百純精油15ml,Other,None
3324,bonbonnaturel雪尼爾刺繡宮廷花卉地墊6090cm多種款式可挑選,Other,None
3327,韓國jmw專業bldc無刷馬達吹風機m5500wtbs黑白兩色款獨家新品,Other,None
3336,solone指甲油p12記憶迴旋13ml,Other,None
3452,胖胖糖原町燒肉潔牙錠天然手作潔牙適口性佳獎勵點心狗點心狗零食牛肉鮮蔬鮭魚起司雞肉高鈣起司雞肉,Other,None
3463,secretcastle秘密城堡玫瑰凝露保濕乳液520ml,Other,None
3469,comfort深呼吸珪藻土地墊礫石灰603909cm,Other,None
3591,代收代付小日常寢居b216100天然極致純棉6x62尺雙人加大床包被套四件組含枕,Other,None
3626,732562showermate沐浴乳香甜柚120,Other,None
3680,韓國innisfree無油無慮蜜粉系列礦物控油保濕5g2021年新包裝梨花跑跑妞,Other,None
3703,麗髮苑flora韓式豔彩補色洗髮精100ml體驗瓶紫紅色渣女色hmc韓國補色洗髮精增豔洗髮精沙龍品牌,Other,None
3707,即期品lauramercier煥顏凝露20經典款perfecting50ml,Other,None
3746,韓國klavuuph克拉優平衡潔面卸妝棉100片卸妝保濕清潔現貨,Other,None
3830,jen秋冬棉加絨床單被套枕套組5款可選,Other,None
3881,ng福利品媽咪小站有機棉布套不含床墊與枕芯,Other,None
3916,沒有牛燕麥奶原味300m,Other,None
3924,日本ccpmopet卡哇伊電動掃地機zzmr4展示品,Other,None
3933,明山玫伊comtimaru愛戀裸香香水沐浴露1000ml202211,Other,None
3935,翔仔居家tencel天絲床包被套組cubeberry多款多尺寸任選萊賽爾纖維超取有寄送限制請參閱說明,Other,None
3946,infinlin彩色甲油膠095128冬季系列深透系列碎鑽系列蹦迪膠甲油膠晶采暢貨官方商店,Other,None
3950,skinrolling新科若林胺基酸洗顏凝膠100ml,Other,None
3982,領券再折88nuk嬰兒洗衣精促銷組1000ml補充包750mlx2悅兒園婦幼生活館單筆滿2000送200點,Other,None
4072,422airfryeraf13l氣炸烤箱多色可選,Other,None
4145,izm逸直美高濃度速效保濕安瓶2ml5入組降99元202204術後可用買6盒加送森田藥粧面膜2片,Other,None
4150,橫鋼316不銹鋼陶瓷保溫杯750mlhg367,Other,None
4205,日本osk日本製無印風可微波分隔保鮮盒超值3入組保鮮盒可微波日本製,Other,None
4244,buttersugar,Other,None
4258,現貨萊恩家御天犬豬耳朵小食怪香烤豬耳朵低溫烘烤台灣製造耐咬耐嚼單片裝寵物耐咬狗零食寵物零食,Other,None
4290,miffyxmipow米菲104鍵全尺寸無線鍵盤滑鼠套裝組mpc006,Other,None
4303,總代理公司貨新品衝評價韓國fflow積雪草化妝水素顏霜安瓶保濕面霜水凝霜小唇膏精油洗面乳去角質,Other,None
4312,xigmatek富鈞xk100有線usb文書遊戲中文鍵盤鍵盤滑鼠組鍵鼠組雷雕隨插即用注音,Other,None
4349,官方授權免運費附發票moftkeyboard藍芽摺疊鍵盤藍芽鍵盤折疊鍵盤行動辦公中文注音版,Other,None
4391,0110211直播限1健麗齊蔓潔雙莓複合益生菌3g30包盒6盒詳細內容如商品描述,Other,None
4444,入門首選送禮首選限時折扣火星計畫boosterminix按摩槍筋膜槍一年保固售後保證每日出貨情人節,Other,None
4491,逐露天下硬漢pvc防潮地墊500g硬漢pvc耐用超防水500克防潮地墊270x270300x300,Other,None
4523,蒂芬妮亞零油感清透卸妝蜜200ml,Other,None
4567,11stbbia魅雅新款cashmere單色羊絨眼影10色單色眼影現貨速寄,Other,None
4604,佳斯捷潛水艇生生活水箱53l台灣製造可手提露營外出儲水箱,Other,None
4609,csmart雙刀頭雙杯超省力食物調理機料理機100ml250ml搗蒜鮮食副食品可用,Other,None
4617,celluver瑟路菲韓方養髮香氛洗髮精500ml任選兩款860,Other,None
4633,vapipad專用藍牙鍵盤102吋ipad78ipadair3適用,Other,None
4652,蒂芬妮亞零負擔瞬間酷涼防曬噴霧spf50pa70g,Other,None
4676,cleanwater濾水壺,Other,None
4761,德國百靈braun三鋒系列電鬍刀黑300sb公司貨保固2年買就送旅行盒,Other,None
4767,韓國cj韓式辣椒醬,Other,None
4804,1975藍莓活菌優酪乳1000ml,Other,None
4869,ihomi60支100天絲四件式床包被套組多款任選加大,Other,None
4921,彩娜野薑花沐浴乳2000ml,Other,None
4938,288192tw哈哈豆瓣450g,Other,None
4941,0570126汪限1美島水肌酒粕面膜120g2包詳細內容如商品描述,Other,None
4960,時時樂限定reddot紅點生活莫蘭迪軟式硅藻土吸水地墊買一送一任選長方形高級灰,Other,None
4993,check2checknaf36h超防水持久眼線膠筆11口碑好評限定組,Other,None
5054,speed快速出貨多功能按摩貼迷你按摩貼頸部按摩器舒緩按摩肩頸按摩放鬆肩頸按摩器頸椎貼脈衝按摩,Other,None
5062,現貨不用等生物素biotin10000mcg60顆液態膠囊swanson維他命維生素hb7輔酶r,Other,None
5070,韓國brillantereve旋轉眉筆共4色,Other,None
5310,現貨整箱吃日清afuri迷你版阿夫利柚子鹽味拉麵1箱15杯柚子拉麵日本泡麵拉麵杯麵nissn,Other,None
5363,家樂氏玉米片全系列優惠特價早餐脆片麥片玉米片穀片買2包送1贈品,Other,None
5374,身得壯高抗pt複合益生菌30包盒,Other,None
5412,claire經典美型20l微電腦平台式微波爐crec200pm網,Other,None
5486,postoreo巧克力棉花糖麥片250g,Other,None
5527,pocox3pro6gb128gb667吋八核心手機幻影黑,Other,None
5604,新雲摩爾xs長支香菸藍,Other,None
5692,合同酒造名地雞尾酒350ml青森蘋果風,Other,None
5794,wat氣泡雞尾酒330ml檀島凍檸茶,Other,None
5827,幫寶適一級幫拉拉褲升級增量新版smlxl日本進口日本必買日本樂天熱銷top日本樂天熱銷,Other,None
5868,安心保固日本製國際牌esst2tst2s電鬍刀刮鬍刀3刀頭國際電壓電量顯示水洗st2r,Other,None
5924,九陽多功能料理鍋line聯名款莎莉熊大k12d63m廠商直送,Other,None
5939,eucerin伊思妮密集修護護手霜羥基27oz78g,Other,None
5958,dazo適中多支點蜂巢獨立筒床墊免翻面設計床墊蝦幣10倍送,Other,None
6007,dc美食台灣現貨韓國binggrae水果牛奶哈密瓜牛奶蜜桃荔枝牛奶香蕉牛奶草莓牛奶韓國水果牛奶,Other,None
6032,妙而舒瞬吸舒爽紙尿褲箱購加贈10片15片smlxl花王旗艦館,Other,None
6041,fugubeauty無線溫熱手部按摩器三色情人節溫熱按摩器推薦手部保養穴道按摩氣壓按摩熱敷氣囊,Other,None
6127,香檸蜜柚冷萃咖啡,Other,None
6142,arvohome北歐沙發套可拆洗鬆緊帶全包覆沙發套高彈力柔軟舒適沙發套單人雙人三人沙發座椅套素色,Other,None
6206,科克蘭三層抽取式衛生紙110抽24入,Other,None
6229,現貨群聚newtouch凄麵京都背脂酱油味青森魚乾博多濃厚豚骨千葉竹岡拉麵函館鹽味千千推薦泡麵,Other,None
6351,明山玫伊comneatex白麝香絲柔保濕沐浴精500ml1,Other,None
6402,雲摩爾長支藍單,Other,None
6434,凱蒂娃娃單色腮紅01粉米色6g,Other,None
6511,毛寶x航海王聯名款最後收藏售完為止pm25洗衣精2200g除霉防蹣天然植萃制臭極淨現貨蝦皮直送,Other,None
6555,ejnikedaybreak奶油米白燕麥焦糖ck2351101dh1043100,Other,None
6572,自然零蔓越莓優酪乳,Other,None
6598,753714家樂氏日式水果穀片嚴選果實,Other,None
6636,天廚手提型保鮮盒,Other,None
6645,伊芮小姐英國金盞花平衡鎖水面膜5入,Other,None
6647,代收代付hanpeique涵沛傳明酸靚白精華液15ml小三美日,Other,None
6697,澳洲eaoron蜂膠蜂毒面膜麥蘆卡蜂蜜蜂毒面膜10ml8入面膜泥膜,Other,None
6703,附發票東欣monsa夢娜麗莎咖啡因生薑養髮液125ml無患子咖啡因健髮洗髮露500ml妍選,Other,None
6750,柯夢脫單icebar,Other,None
6799,被說愛七彩夜燈香薰加溼器台灣現貨水氧機香薰機水霧香芬機交換禮物生日,Other,None
6813,4531632422244za美白隔離霜02透亮紫35g,Other,None
6841,暢銷排行no4紅包888現折買2送3啟動雙乘代謝夜極薑黃100粒2送夜極薑黃30粒2孅益薑黃30粒1,Other,None
6867,innisfree濟州石榴活妍美膚眼部精華15ml官方旗艦店悅詩風吟,Other,None
6909,kobaru漂浮螢光筆lock條碼貓,Other,None
6915,含稅附發票皇家保鮮盒特大k2016密封盒保鮮盒儲物盒水果盒乾貨盒食品盒夢想百貨,Other,None
6942,pro33d電動牙刷粉色,Other,None
7013,288193tw哈哈辣豆瓣450g,Other,None
7038,關健時刻healthymoment漢方食補80克皮毛養護餐1入狗貓副食罐,Other,None
7069,weetbix澳洲全穀片麥香隨身包5包入10片澳洲早餐第一品牌專品藥局2022062010713,Other,None
7073,日本岩谷燒烤串燒防爆爐古銅色,Other,None
7082,barebones日式鍛造柴刀japanesenataaxehms2116hms2108,Other,None
7154,129摩爾藍,Other,None
7241,bowflex啞鈴組,Other,None
7251,日本masalia瑪莎利亞使眼色眼部按摩器la4501em,Other,None
7297,汪汪隊兒童萬毛牙刷3入,Other,None
7298,喵樂鮮味煮廚餐包55g海鮮雙享鮪纖金湯雞皇玉子鯖燉鮮蝦貓罐80g,Other,None
7308,童班同學旅行者兒童雨衣桃紅l,Other,None
7313,simpleshopnike長襪運動長襪勾勾長襪襪子三色一組粉色橘粉白色sx6888990,Other,None
7321,decamaxyv191019吋43dvi液晶螢幕鋼琴黑,Other,None
7333,蒂芬妮亞高效三合一卸妝水深層型300ml,Other,None
7336,歐洲barwa大地滋養髮膜120ml馬尾草,Other,None
7349,canadadry經典汽水,Other,None
7374,innisfree香榧鬥荳潔顏泡泡150ml香榧系列官方旗艦店悅詩風吟,Other,None
7406,博士倫boston博視頓舒潤液10ml硬式隱形眼鏡專用隱形眼鏡藥水角膜塑型片,Other,None
7412,drlimi超吸水魔力珪藻土地墊大二入組櫻花款,Other,None
7490,亞培特特級乾狗糧牛肉口味35kg包35kg包,Other,None
7503,美國熱銷卡通barbie兒童牙線棒36入,Other,None
7528,威哥寵物吶一口貓肉泥12種口味15g4入貓泥鮪魚基底雞肉基底美味無負擔吶一口肉泥牛磺酸貓零食,Other,None
7589,外送費20220201b0pfbart,Other,None
7619,小銅板超彈力沙發套多款式單人雙人三人四人附贈壓條椅套通用彈性沙發罩,Other,None
7637,艾比百貨彩色洗衣膠囊一盒30顆芳香洗衣凝膠球芳香洗衣凝膠洗衣凝珠洗機精洗衣球非pg洗衣膠球,Other,None
7640,過年不打烊訂單滿888折88nike休閒鞋airmoreuptempogs全白大air女布魯克林dh9719100,Other,None
7666,加拿大鳳梨奶昔ipa啤酒473ml,Other,None
7712,小扁臉法國皇家貓腸胃道消化道處方飼料腸胃道低卡路里處方飼料gi32gim35gik352kg,Other,None
7719,派滴兒點眼液10ml,Other,None
7758,n011812797迪士尼授權史迪奇系列珪藻土吸水地墊60x39x09溫泉史迪奇,Other,None
7814,歐洲barwa高效舒敏天然皂190g,Other,None
7945,愛康超透氣衛生棉量少型19cm9片,Other,None
7957,pocom4pro5g活力黃6g128g,Other,None
7967,39摩爾藍8mg,Other,None
8005,台南下營區農會黑豆蔭油膏420ml,Other,None
8045,現貨24h寄出婕凡希公司貨健憶b群糖衣錠b1b2b6b12dhavitc60顆盒,Other,None
8097,好厝邊只能超取goon日本大王迪士尼系列尿布褲型紙尿布mlxlxxl維尼胡迪米奇,Other,None
8179,雲摩爾長支紅香,Other,None
8184,nov娜芙魔法泡泡潔顏慕斯400ml日本原裝進口敏感性膚質專用中文標公司貨,Other,None
8234,羅技pebblem350懶洋洋貓蟲滑鼠上蓋組居家健身貓蟲,Other,None
8242,泰國yoko法式玫瑰精油美甲嫩白護手霜50g,Other,None
8284,摩爾xs香菸藍,Other,None
8319,海霸王素食沙茶醬360g愛買,Other,None
8322,全省免運法國evian依雲天然水500mlx48瓶共2箱公司貨正貨愛維養,Other,None
8358,悠活原力維生素c鐵口含錠28錠包水蜜桃玫瑰口味粉紅心型錠青春美麗紅潤光采現貨蝦皮直送,Other,None
8373,cindy美妝全現貨colourpop新品到眼影盤sweettalk豹紋盤,Other,None
8440,zott水果優格150g,Other,None
8452,14001055941eisai日本衛采俏正美chocolabb膠原錠120錠3瓶,Other,None
8504,蒂芬妮亞深層煥白親膚卸妝棉30片,Other,None
8506,上新優惠價韓國黃金奈米牙刷超細雙層刷毛牙刷軟毛牙刷成人牙刷健康牙刷白人牙刷旅行牙刷細毛牙刷,Other,None
8574,台灣現貨可自取88v鋰電鼓風機牧田通用菲仕德品牌保固一年吹吸噴三用充電吹風機電動吹葉機除塵器吸塵器,Other,None
8586,沒有牛燕麥奶原1000m,Other,None
8587,開發票現貨happybebe超純水濕巾零售區濕紙巾,Other,None
8628,佶之屋searo水零容超強七酵素環保洗衣膠囊48顆盒2入,Other,None
8668,庶務客innisfree眉筆自然眉型雙頭旋轉眉筆妝自然眉筆韓國官方現貨,Other,None
8685,110653779134airmatehp13108r8塔式陶瓷電暖器,Other,None
8700,科克蘭三層抽取衛生紙120張x24包x3串,Other,None
8714,blackmamba黑嬤嬤卡宴辣椒醬180ml,Other,None
8724,paraquebyredo百瑞德身體乳液225ml無人之境返樸歸真身體乳,Other,None
8728,鴻運luckystrike香菸7號7毫克,Other,None
8792,petitfee眼膜60片84g現貨廠商直送,Other,None
8804,樂司帶勁運動保溫瓶650ml銀白,Other,None
8822,innisfree花漾綿蜜唇萃4g霧面奶油絲絨唇釉vividcottonink官方旗艦店,Other,None
8841,貝兒居家寢飾生活館天絲兒童三件組tencel3m吸濕排汗技術鋪棉睡墊涼被童枕兒童睡袋多款任選,Other,None
8845,酪農戶限定鮮乳萬丹1857ml瓶,Other,None
8869,bonbonnaturel北歐簡約素色超彈力沙發套三人座190230cm之間適用多款花色可挑選,Other,None
8879,雲摩爾xs1毫克,Other,None
8919,t518日本肯特ss風味晶球涼菸5毫克包,Other,None
8938,診旁的通道等七喜,Other,None
8961,代收代付eisai日本衛采chocolabbplus俏正美bb膠原錠120錠,Other,None
9002,現貨娜芙nov防曬隔離霜40gexspf50增量版公司貨,Other,None
9045,日本canmake柔滑極細眼線膠筆15mm亞貿購物趣電子發票,Other,None
9134,innisfree蘋果籽眼唇卸妝液100ml官方旗艦店悅詩風吟,Other,None
9252,格琳生活館機車野營專用日本千石迷你型輕便卡式瓦斯爐抹茶綠,Other,None
9270,concern康生寵i手護時光手部按摩器第二代con656,Other,None
9281,崙背鮮乳,Other,None
9292,日本atrix高滲透護手霜80g蜂蜜柚子香,Other,None
9333,crbarbermen紳士造型髮蠟80g強力定型,Other,None
9376,韓國innisfree綠茶護唇膏36g小三美日d278056,Other,None
9397,外送費20220205dqruabar,Other,None
9418,keepfit科普菲石墨烯氣囊腰部按摩器熱敷按摩7檔按摩3段溫控熱敷,Other,None
9426,pkl4特潤奶霜唇膏915煙燻黑皮諾,Other,None
9487,visionadvanced康晶視膜衣錠40錠葉黃素瑞昌藥局009945,Other,None
9570,airdeo植物精油香薰器,Other,None
9608,agape亞加貝mit台灣製蜜糖粉舒柔棉雙人5尺三件式薄床包組百貨專櫃精品,Other,None
9671,新賣場開幕現貨優惠韓國直進孔劉kanu最新迪士尼disney米奇米妮保溫杯,Other,None
9766,冰藍blink高水份隱形眼鏡潤濕液10ml罐憨吉小舖單筆滿2000賺200點刷樂天卡滿5000再享10回饋,Other,None
9809,爽啤600ml,Other,None
9822,喝好水迎福年brondell美國邦特爾極淨白濾水壺4入芯冬寒養肺多喝好水防疫護全家更全面網,Other,None
9945,拭拭樂親子熊潔膚柔濕巾野餐版80抽x3入愛買,Other,None
9955,蒂芬妮亞浸白肌完美柔光亮顏霜spf3540g,Other,None
9988,小日常寢居極柔暖抗寒法蘭絨床包組單雙加大雙人兩用被套毯舖棉暖暖被多款任選全台獨家設計花色,Other,None
9998,seiga台灣製舒柔棉四件式床包被套組單人雙人加大均一價多色可選,Other,None
10029,領券再折30可集點可刷卡分期有發票宅配免運幫寶適一級幫拉拉褲褲型幫寶適smlxlxxl,Other,None
10041,愛康抗菌衛生棉日用型24cm8片,Other,None
10044,小日常寢居清新素色100防水防蹣6x7尺標準雙人薄被套五色任選雙面防水180210公分台灣製薄被單,Other,None
10045,寵愛物語dentaspiral無穀低敏潔牙骨14kg裝潔牙骨狗狗潔牙骨犬用潔牙骨無穀潔牙骨潔牙骨,Other,None
10049,康貝combikumakun超純水嬰兒柔濕巾80抽3入x8串24包箱購衛立兒生活館,Other,None
10055,蒂芬妮亞零油感眼唇卸妝液120ml,Other,None
10156,世界go現貨韓國innisfree濟州香氛護手霜30ml多款任選護手霜新包裝,Other,None
10187,univavaaonijie運動軟水杯食品級tpu材質可折疊重複使用戶外活動馬拉松路跑越野野餐,Other,None
10197,蒂芬妮亞3d水感柔焦cc霜spf50自然色50g,Other,None
10200,barebones10吋鑄鐵平底鍋ckw302,Other,None
10213,新日本肯特ss風味晶球涼菸1號,Other,None
10222,天府牌豆瓣醬,Other,None
10338,baster巴絲特寵物零食功夫大師兄系列全新手工製成香濃可口狗零食wang,Other,None
10429,汪旺來唯潔潔牙骨綜合超值盒m號296oz840g家庭號桶裝適合中型犬無穀物素食whimzees磨牙骨,Other,None
10451,憶馨韓國bycat喵洽普貓咪凍乾零食鱈魚鮭魚口味寵物零食寵物凍乾寵物零嘴貓零食,Other,None
10477,搬運工barulab7效合1清潔泥膜泥膜薄荷泥膜補水面膜面膜毛孔清潔零油光縮毛孔提亮膚色保濕,Other,None
10478,unicat變臉貓輕盈鑽白素顏霜50mlq10導入抗氧精華露,Other,None
10483,innisfree濟州櫻花亮顏三步驟組亮顏霜水凝霜洗面乳官方旗艦店,Other,None
10591,紅包888現折下殺71折全新升級益菌加量益菌王益生菌膠囊60粒6瓶,Other,None
10687,ktv臉修容餅ex1,Other,None
10708,coway綠淨力噴射循環空氣清淨機ap1516dap1512hhw,Other,None
10780,韓國cj韓式辣椒醬生菜沾味噌醬500g,Other,None
10796,台灣秒發貨電子發票買1送1抖音爆紅xixi防水防汗眼線液筆不暈染眼線筆彩色防水防油超抗暈眼線不脫妝,Other,None
10868,thetispure特蒂斯100深海離子水780mlx20入,Other,None
10871,戴維爵士衣料抗菌洗潔精1000ml抗塵蟎專用洗衣液洗衣精除臭除菌買就送tanah護膜液40ml隨身瓶,Other,None
10957,日本肯特長支香菸號,Other,None
10969,紅包888現折下殺78折300倍高濃度b群長效10小時人蔘蜆b群30粒5瓶,Other,None
11002,台北現貨台達暴力風扇16a08a大風量3900轉3400轉附螺絲挖礦風扇12cm礦機風扇礦架,Other,None
11017,手部保養ka15maycreate健美創研花草香味護手霜30g香氛護手霜joyslulady,Other,None
11065,韓國bnbg維他命凝膠面膜30ml彈力緊緻,Other,None
11123,黛琍居家dailyhome台灣現貨最新一代彩光淡皺美頸儀超音波導入美容瘦臉儀彩淡紋頸紋頸部按摩儀,Other,None
11135,輕身体艷柑橘精油洗衣精2000ml添加小蘇打成份衣物潔淨除臭,Other,None
11187,60支精梳棉床包被套兩用被單人雙人加大kingsize床包芝麻豆腐台灣製造棉床本舖喵,Other,None
11237,森吉小舖單條韓國maxim麥心咖啡冰美式原味摩卡減糖白金低卡咖啡1入即溶咖啡,Other,None
11259,6號登山扣20mm皮套指南針礦泉水瓶扣快掛瓶扣滿額送台灣現貨,Other,None
11282,玻璃油膜清潔濕巾玻璃前擋風玻璃玻璃防霧濕巾玻璃油膜濕巾清洗劑去油污清洗汽車用品汽車濕巾黃小鴨,Other,None
11354,colourfancier砂礫指甲油麻紗白岩12ml,Other,None
11403,愛康超透氣衛生棉日用夜用加長護墊涼感抑菌透氣6款可選愛康衛生棉愛康衛生棉,Other,None
11427,現貨預購charlottetilbury眼影盤pillowtalkexaggereyes眼影,Other,None
11479,多格漫犬用hello角切起司塊110g,Other,None
11590,台灣現貨小米有品品敬聲波電動牙刷杜邦刷毛成人牙刷家用牙刷細毛牙刷軟毛牙刷電動牙刷,Other,None
11630,現貨公司貨日本bulkhomme本客潔顔霜化妝水乳液體驗組男士深層潔淨洗面乳男仕潔顏霜,Other,None
11650,307821喵喵鮪魚蝦肉魚風味貓罐170,Other,None
11693,澳洲simpleliving雙人300織台灣製純棉被套普魯士藍,Other,None
11697,dv玻尿酸保濕面膜升級版單片48元醫美術後專用買10片送逸直美安瓶1小支體驗,Other,None
11707,比利時alpro原味燕麥奶1l8瓶全素,Other,None
11711,許慶良鮮乳瓶商品券173瓶,Other,None
11717,slappleipadair109吋wifi64g玫瑰金myfp2taa,Other,None
11736,富郁床墊冰島天然海藻紗嬰兒獨立筒彈簧床墊60x120x12cm70x130x12cm中鋼鋼線220顆彈簧,Other,None
11766,mywonderful擴香微醺色系康乃馨平原玫瑰索拉花通草花擴香花不凋玫瑰花材婚禮薔薇擴香棒,Other,None
11809,台灣現貨日本製造檜木香氛小方塊檜木括香木aromacube擴香香氛精油香木磚日本香木塊,Other,None
11816,nivea天使柔膚沐浴乳黑醋栗草本香480ml,Other,None
11837,blackgears黑設ht6trio微型低功率電暖器專用活性碳濾網一組兩片,Other,None
11848,蝦皮最低價澳洲代購現貨澳洲珂然grahams高效異敏修護霜50g高效異敏潤膚油100全新正品,Other,None
11892,家樂氏陽光樂活大燕麥片800g,Other,None
11953,好奇濕巾超厚倍柔純淨無香64抽3包箱6,Other,None
11970,mish摩洛哥堅果控油抗屑洗髮精500ml,Other,None
12087,金金嚴選潔牙棒潔牙潔牙骨狗狗狗潔牙骨狗狗潔牙棒寵物潔牙骨耐嚼潔牙骨goodies固迪斯耐嚼型潔牙棒,Other,None
12168,世界go日本原裝近江兄弟omi高保濕超保濕滋潤維他命潤澤護手霜乳霜145g,Other,None
12262,代收代付周末限定買1送1neotec妮傲絲翠葡聚醣前導精華美容液250ml妮傲絲翠,Other,None
12361,雲摩爾xs香菸長支紅10毫克,Other,None
12378,預整雪碧4件75,Other,None
12398,真愛truelove12入包衛生套保險套宗天藥局,Other,None
12479,耀哥商城康朵艾草香柏淨化沐浴露500ml,Other,None
12506,台糖礦泉水大,Other,None
12537,王子genki超柔軟紙尿褲黏貼型sxlx4包箱箱購廠商直送,Other,None
12545,自然美暖光香氛水氧機自營員購ob,Other,None
12552,毛寶四款任選衣物柔軟精溫暖花香防霉日光浴瓶裝32kg裝補充包19kg裝,Other,None
12594,散克巴點眼液,Other,None
12608,代收代付韓國innisfree奇蹟修護精華油70ml款式可選小三美日,Other,None
12647,s9雕光鍵影usb遊戲鍵盤,Other,None
12761,紅鋒香菸,Other,None
12793,瑞士百年品牌moncross珠光鈦石鍋具加碼回饋組,Other,None
12815,paraquediptyque蒂普提克迷你香氛蠟燭35g漿果香玫瑰琥珀碳木情人節限量,Other,None
12855,和田順無糖順道紅茶500ml,Other,None
12874,黑牌碧歐馨濃縮黑皂液,Other,None
13018,香檸蜜柚冷萃咖啡20220214q2jgdrsp,Other,None
13025,優仕咖啡,Other,None
13035,沒有牛燕麥奶經典原味300ml300ml,Other,None
13046,單身狗炙燒小羔羊肉條75g搖搖粉,Other,None
13072,fresho2玩具總動員系列無重力絲滑唇膏升級版,Other,None
13127,mpx814粉持色眼彩霜,Other,None
13159,老油條樂固特lacalutaktiv強化牙膏強化護齦牙膏100ml德國原裝進口,Other,None
13161,香檸蜜柚冷萃咖啡20220212swhmzn7v,Other,None
13169,10倍蝦幣回饋台灣公司貨可集點宅配免運附電子發票幫寶適超薄乾爽紙尿褲黏貼型紙尿布nbsmlxlxx,Other,None
13187,產銷履歷陽光樂豆乳黑豆,Other,None
13278,崙背鮮奶936ml,Other,None
13443,韓國422inc7l氣炸烤箱保固一年台灣公司貨beutii,Other,None
13457,蕾曼老褐金帶啤酒750毫升,Other,None
13522,barilla直麵5號500g500g,Other,None
13585,innisfree超服貼水漾唇膏33grealfitshine口紅唇彩亮面官方旗艦店悅詩風吟,Other,None
13643,lifecode夜行星二房一廳超大48人帳篷,Other,None
13688,代收代付台灣珍昕台灣製全新包裝金龍牙刷軟毛3入裝牙刷,Other,None
13697,達米先生二手機iphonei7i8xrxs1111promax中古機備用機,Other,None
13764,infinlin彩色甲油膠001045白黑乳白牛乳正紅甲油膠凝膠晶采暢貨官方商店,Other,None
13815,全省免運法國依雲evian天然水歐洲版500mlx24瓶依雲折價卷飯店會議批發登山,Other,None
13854,樸樂烘材料法國可可巴芮cacaobarry防潮可可粉extrabrute分裝100g無糖可可粉,Other,None
13914,允諾兒童b群咀嚼錠150錠,Other,None
13934,bananastore多件優惠現貨日本限定luxgoactive二合一洗髮沐浴精150g,Other,None
13959,nnsf564微波爐,Other,None
13976,montbell得獎款高山保溫瓶500毫升保溫保冰輕量斷熱瓶05l1124617,Other,None
13980,特價2件99台灣製造護手霜櫻花檀香山茶花美容保養台灣製造芙玉寶台灣現貨電子發票團購批發聊聊,Other,None
13996,actuel密封保鮮盒長型115l長202x寬132x高70mm,Other,None
14062,限時特賣俏正美bb膠原錠120顆x2罐單筆滿2000賺200點回饋,Other,None
14065,生活碎片紙膠帶微醺時刻,Other,None
14068,699493峰香菸20ps10,Other,None
14095,台灣快速出貨pma石墨烯手部按摩神器小米有品按摩機手部按摩器手掌按摩器手指按摩器小米智能按摩父親節禮,Other,None
14220,0772154413一度贊酸菜豬肉麵,Other,None
14259,艾沛ipet和食貓零食50gx3包組柴魚薄切條小魚干包肉鱈魚嫩雞條零食貓咪點心肉條貓來了台灣製造,Other,None
14272,solonekt專屬訂製圓弧眼影刷he02,Other,None
14273,peripera捲翹睫毛膏定型膠持久定型不垂塌官方直營蝦皮直送現貨,Other,None
14306,沒有牛膳食纖維燕麥奶,Other,None
14350,pinkbypurebeauty絲絨緞面唇釉02太妃糖奶茶10,Other,None
14365,qqgirl兒童水性指甲油4瓶可剝式水性兒童指甲油,Other,None
14372,median93牙膏120g24h出貨台灣現貨小麥購物s066牙膏刷牙牙齒清潔,Other,None
14418,山姆百貨romano男性香精經典潤膚沐浴乳700g檀香,Other,None
14430,miffyxmipow米飛x麥泡聯名無線鍵盤滑鼠套裝mpc001,Other,None
14436,水滴將純水柔濕巾90抽包濕紙巾超取最多12包,Other,None
14442,dahoo專業用三合一光療卸甲油180ml,Other,None
14455,白蘭強效潔淨洗衣粉425kg,Other,None
14498,日本kao鈴蘭花香洗衣粉15kg特大限量版,Other,None
14506,現貨日本zeppin日清極品貓罐新懷石系列80g懷石極品水煮湯罐貓餐罐化毛貓罐頭aplumes寵物部屋,Other,None
14524,現貨moemi萬毛牙刷微奈米12000根靈巧刷頭磨尖刷絲刷感舒適,Other,None
14525,最後出貨日12610倍蝦幣幫寶適超薄乾爽拉拉褲mlxlxxl丹丹批發網,Other,None
14585,憶馨奧地利kent肯特犬罐kt415g罐多種口味任選狗罐頭主食罐肯特狗罐wp802,Other,None
14602,森吉小舖現貨韓國median93牙膏120g強效護理牙膏刷牙麥迪安牙膏93牙膏皮諾丘朴信惠使用,Other,None
14607,actuel密封保鮮盒長型500ml長150x寬108x高59mm,Other,None
14631,歐洲barwa森呼吸潤髮乳200ml米萃,Other,None
14675,lepichet蘋果六胜防斷修護洗髮精500m,Other,None
14685,領券兩箱再折可集點可刷卡免運有發票幫寶適超薄乾爽黏貼型紙尿布拉拉褲綠幫mlxlxxl,Other,None
14698,日本花王laurier零觸感薄型量多日用衛生棉25cm18枚入,Other,None
14815,佳味食品客家鹹湯圓320g,Other,None
14822,隨機出貨原廠公司貨正品保證健美創研maycreate植物精華香氛護手霜滋潤防乾裂香氛花香,Other,None
14839,ebara壽喜燒醬甘口300ml,Other,None
14884,forestoutdoor超強320w充氣機變身吸塵器套件濾心可加購多種配件20版充氣機變吸塵器,Other,None
14887,蘭華小舖sofina蘇菲娜漾婕控油水潤瓷效妝前隔離乳spf1625ml25g兩款任選,Other,None
14893,youus櫻花氣泡飲特價2511170td,Other,None
14910,日本黑髮極限毛髮賦活精華explus升級版50mlx2瓶贈黑淬絲漢方豐盈洗髮精x1瓶網,Other,None
14943,台灣現貨vinimay日式鵪鶉蛋殼膠蛋殼膠美甲用品12ml甲油膠台灣代理商公司貨色膠v002,Other,None
14976,1423solone去妳的油光隨身蜜粉餅膚5,Other,None
14981,innisfree我的霧面眼影官方旗艦店悅詩風吟,Other,None
14991,canmake完美霧面眉影盤官方直營美滿堂beautyfull,Other,None
15034,白蘭強效除滿菌洗衣粉425kg洗衣粉除螨強力洗淨洗衣衣物清潔生活日用衣物洗滌雷霆百貨5301,Other,None
15090,bebeganic兒童天然芒果洗髮精500ml韓國人氣品牌,Other,None
15108,n010456467里仁網購高優活乳酸菌粉,Other,None
15113,超能安瓶極地雪藻酷涼保濕面膜4入盒有問題請聊聊我的心機,Other,None
15168,pocom34g128g冷酷藍,Other,None
15172,mamalove蜂蜜美妍優格170,Other,None
15189,韓媽macqueen魅眼極細防水眼線液筆韓國暢銷好評防水持久一整天韓媽親自試用推薦mqny眼線筆高cp值,Other,None
15230,mistel密斯特q75typec有線24g雙模83鍵機械式鍵盤雙系統英文版or中文版台灣製造,Other,None
15250,fosa智能真空保鮮盒三入850mlhfa30850真鮮寶,Other,None
15285,bf貓眼膠光變貓眼膠萬能晶石貓眼冰沙貓眼月光貓眼人鱼貓眼碎鑽貓眼冬季貓眼byfunme光撩甲油膠美甲材料,Other,None
15289,canmake新晶燦指甲油n11n20官方直營美滿堂beautyfull,Other,None
15494,亞尼活力血紅素鐵b12複方膠囊食品懷孕產後補鐵葉酸400微克,Other,None
15576,pekopeko沛可沛可寵鮮餐罐85克鮮嫩雞肉營養雞肝24入犬貓副食罐整箱罐罐,Other,None
15584,代收代付阪神宅女全新百貨專櫃正貨skiiskiisk2深層淨透潔顏油250ml,Other,None
15594,特賣fulexskyn富力士保險套衛生套柔潤輕柔10入盒2款任選特賣,Other,None
15609,俏麗美人台灣專櫃貨黛珂decorteaq完美精質洗顏露18ml50ml洗面乳洗臉蝦皮代開發票,Other,None
15620,644822髮職人恆久護色修護洗髮精50,Other,None
15650,沒有牛燕麥奶植蛋1l,Other,None
15655,colourfancier砂礫指甲油藍砂穹灰12ml,Other,None
15712,固特齒聲波電動牙刷eb001自信白,Other,None
15728,11stromnd新款line聯名系列果汁唇釉26色不沾杯不掉色韓服唇彩水光唇釉珠光豐唇蜜,Other,None
15791,toast蕾莉歐香氛精靈水氧機黑色美禪型lt093331,Other,None
15795,日本熊野油脂salonlink極致保濕修護洗髮乳1000ml,Other,None
15839,innisfree雙色眉彩餅35g官方旗艦店悅詩風吟,Other,None
15879,圓韓國meowow貓chupa啾愛肉泥貓肉泥系列40g4入,Other,None
15894,100瑞典製造專業牙醫師推薦tepenova深層潔淨牙刷,Other,None
15970,義大利blackhammer原廠采柔陶瓷不鏽鋼彈跳保溫瓶525ml385ml三色可選,Other,None
15984,世界go韓國postoreoos奧利奧棉花糖巧克力球巧克力麥片草莓棉花糖250g限定款,Other,None
15993,旺旺生活貓薄荷球貓草球高壓製成貓薄荷薄荷球貓零食貓主子最愛貓咪用品木天蓼貓草,Other,None
16064,oatly燕麥奶1000ml原味,Other,None
16065,歐洲代購biogaia益生菌瑞典製非台灣公司貨,Other,None
16098,colourfancier鏡面光感指甲油琉璃幻彩12mlch03,Other,None
16105,現貨marvis義大利薄荷牙膏七款85ml25ml限定款75ml附發票清爽清新好口氣附發票,Other,None
16124,英國adnams英式bitter啤酒500ml,Other,None
16180,髮職人抗屑調理洗髮精500ml500ml,Other,None
16198,n011974548nikeryz365ii男女孫芸芸老爹鞋休閒鞋cu487410us10奶油白,Other,None
16263,日本花王艾翠斯atrixbeautycharge植物性膠原蛋白護手霜蜂蜜柚子琥珀玫瑰桃花茶夜間修護霜,Other,None
16274,日本進口日製熊野法瑪雅kum綠色超酷清涼沐浴乳600ml超涼超涼沐浴乳另有補充包,Other,None
16302,去你的油光隨身蜜粉餅,Other,None
16365,blackgears黑設ht6trio微型低功率露營電暖器,Other,None
16451,特價120元pureluxe循味天然無穀貓糧成貓火雞肉750g效期2022年9月化毛功效超取限包t002i020750,Other,None
16461,laura1010aadal智慧校色bb霜,Other,None
16491,琴制g099g107g106眼影刷細光鋒羊毛,Other,None
16509,799359ud樂司帶勁運動保溫瓶黑650m,Other,None
16519,台灣24h現貨tds水質檢測筆水質檢測安心用水水族水質檢測飲用水實驗室軟水硬水淨水水族,Other,None
16564,diane黛絲恩betrue純淨蓬鬆藜麥洗髮精400ml,Other,None
16593,代收代付eucerin伊思妮燕麥乾性乾癢肌膚無香潤膚乳霜14oz396g美國進口,Other,None
16648,perixx佩銳銳鍵512有線人體工學注音鍵盤,Other,None
16659,n010656453skii光感煥白cc霜spf50pa30g,Other,None
16732,注文時間犬用主食餐包80g青汁嫩雞06192,Other,None
16742,鴻運紫綠雙晶球薄荷香菸8毫克,Other,None
16788,699501m雲摩爾xs香菸藍20ps,Other,None
16797,lemonsolo軟式硅藻土速乾吸水地墊1入lmv110長方粉黛石紋,Other,None
16821,skiirna超肌能緊緻彈力精萃75ml,Other,None
16838,tna喵喵待補貓零食貓點心貓肉乾雞肉丁貓肉丁貓天然零食美喵的事,Other,None
16870,bodhi環保tpe折疊瑜珈墊加厚6mmsgs認證雙色正反面易辨識清潔摺疊瑜伽墊紫灰,Other,None
16923,charmcolor炫亮柔彩蜜粉25g回饋超低價,Other,None
16958,過年不打烊訂單滿888折88nike休閒鞋waffleone灰粉小sacai解構輕量女布魯克林dn4696102,Other,None
16975,棉床本舖精梳棉可愛款三件式枕套床包組台灣製多款可選雙人,Other,None
16985,miiiw米物無線靜音滑鼠三檔dpi調節hdmi高清4k傳輸,Other,None
17003,e西歐沙犬用98無穀全肉罐雞肉地瓜170g,Other,None
17010,蒂芬妮亞極簡保濕潔顏皂霜100g,Other,None
17013,熊媽媽嚴選康水工坊超真空精密骨瓷保溫杯搶貨組,Other,None
17016,伴寶樂嬰兒拉拉褲自然風5號2片裝,Other,None
17058,和田順無糖順道紅茶912ml,Other,None
17097,旺旺生活pv貓咪鮮極棒貓肉條鮮極棒魔法村貓肉條pv魔法村貓零食寵物肉條肉條寵物零食,Other,None
17131,ddnikeairforce1全白鐵牌dd8959100男cw2288111,Other,None
17151,momo獨家販售mstar四星潔牙骨桶裝1300g有效清潔牙齒增加摩擦力,Other,None
17239,韓國everlock316不鏽鋼巨無霸保鮮盒,Other,None
17269,雲摩爾香菸毫,Other,None
17327,喵玩國hojja賀家100純粹野味貓咪凍乾零食柳葉魚雞肉,Other,None
17399,lulucatneogence霓淨思玻尿酸控油持妝乳妝前保濕精華改版50ml,Other,None
17402,香檸蜜柚冷萃咖啡20220203j0kzzxgn,Other,None
17418,新日本肯特ssspark晶球涼菸5號,Other,None
17477,日本honey蜂蜜亮澤修護洗髮乳10,Other,None
17584,代購奧利多oligo活性飲料240ml48罐限宅配奧利多水廠商原箱出貨,Other,None
17592,六甲原味優格,Other,None
17653,olivia素色玩色主義60支頂級300織天絲萊賽爾床包枕套組tl2000天空藍x銀灰,Other,None
17658,單身狗軟嫩筷子多汁雞肉條10g,Other,None
17673,代收代付日本dayplus全方位氣壓式溫熱手部按摩器hfg1537護手養生舒壓,Other,None
17711,潑辣拌麵100gx2入新東陽官方直營旗艦店拌麵辣拌麵快煮麵麵即食麵乾拌麵防疫乾麵囤貨即食,Other,None
17742,多功能瑜珈墊通過sgs認證10mm超厚瑜珈墊加厚瑜珈墊nbr瑜珈墊瑜伽墊瑜珈軟墊royal御皇居,Other,None
17767,soocas素士品敬迷你電動刮鬍刀sowhite品敬電動便攜迷你剃鬚刀刮鬍刀充電式原廠正品現貨,Other,None
17771,637221家樂氏陽光樂活大燕麥片800g,Other,None
17782,日本atrix高滲透護手霜80g琥珀玫瑰香,Other,None
17828,barebones園藝多功能刀horihorigdn046不鏽鋼挖掘刀園藝刀,Other,None
17856,keyway名廚1號長型保鮮盒,Other,None
17863,北歐風水果熱紅酒香料包鍋煮奶茶微醺露營聖誕禮物日月潭鍋煮奶茶,Other,None
17864,日本inomata麵條專用微波保鮮盒1100ml,Other,None
17871,coco星綻唇膏140生命,Other,None
17880,pampers日本幫寶適一級幫拉拉褲蝦皮團購部分預購20221月第一周出貨,Other,None
17951,日本肯特ss風味晶球涼煙1號,Other,None
17970,暖象牙米羽潤親膚粉餅warmivory,Other,None
17982,三矢日本果物津輕蘋果蘇打pet450,Other,None
17983,瑞士moncross英國藍全球限量鍋具組,Other,None
18001,草地狀元即食舒肥雞胸肉,Other,None
18026,三島沺煮海苔醬綠標,Other,None
18095,許慶良鮮乳瓶商品券2罐209元,Other,None
18164,barwa親膚液體皂500ml水感柔嫩,Other,None
18181,拆袋即食包舒肥嫩雞胸小包裝120g5拆封即食低溫烹調舒肥雞胸肉健身高蛋白711全家超商取貨,Other,None
18246,魔法花園韓國innisfree洗面乳保濕潔顏泡泡150g綠茶洗面乳火山泥洗面乳原裝進口悅詩風吟,Other,None
18277,艾可036l內陶瓷保溫杯極致紅ikhv360rd,Other,None
18281,e沃野速效潔牙骨葉綠素雞肉長,Other,None
18418,無國界零食屋世界的美味麒麟kirin奶油玉米濃湯玉米濃湯罐185gasahi朝日玉米濃湯罐,Other,None
18481,正品帶發票innisfree自然眉型雙頭旋轉眉筆新版03g7款可選韓國原裝進口,Other,None
18499,中化健康360日光維生素d3軟膠囊60顆盒,Other,None
18549,petroyaldentaspiral無穀低敏潔牙棒五星螺旋十字造型六星螺旋500g潔牙骨abones,Other,None
18590,medicare輕巧隨行溫感按摩枕五十度灰,Other,None
18604,bowflex啞鈴組,Other,None
18642,愛露愛玩嘉儀ptc陶瓷式電暖器電暖器自動斷電可定時陶瓷電暖器暖氣機露營居家保暖,Other,None
18666,芳茲日月養生滴雞精常溫環保包裝組網路口碑部落客激推榮獲aa無添加三星驗證及世界品質金獎章,Other,None
18716,慈光bb原味水餃沾醬145ml,Other,None
18724,新雲摩爾xs香菸藍,Other,None
18745,沛比兒超效潔牙骨1000g2桶葉綠素風味寵物零食狗零食潔牙骨,Other,None
18833,316綠貝勁跑不鏽鋼真空保溫杯950ml,Other,None
18839,tna悠遊食補系列喵喵待補手作零食30克護眼枸杞葉黃素好口氣蕎麥綠茶爆毛鱉蛋粉貓零食,Other,None
18846,carlschmidtsohn德國卡爾32l氣炸鍋gla320,Other,None
18898,悠活原力高濃縮蔓越莓私密益生菌植物膠囊30顆盒,Other,None
18901,holin曼巴咖啡鑽石型濾掛咖啡10包盒接單新鮮製作專業一品世界精品深焙,Other,None
18982,和田順順道燉奶茶500ml,Other,None
19066,c099600495missdior花漾迪奧香體蜜粉,Other,None
19088,innisfree繽紛大地指甲油realcolornail官方旗艦店悅詩風吟,Other,None
19094,米塔肌肉筋膜震動按摩槍4種按摩頭mtgu05,Other,None
19113,喵樂mdaryn喵樂餐包鮮味煮廚貓餐包55g雞皇玉子海鮮雙享鮪纖金湯鯖燉鮮蝦餐包優選寵物,Other,None
19132,限各倉辦公室兌換許慶良鮮乳瓶商品券,Other,None
19169,2021新款上市blackgears黑設ht6trio微型低功率電暖器,Other,None
19176,樸樂烘焙材料法國cacaobarry可可巴芮100純苦巧克力可可鈕扣分裝適合生酮,Other,None
19248,zott德國原味經典優格,Other,None
19270,嘉莉美妝紋繡美甲材料solone持久美型旋轉眉筆3色可選,Other,None
19283,愛康抗菌衛生棉夜用型28cm7片,Other,None
19287,保證真貨大量可批skii活膚卸妝蜜80克7折,Other,None
19319,mavoly氣壓式拉伸頸椎手壓充氣牽引按摩枕c0354,Other,None
19370,kingxbariphone11i11施華洛世奇水鑽手機保護殼套花季系列梔子花,Other,None
19457,petroyal新鮮達人低鹽天然小魚乾量販包380g鮮達人重量級貓零食丁香魚乾優豆低鹽小魚乾,Other,None
19458,arvohome丹麥極簡主義雙色床包被套組舒適裸睡素面日系素色雙人加大4件組美式工業風素色床單,Other,None
19513,限總管理處兌換許慶良鮮乳瓶商品券,Other,None
19627,藤澤商事fujisawa天然蟹肉絲400g大包裝犬貓皆可食用,Other,None
19645,王子麵包超人拉拉褲m583包箱,Other,None
19704,loyano羅亞諾316陶瓷層保溫杯550ml700mlsgs認證保溫杯保溫瓶運動瓶陶瓷保溫杯,Other,None
19731,sastty日本製利尻昆布泡沫染髮露天然植萃無化學添加白髮染增色護色天然洗髮乳洗髮精養護式染髮台灣公司貨,Other,None
19777,266394青松長型微波保鮮盒1l3入,Other,None
19830,被說愛木質溫控無水香薰夜燈台灣現貨usb燈擴香儀無水擴香小夜燈ledusb充電交換禮物生日禮,Other,None
19878,加價購lalune裸睡親膚絲滑天絲床包枕套組單雙大均一價加大星海虛空,Other,None
19960,領券再折可集點可刷卡免運有發票幫寶適超薄乾爽黏貼型紙尿布拉拉褲綠幫mlxlxxl,Other,None
19992,canmake多功能高遮瑕膏官方直營美滿堂beautyfull,Other,None
19994,create寬版優質牙刷軟,Other,None
20121,愛康抗菌衛生棉夜用型28cm7片任2件5折,Other,None
20132,愛吾兒黃色小鴨piyo嬰兒護膚純水柔濕巾80抽24入一箱,Other,None
20134,米粒森官方授權jx遮瑕刷jx255遮瑕膏專用刷具jxprofessional粉底刷pony推,Other,None
20146,p海之味貓無穀主食罐es5旗魚雞肉85g,Other,None
20154,canmake新晶燦指甲油n21n62n60n62新上市官方直營美滿堂beautyfull,Other,None
20179,好奇純水嬰兒濕巾米奇米妮厚型70抽,Other,None
20185,哈哈豆瓣醬450g,Other,None
20198,公司貨有e發票娜芙nov防曬水凝乳spf32pa35g防曬乳水凝乳去序號有中文標籤,Other,None
20288,增量版特惠可集點可刷卡宅配免運開發票幫寶適超薄乾爽黏貼型紙尿布拉拉褲綠幫mlxlxxl,Other,None
20383,大象生活館開發票永用牌直立式3層溫風式烘碗機mit台灣製造10人份fc3012,Other,None
20393,bartolini動物造型五色義大利麵250g,Other,None
20394,現貨單包超商取貨pampers幫寶適增量一級幫尿布日本境內版,Other,None
20441,fellowcarter大容量陶瓷真空保溫杯16oz三色磨砂黑霧面白清水灰vvcafe,Other,None
20474,新淨安10吋udf7one英國purolite食品級離子交換樹脂濾心淨水器過濾器使用台灣製造mt115,Other,None
20498,eat大阪王將水餃沾醬100ml,Other,None
20521,maquillage心機彩妝口罩妝容主打心機星魅漸層特調眼影4g5色任選超人氣眼影,Other,None
20550,proastar貓薄荷夾心餡餅20g包貓零食貓餅乾貓餡餅貓薄荷,Other,None
20584,n012422367日本osk日本製無印風可微波分隔保鮮盒3入組650ml,Other,None
20593,英國adnamseaseupipa啤酒500ml,Other,None
20632,歐洲barwa米粹純淨柔嫩美肌皂100g,Other,None
20680,110043271e3327acerka272bi螢幕1msfsyncips,Other,None
20712,divinia零負擔瞬效隱形防曬噴霧spf50pa70g,Other,None
20722,紅包888現折下殺71折300倍高濃度b群長效10小時人蔘蜆b群30粒8瓶,Other,None
20732,允諾兒童b群咀嚼錠150錠,Other,None
20782,miiiw米物辦公鍵鼠套裝windowsmac雙系統快速一鍵切換,Other,None
20791,日本肯特涼菸ss風味晶球5號5毫克,Other,None
20825,蠟筆小新不鏽鋼吸管杯nornscrayonshinchan正版授權保溫杯304不鏽鋼,Other,None
20907,韓國median93強效淨白除牙垢牙膏120g防護抗菌淨白除牙垢口臭牙周護理蝦皮直送,Other,None
20913,110043306lk1aceran515575875黑144hz,Other,None
20915,actuel密封保鮮盒長型35l長293x寬148x高120mm,Other,None
20922,jway無線清淨機吸塵器jysv02cjysv03c官方原廠濾網配件選購,Other,None
20963,輸入sale2500250現折250幫寶適一級幫拉拉褲升級增量新版smlxl日本進口日本必買日本樂天熱銷top日本樂天熱銷抗漲省荷包,Other,None
20977,2020appleipadair109吋64gwifi玫瑰金色myfp2taa,Other,None
21057,慈光bb原味水餃沾醬145ml,Other,None
21107,髮職人清新水漾鼠尾海鹽洗髮精500ml,Other,None
21139,悠康愛見康葉黃素膠囊120粒優惠價含點數,Other,None
21237,birkenstock勃肯barbadoseva男女款防水情侶拖鞋1015398黑isport愛運動,Other,None
21380,ng福利品method美則四倍濃縮智慧環保香水洗衣精柔軟精1580ml低敏親膚絲質毛料機能排汗衫,Other,None
21389,威洛司嚴選無穀犬糧膚質調理配方野生多種魚12lb短效wdj推薦a001b4321,Other,None
21487,指定超商免運雲端發票黑豆桑醬油黑金厚黑金缸底紅麴保存期限20235,Other,None
21519,lemonavc粉低分子膠原蛋白粉,Other,None
21542,毛寶全效洗衣精補充包強淨統倉,Other,None
21582,14001351785dhc純橄欖護唇膏moomin嚕嚕米聯名款15g多款可選史力奇,Other,None
21632,e沃野速效潔牙骨起司雞肉長,Other,None
21680,定期購60天配送一次km97益生菌淨美莓三入組,Other,None
21681,mekopopfestive魔幻派對金沙大地眼影盤福利品,Other,None
21690,736071海霸王甲天下花枝餃10入92,Other,None
21702,colourfancier指甲油雪地冰藍12ml,Other,None
21756,拭拭樂超純水親子熊潔膚柔濕巾85抽x36包箱馬卡龍粉藍限定版贈3包拭拭樂巴布豆潔膚濕巾10枚,Other,None
21760,新日本肯特ssspark晶球涼菸1號,Other,None
21761,加價購lalune裸睡親膚絲滑天絲床包枕套組單雙大均一價雙人愛情曙光,Other,None
21784,台灣皇珵特級純釀造濃口醬油420ml,Other,None
21789,imakara雙刀頭電動超省力食物調理機料理機100mlx2入搗蒜鮮食副食品可用,Other,None
21805,合同酒造名地雞尾酒350ml宮崎柑橘風,Other,None
21844,免運電子發票median93韓國牙膏牙膏刷牙麥迪安牙膏93toothpaste現貨,Other,None
21881,歐洲barwa森呼吸洗髮精300ml米萃,Other,None
21886,毛孩王美國柏克深海滋養無榖鮮魚白鮭鷹嘴豆藍莓2kg貓糧,Other,None
21895,紅包888現折下殺87折300倍高濃度b群長效10小時人蔘蜆b群30粒3瓶,Other,None
21898,優田簡帽輕巧恆溫吹風機tg1100,Other,None
21982,tisserand滴莎藍德尤加利樹精油eucalyptusessentialoil9ml20ml,Other,None
21985,幫寶適一級幫全新升級增量版特級柔膚紙尿褲黏貼型nbl4包箱現貨蝦皮直送,Other,None
22025,丸正信濃紫醬油300ml,Other,None
22075,鮮醇果榨洋梨調酒,Other,None
22083,pocom4pro5g動力黑6g128g,Other,None
22087,cleanmate保馳潔掃地機cmfi5n,Other,None
22155,歐洲colabo清檸柑橘淡雅香氛組,Other,None
22168,kerzon香氛洗衣精50ml500ml1000ml多款可選1010小婷子美妝,Other,None
22175,歐洲barwa森呼吸洗髮精300ml啤酒花,Other,None
22207,南湖工藝黃大仙開光麒麟踩八卦黃銅純銅麒麟踩八卦一對化煞擋煞門對門樑煞現貨當天出貨,Other,None
22248,minipro行動無水精油香氛機mp1999隨身免加水擴香器,Other,None
22278,法國購入當地代理商代理商sebclair乳膏洗髮精可代購小壓損非台灣代理商施必麗,Other,None
22282,關注再折bleachlondon補色洗髮精矯色洗髮精現貨開發票英國製gina小米推薦染燙,Other,None
22290,正品電子發票澳洲eaoron水光水化妝水容量120ml,Other,None
22300,drdeer在台現貨出zeesea滋色控油粉餅埃及蜜粉餅定妝持久控油防水修容埃及粉餅,Other,None
22360,maruman兒童音波電動牙刷1p粉,Other,None
22371,mojito不銹鋼真空保溫杯辦公杯360mltkjoc36,Other,None
22388,歐洲barwa奢華spa綠橄欖香氛皂190g,Other,None
22400,愛康抗菌衛生棉夜用加長型33cm6片,Other,None
22471,中化製藥中化green綠的抗菌沐浴乳1000ml洋甘菊百里香玫瑰木綠茶精油鳶尾花精萃檸檬香蜂草,Other,None
22480,sunsilk晴絲洗髮乳抗屑專用650ml兔雜tuzha,Other,None
22561,500nu00000741洗可麗洗衣精優惠折讓,Other,None
22579,jx三色遮瑕膏四色遮瑕膏奶霜粉底15g32g20ghelpbuykr商城旗艦館,Other,None
22610,agatha法國時尚名媛氣墊粉餅2123spf50pa,Other,None
22635,現貨熱銷clear淨去屑系列洗髮乳進口版男士女士650g,Other,None
22681,ayllonthenorthface男版北臉經典前後logo款短tee,Other,None
22709,poketle極致輕便保溫瓶120mlpoketle,Other,None
22834,哈哈豆瓣450g,Other,None
22863,棉床本舖精梳棉素色三件式枕套床包組奶茶極簡生活純色台灣製加大,Other,None
22883,728357m爽啤罐裝330ml,Other,None
22901,每朝s119益生菌粉末包30入加強身體保護力,Other,None
22914,1372133955新雲摩爾xs藍8mg,Other,None
22961,skii青春露330ml最新效期至2024年正統公司貨神仙水,Other,None
23081,lajoie喬依思130x70cm大床嬰兒鬆綁帶床包,Other,None
23160,薄雪萊雪山山脈底鈉鹼性離子水6200ml,Other,None
23174,stives聖艾芙潤膚乳液621ml款式可選身體乳液膠原蛋白燕麥酪梨pq美妝,Other,None
23187,區禾乃川無糖純濃黃豆漿大,Other,None
23214,madcatzrat6光學電競滑鼠金屬機械科技重機,Other,None
23218,家樂氏日式水果穀片348g嚴選果實,Other,None
23240,n011877298adidasoriginals男camo長袖上衣fm3357m黑,Other,None
23329,白蘭陽光洗衣粉425kg,Other,None
23357,韓國innisfree妝自然眉筆自然眉型雙頭旋轉眉筆03g梨花跑跑妞,Other,None
23367,新雲摩爾xs香菸銀,Other,None
23427,hoppi純水嬰兒濕紙巾100抽組媽媽愛用嬰兒手口濕巾抽取式加厚純水柔濕巾99純edi水24小時出貨台灣現貨,Other,None
23444,hukuku福可速淨擦鞋濕巾小白鞋專用12抽包擦鞋清潔濕巾運動鞋清潔濕巾清潔擦拭濕巾,Other,None
23469,10蝦幣回饋含稅價pocox3pro8gb256gb667吋八核心手機6g128g,Other,None
23539,韓國膳府太陽草辣椒醬170g韓購網,Other,None
23604,arvohome現貨日系雙色床包被套四件組親膚裸睡水洗加工復古質感工業風中性床包組撞色被套組,Other,None
23664,獨家mofii無線鍵盤滑鼠組candyxr混彩藍混彩粉馬卡龍鍵鼠組正版公司貨享保固迪特軍獨家款,Other,None
23704,innisfree新版自然眉型雙頭旋轉眉筆05深棕色,Other,None
23720,chlepochchemicalcolorbarrel拼接單支螢光筆05mm彩色筆,Other,None
23751,4908049359454fancl魔法泡泡潔顏粉日本百貨版50g,Other,None
23765,肯特ss風味晶球涼,Other,None
23768,日本正負零0除濕機xqjc010白,Other,None
23776,代收代付澳洲glasshouse阿馬爾菲海霧香氛蠟燭380g,Other,None
23785,拭拭樂蝦皮聯名款銀離子抗菌濕巾80抽x12包箱現貨蝦皮直送,Other,None
23795,韓國petitbird竹纖維防水保潔防尿墊大象一家可愛模樣100x130cm,Other,None
23825,金壕營養多補乳酸菌錠50粒,Other,None
23841,美安卸妝棉莫蒂膚溫和卸妝棉新包裝,Other,None
23849,富郁床墊4d透氣豪華獨立筒床墊12cm35尺單人4d白底咖啡邊627顆彈簧,Other,None
23859,妙而舒妙兒褲褲型紙尿褲尿布4包購指定尺寸加碼贈10片mlxl花王旗艦館,Other,None
23861,紐麥福保久乳1000ml12瓶組網,Other,None
23895,健康優選原廠現貨新效期2024年上市生技寶齡富錦pbf護衛寶益生菌制酸逆流附電子發票,Other,None
23900,日本肯特ss風味晶球涼菸1號統倉,Other,None
23931,台灣製造mit拭拭樂超大超厚酒精濕紙巾擦拭巾60抽10抽抗菌除菌酒精殺菌ozc0059,Other,None
23961,樂倍黑酵母貓飼料單一肉源蟲蛋白400g15kg無穀高含肉量低敏天然糧低碳水abo,Other,None
24086,雲摩爾xs紅,Other,None
24090,edish304不鏽鋼翻蓋直飲咖啡保溫杯,Other,None
24104,徐若瑄代言選品生活屋碧歐斯超能煥白滲透水美白化妝水保濕化妝水保濕美白化妝水淡化暗沉化妝水,Other,None
24113,映趣刮鬍刀3代3d浮動刀頭小米有品電動刮鬍刀剃鬚刀電鬍刀映趣3刀頭小米有品刮鬍刀,Other,None
24273,barrack09日系黑燈柱14螺牙雲台版吊掛式螺牙式雙功能日系燈柱燈架,Other,None
24315,翔仔居家tencel天絲床包被套組ballo多尺寸薄鋪棉被套任選超取有寄送限制請參閱說明,Other,None
24387,奇異廚房醇鮮風乾犬糧原野牧牛60g,Other,None
24398,奧利多玻璃瓶190ml,Other,None
24455,bkubee專業卸甲,Other,None
24464,hared有把手杯450ml雙層玻璃杯真空保溫杯保溫隔熱杯高硼矽星巴克交換禮物生日,Other,None
24520,日本肯特號,Other,None
24576,蝦幣回饋72免運萬國電鍋6人份aq6s9002鋁合金中鍋110vaq6s保固三年含稅價,Other,None
24605,jway無線三合一塵螨吸塵器jysv01m官方原廠濾網配件選購,Other,None
24707,hata日本傳統彈珠汽水200ml,Other,None
24736,durex杜蕾斯超薄裝保險套12入盒超薄設計令你無拘無束超薄天然橡膠衛生套公司貨現貨蝦皮直送,Other,None
24740,莫希托冰結旅途調酒,Other,None
24796,peripera官方直營捲翹睫毛膏定型膠持久定型不垂塌,Other,None
24809,skywalker高精度24gusb無線滑鼠光學感應舒適手感10m傳輸即插即用超長待機bsmi認證,Other,None
24860,領券最高折330adidasth99commwvjk男裝外套連帽休閒刷毛拉鍊口袋黑運動世界he7401,Other,None
24922,24小時出貨郵寄免運超取一瓶30元兩瓶免運最新鮮效期20240905hamaya瑞士頂級藍山即溶咖啡,Other,None
24969,speed思批得明洞涼感衛生棉mdmmd衛生棉後宮涼感衛生棉涼感衛生棉日用量少量多夜用護墊,Other,None
25022,n011912635nike女365tight緊身褲瑜珈褲m黑,Other,None
25046,whimzees唯潔六角長條型潔牙骨超值包s,Other,None
25066,台灣現貨當天出貨升級版德爾瑪手持無線吸塵器vc20plus德爾瑪吸塵器小米吸塵器無線吸塵器手持吸塵器,Other,None
25083,kobarucolorbarrel串接標記筆圓頭11色單賣正版原廠代理日本文具螢光筆馬克筆筆記,Other,None
25106,聊議饅饅家fitbitversa3gps智慧手錶免持通話心率防水語音回覆高續航手錶公司貨,Other,None
25131,magickeyboardtouchidtwe,Other,None
25162,escodaartesa2132flatbrushpony西班牙皇筆水彩排刷畫刷馬毛排刷板刷,Other,None
25185,laura1010aaforencos裸妝腮紅,Other,None
25213,赫緻狗罐放牧火雞80g,Other,None
25232,pocom4pro5g冷酷藍6g128g,Other,None
25255,tiarew百科霖隱形眼鏡舒潤液日本製,Other,None
25281,qrious奇瑞斯可吞嚥含氟兒童牙膏草莓or黃金柚1入防蛀牙乳牙適用1000ppm單氟磷酸鈉益生菌紫錐花,Other,None
25283,新鴻運雙晶球薄荷香菸紫x綠,Other,None
25297,n012452651skechers女慢跑系列srrproresistance台灣獨賣款慢跑鞋88888338nvpkus85藍粉,Other,None
25345,香檸蜜柚冷萃咖啡20220213b7mg4ymp,Other,None
25414,永生花擴香瓶香格里拉浮游花無火香氛室內擴香乾燥花芳香劑臥室廁所除臭,Other,None
25490,土耳其eyuptuncersabri七效合一玫瑰水350ml4入,Other,None
25518,愛貓超粗螺紋顆粒保險套12片,Other,None
25575,超商免運台灣出貨爆富招財劫財貓麒麟臂劫財貓招財貓劫財裝飾擺件巨手臂風水招財春節擺飾開幕送禮,Other,None
25593,幫寶適一級幫嬰兒紙尿褲日本境內版m號52片20220205q9w7afi2,Other,None
25632,美孕佳卵磷脂金賞益菌乳,Other,None
25761,median93強效淨白去垢牙膏韓國強效護理牙膏敏感性牙齒潔白牙齒改善口臭牙齦護理抗菌牙膏arz,Other,None
25769,14001111411美國pressebybobble手沖咖啡保溫杯六色雪橇紅,Other,None
25796,now精油現貨100純精油藍膠尤加利薰衣草檸檬香茅香茅迷迭香雪松胡椒薄荷甜橙柑桔檸檬,Other,None
25802,科士威milduragold卡布其諾白咖啡2合1無添加糖,Other,None
25803,dong美祿麥芽牛奶散賣賣場198ml罐好市多早餐點心調味乳保久乳麥芽飲品飲品雀巢milo,Other,None
25804,bf甲油膠茶棕栗棕純色光撩膠甲油膠byfunme彩色甲油膠a20美甲材料nailsmall,Other,None
25805,多格漫犬用hello起司條6入72g,Other,None
25833,sui潔顏前導美肌蛋組品牌旗艦店,Other,None
25852,snowpeak雪峰鑄鐵鍋攜行袋28cmcs420br,Other,None
25859,misyaber大頭護唇膏4g經典口紅學生口紅復古口紅乳木果油蜜絲雅柏護唇膏有色亮光蜜絲雅柏嘴唇乾裂,Other,None
25879,英國梵提曼櫻桃樹可樂275ml3入,Other,None
25926,精英livaxe四核零分貝迷你電腦n37004g64gwin10pro,Other,None
25937,422airfryeraf7l氣炸烤箱白色,Other,None
25958,珪藻之家瞬吸珪藻土年度熱銷瘋狂回饋組勁,Other,None
25970,免運昇級版杰強劍靈iii雷雕注音電競鍵盤滑鼠組8鍵加強遊戲usb鍵盤usb滑鼠usb鍵鼠組,Other,None
25980,台糖燕麥片原味免煮素食500g,Other,None
26031,光華商場飛鴻數位二手商品免運保固一個月nsswitch一般版主機電力加強版,Other,None
26110,風雅小舖keepfit小腿按摩器小腿按摩機腿部按摩機腿部按摩器美腿機美腿按摩機氣壓按摩熱敷台灣現貨,Other,None
26117,台灣品牌infinlin考試檢定可卸彩色甲油膠095128號色蹦迪膠碎鑽膠甲油膠色膠b127,Other,None
26139,微峰澎眉dotdotbabyshock高顯色雙頭眉筆03g,Other,None
26145,mycolor保鮮盒圓形瀝水盒密封盒露營廚房2入l106,Other,None
26151,毛孩王原野優越天然貓糧無穀貓糧14磅6kg全系列原包裝,Other,None
26209,蒂芬妮亞胺基酸深層卸妝乳180ml,Other,None
26220,年末特惠出清搬運工韓國celefitbella絕美腮紅貝拉腮紅單色腮紅單顆腮紅腮紅盤,Other,None
26277,yoshi時尚奶茶色迷你版眼影刷,Other,None
26299,alfaparf金鑽水晶滋養液亞麻籽油50ml贈積雪草滋養菁油13mlsunq,Other,None
26312,護蕾ducray控油舒敏洗髮精基礎型養髮健絲洗髮精400ml巴黎丁,Other,None
26332,鴻運風味雙晶球薄荷香菸紫綠8號20支包10包條,Other,None
26335,一度贊酸菜豬肉麵190g桶190g1桶,Other,None
26342,cattyman貓用三等星不粘餐碗朱紅,Other,None
26376,寵樂toastcatcombo北大西洋鮭魚點心棒食6種口味7入貓肉條貓零,Other,None
26409,arcobar廚房刀具三件組櫻花限量版akbs0301,Other,None
26429,岱思夢柔絲棉薄被套鋪棉兩用被套單人雙人超細纖維超取有出貨限制請參閱說明,Other,None
26460,可集點可刷卡分期領券再折30有發票宅配免運幫寶適一級幫拉拉褲褲型幫寶適smlxlxxl,Other,None
26471,歐洲barwa森呼吸洗髮精300ml亞麻籽,Other,None
26476,附發票日本原裝naturactor娜拉兒粉底蓋斑膏20g,Other,None
26486,韓國petitbird竹纖維防水保潔防尿墊粉紅兔及迷你兔可愛模樣,Other,None
26493,幫寶適pampers一級幫彩盒版紙尿褲尿布mlxl公司貨可集點宜兒樂,Other,None
26527,360去漬王牙刷牙刷硬毛牙刷小頭牙刷竹炭牙刷小刷頭牙刷成人牙刷細毛牙刷護齦抗菌黃小鴨生活百貨,Other,None
26548,korithesaem完美遮瑕液tipconcealer遮瑕修容痘疤黑眼圈暗沉pony大推得鮮,Other,None
26585,專櫃小樣現貨電子發票6款可選植村秀覆盆子全能奇蹟植物精萃櫻花柚子抹茶潔顏油50ml,Other,None
26592,代收代付avon雅芳潔容霜160g橘子洗面乳潔顏霜小紅帽美妝npro,Other,None
26642,崙背鮮乳936ml,Other,None
26723,herhees赫希詩放大眼雙效持色眼線筆兩色濃密黑濃茶棕最不暈的眼線筆雙頭眼線液眼線膠筆零零特,Other,None
26784,現貨預購firstaidbeautyultrarepaircream超驚人修復全能慕斯強效修復霜,Other,None
26828,現貨宅配免運有發票刷卡20瓶含運最低360元台鹽海洋鹼性離子水850ml,Other,None
26855,新品kao花王clearcleannexdent牙膏120g蘋果薄荷,Other,None
26928,solone2650色愛麗絲異想追逐魅惑單色眼影62色可選gali美妝批發,Other,None
26933,日本製資生堂kuyura保濕美肌沐浴乳550ml粉瓶藍瓶花果香草本香資生堂沐浴乳二款可選,Other,None
26946,大木之子幼兒乳酸菌粉2g30包,Other,None
26948,圓石禪飲teabar便當紅厚奶,Other,None
26961,唯潔whimzees荷蘭天然潔牙骨牙刷型輕量裝21ozm狗零食潔牙骨,Other,None
26993,凱蒂娃娃顯色柔和10色眼影盤蜜桃甜,Other,None
27117,卡朵fj1負離子香氛保濕水氧機型號llfj001,Other,None
27127,年前優惠預購han妞韓國periperainkvelvet奶瓶唇釉霧面唇釉絲絨唇釉口紅nude,Other,None
27139,peachlife現貨天竺棉女孩床包組粉色系純棉床組床包被套枕套無印風格簡約素色兩用被套柔軟舒適床包,Other,None
27147,youfone廚房冰箱透明蔬果收納瀝水保鮮盒三件組,Other,None
27178,八味養生鋪光泉營養牛乳200ml巧克力牛乳低脂高鈣牛乳黑芝麻牛乳珍穀堅果牛乳高鈣牛乳蝦皮團購,Other,None
27310,乳之初鮮奶優格,Other,None
27338,現貨e發票瑞士製硬紙盒curaprox酷瑞絲牙刷公司貨牙刷界的愛馬仕cs5460兒童牙刷q寶寶,Other,None
27377,perixx德國佩銳無線人體工學垂直滑鼠perimice715ii現貨蝦皮直送,Other,None
27385,innisfreedinotaeng聯名款無油光天然薄荷礦物控油蜜粉dino升級款黑盒,Other,None
27388,伙拼市集高彈力萬用真心簡單彈性柔軟沙發套單人雙人三人沙發套沙發罩椅套全包巴芙洛,Other,None
27400,藥晴亮點眼液15ml盒,Other,None
27459,憶馨吶一口機能貓零食全系列貓咪肉丁貓咪點心貓鮮食貓點心貓咪食品貓零食貓奴必備台灣本產,Other,None
27536,韓貨王韓國sanga益生菌sanga益生菌sanga排便順暢30入加強新包裝調整體質,Other,None
27550,峰味萃晶球工藝香菸,Other,None
27554,coway櫥下型免電ro逆滲透淨水器p160l舊換新再送1000禮券含到府基本安裝一年保固現貨免運,Other,None
27596,yunmi復古靜音鍵盤滑鼠組圓鍵有線鍵盤懸浮式鍵盤炫光鍵盤,Other,None
27653,良泉桃級蔭油膏,Other,None
27674,cfly木奇家居英雄坐臥兩用紓壓椅現貨免運辦公椅電腦椅網椅按摩椅人體工學椅躺椅子升降椅旋轉椅高背椅會議椅書桌椅,Other,None
27678,opure臻淨日本進口除濕輪負離子清淨除濕機d2d1升級版日本式除溼輪,Other,None
27767,全省免運法國依雲evian天然礦泉水1000mlx12瓶公司貨正貨,Other,None
27800,毛寶補充包天然椰子油植物性洗衣精2kg包洗淨柔軟芳香一次完成,Other,None
27806,自然零蔓越莓優酪,Other,None
27822,凱蒂娃娃單色腮紅12草莓汽水6g,Other,None
27828,otcsato視朗點眼液15ml,Other,None
27920,s歐維氏大bar榛子45g,Other,None
27921,eeyans依妍熹賦活超導面膜5片保濕28ml片,Other,None
27946,flexnow關立固加強型加d軟膠囊200粒裸罐裝乳油木果萃取維生素d3會去除瓶身批號,Other,None
27983,barilla筆尖麵73號500g500g,Other,None
27989,台灣現貨健美創研植物精粹護手霜30g滋潤保濕防乾裂護手乳,Other,None
28007,11stbbia魅雅新款謬斯女神完美唇膏20色lastlipstick謬斯唇膏現貨速寄,Other,None
28038,熱門商品御方院養生原味滴雞精1包60ml包經濟包裝無外盒cp值最高挑戰市場最低價現貨,Other,None
28078,teamson美國動物造型l幼稚園兩用兒童露營睡袋河馬,Other,None
28094,andesbiomicron環狀光觸媒空氣清淨機淨化機bms611at,Other,None
28111,現貨美安健髮fixx健髮雙效洗髮乳公司貨現貨,Other,None
28112,愛康抗菌衛生棉量少型19cm9片,Other,None
28135,blackrouge三色修容打亮餅10ghelpbuykr商城旗艦館,Other,None
28208,三矢日本果物柚子蘇打,Other,None
28221,jpgo日本進口小林製藥sawaday室內擴香瓶居家香氛70ml,Other,None
28253,許慶良鮮乳瓶商品券5010瓶,Other,None
28310,噶瑪蘭ginamptonic琴通寧調酒320ml,Other,None
28315,威哥寵物用品健康時刻潔牙骨寵的食堂潔牙骨單支裝狗零食,Other,None
28316,團銷原018三十日衛生棉1入,Other,None
28324,代收代付奇奇文具五月花110抽抽取式衛生紙1箱72包,Other,None
28359,全aviercolormix電風扇,Other,None
28440,honkusb手持吸塵器hk6019車用吸塵器小型吸塵器,Other,None
28464,醫立明點眼液15ml盒,Other,None
28498,峰味萃晶球工藝香菸7毫克20支,Other,None
28550,korijxprofessional四色遮瑕盤三色遮瑕膏打亮pony推薦遮瑕jx湯奶霜遮瑕韓國,Other,None
28562,印尼加樂系列椰奶椰漿kara加樂椰漿新創兆百貨椰漿粉椰粉,Other,None
28593,台灣外銷nbr加厚10mm加長瑜珈墊長183寬61公分贈可背式收納繩束帶四色可選健身墊運動墊fitek健身網,Other,None
28633,健康高級矯正牙刷h91,Other,None
28665,萬倍富2館hojja賀家100純粹野味貓咪凍乾零食雞肉柳葉魚干貝,Other,None
28701,rita美妝lauramercier蘿拉蜜思保濕潤色美妝蜜1ml效期2023年12月10電子發票,Other,None
28710,美國goldenbrands大豆蠟gw444適用於容器蠟燭等製作,Other,None
28734,actuel四面扣長方形耐熱玻璃保鮮盒17x124x59cm630ml,Other,None
28740,歐娜西斯onacis原廠公司貨5g受損平衡洗髮精受損髮膜250ml500ml1000ml,Other,None
28789,東洋雞汁鹽味碗麵,Other,None
28801,herowatch24g兒童智慧手錶寶貝實聯制自己掃,Other,None
28805,wb全穀片特價309,Other,None
28826,smf骨瓷保溫杯握把款475ml雙色可選,Other,None
28852,法瑪仕e位性舒膚沐浴乳400ml,Other,None
28867,保證有現貨日本macchialabel瑪珂蕾貝潤澤透顏精華粉底13ml2色明亮色自然色,Other,None
28868,鴻運雙晶球薄荷香菸紫,Other,None
28872,shengyuan盛源帳篷防水布露營防潮地布銀膠天幕野餐防潮地墊野餐墊防水地布露營悠遊戶外,Other,None
28893,catiss愷締思貓掌護唇膏11超值組單支護唇膏唇膏口紅潤唇膏保濕台灣製造,Other,None
29009,日本onedaybrightener身體粉底液一般型粉120ml,Other,None
29012,ng盒損newtouch凄麵京都背脂酱油味青森魚乾博多濃厚豚骨千葉竹岡拉麵函館鹽味千千推薦泡麵,Other,None
29094,歐妮醬葉黃素潔牙骨250g,Other,None
29119,摩達客芊柔清潔防護濕紙巾15抽隨身包18包入健康防疫媽媽必買,Other,None
29177,瑪德蓮烘焙法國cacaobarry100可可膏糰鈕扣型,Other,None
29178,naturallyjojo摩達客推薦素色精梳棉卡其床包組雙人加大662尺,Other,None
29180,愛康超透氣衛生棉日用型24cm8片淺藍,Other,None
29197,日本大和6d防蹣抗菌獨立筒枕台灣製可水洗透氣彈簧枕飯店枕助眠枕枕心釋壓床單床包枕芯枕頭亞汀寢具,Other,None
29232,koyo藝妓卸妝棉,Other,None
29259,skiirna超肌能緊緻彈力精萃30ml原廠公司貨網,Other,None
29261,摩爾藍新價403290000910,Other,None
29267,全新現貨日本鹿牌captainstag雙層真空斷熱不銹鋼保溫杯350ml含稅發票價,Other,None
29328,huggies好奇皇家麒麟媽祖平安褲黏貼型大甲鎮瀾宮聯名款ml,Other,None
29349,玩潮日貨現貨附發票日本代購柳宗理不鏽鋼ih對應三層鋼雙耳淺湯鍋附蓋22cm22公分消光霧面,Other,None
29353,0590128汪限1kinyo輕量負離子摺疊吹風機黑kh95251組詳細內容如商品描述,Other,None
29358,bonbonnaturel北歐印染超彈力沙發套三人座多款花色可挑選,Other,None
29403,比菲多蘋果好朋友調味乳,Other,None
29451,dikecurve超適握感有線滑鼠白色型號dm210wt,Other,None
29536,curaprox酷瑞絲beyou繽紛旅行組x2瑞士原裝進口牙刷,Other,None
29551,官方直營macminimaclipstick迷你時尚專業唇膏whirl暗調玫瑰色,Other,None
29615,mitilook破盤出清台灣製舒柔棉床包枕套組尺寸均價快速到達,Other,None
29760,浪人車庫日本進口mlitfilter日本綠魔俠冷氣抗菌防臭濾網sfg1d010subaru專用,Other,None
29798,kokoshopcosrx早安弱酸凝膠洗面乳晚安去角質凝膠天然水楊酸溫和洗面乳控油弱酸性水楊酸bha,Other,None
29848,dagebeno荷生活廚房配料瀝水保鮮盒蔥花薑片水果保鮮密封盒三入組,Other,None
29890,whitecospharmolive橄欖保濕護手霜,Other,None
29901,樂廚碳烤風味舒肥雞胸,Other,None
29917,護理師推薦mg癢癢手掰掰嫩白修護霜,Other,None
29990,原廠公司貨韓國amortals爾木萄眼線膠筆睫毛膏微醺腮紅蜜粉三色遮瑕手口濕紙巾壓縮毛巾加厚洗臉巾,Other,None
30002,愛康超透氣衛生棉超長型41cm4片,Other,None
30013,pritinyc美麗紐約頂級環保無毒指甲油910天然大豆提煉卸甲油檸檬草2oz,Other,None
30058,wii感應條紅外線光學接收器感應棒wii有線感應器接收器有線接收器sensorbar,Other,None
30065,深綠色新包裝圖2amos愛茉詩02綠茶系列洗髮精油性中乾性敏感性3款洗髮精毛寶小舖,Other,None
30100,韓國deoproce馬油全能護手霜100mlx6入組潤澤撫紋保濕護手霜網,Other,None
30144,ll塑品保鮮盒99,Other,None
30152,tomjerry擴香瓶100ml絲柔白麝香,Other,None
30158,一統電競1stplayer首席玩家mk6rgb獵戶星機械式鍵盤,Other,None
30168,新款濃密上架搬運工mude纖長睫毛膏睫毛膏彩妝部落客推薦濃密睫毛膏mude防水睫毛膏聖誕禮物,Other,None
30169,西門町花莉bennye台灣唯一正版授權代理商超細緻透明蜜粉蜜粉colorlessluxurypowde,Other,None
30234,abdlsweetheartclothdiaper小甜心成人夜用可洗尿褲夜用型布材質,Other,None
30330,speed快速出貨u型電動按摩枕震動按摩器肩頸按摩器頸部按摩器頸椎按摩器電動按摩器頸椎按摩按摩枕,Other,None
30355,雲摩爾香菸藍,Other,None
30479,心樸鮮乳1858ml,Other,None
30487,atctpu組合充氣床墊75cm單人款a賣場多色可選車床tpu充氣床露營旅遊必備悠遊戶外,Other,None
30587,韓國teresia黃金蝸牛修護護手霜80ml1入,Other,None
30591,anewpowirobotroomba500600700800900掃地機副廠鋰電池新銳動能ap4400超高容量4400mah,Other,None
30604,innisfree香榧鬥荳調理水200ml香榧系列官方旗艦店悅詩風吟,Other,None
30647,serenehouse影璧插香氛機粉183g,Other,None
30661,hodrmen男研堂夜間充電面膜26ml男性修護面膜保濕鎖水控油亮膚毛孔粗大出油,Other,None
30687,peipay現貨xixi透明浮雕九色眼影盤,Other,None
30748,美國barbasol刮鬍泡蘆薈283g,Other,None
30770,amy正品代購mac子彈唇膏水漾潤澤,Other,None
30773,覓me口袋迷你折疊風扇隨身手持風扇超長續航超強勁風適用於夏季旅行出遊出國辦公室usb充電電風扇,Other,None
30781,evgaz12薄膜式鍵盤有線中文專用媒體鍵防撥水5區rgb3年保固,Other,None
30785,pocox3pro6gb128gb667吋八核心手機冰霜藍,Other,None
30817,卡媚迪施kamedis福利社舒敏保濕乳霜皮脂平衡潔面乳全方位高效舒緩乳皮脂平衡潔髮乳等福利商品,Other,None
30832,岡山名山辣豆瓣醬,Other,None
30859,ehrmann水果優格野莓,Other,None
30870,品盛堂油膩掰掰黑糖酸梅茶超值8入組酸甜微醺滋味養生茶沖泡包漢方草本茶包台灣在地百年藥房ht008,Other,None
30877,銀立潔奈米銀絲ag除氯除菌浴室用淨水器yu317,Other,None
30900,毛孩王美式優選topration全齡犬良好體態配方能量補給配方800g分裝包300g原包裝狗飼料,Other,None
30922,江原道日本cottonlaboselena淨顏化妝棉80枚入卸妝棉化妝棉,Other,None
30929,白蘭含熊鼠尾草洗衣精補充包300g加價購大王國際版贈品廠商直送大樹,Other,None
30930,victoria備長炭記憶床墊單人厚8cm362尺8公分,Other,None
31043,匯豐是拉差香甜辣椒醬17oz,Other,None
31073,現貨有發票可刷卡婦潔生理潔舒巾女性專員濕紙巾,Other,None
31138,kanoodleskanoodles韓國玄米潔牙棒340g袋裝零食耐咬潔牙降低牙結石,Other,None
31159,566無矽靈健髮洗髮露500gx2茶樹抗屑豐盈亮澤任選,Other,None
31179,憶馨愛獎勵犬用零食系列超值包手工肉乾零食狗狗零食愛的獎勵狗零食狗肉條全犬種適用台灣本產,Other,None
31181,韓國bnbg維他命雞尾酒面膜30ml彈力,Other,None
31261,9款膳魔師兒童吸管學習杯保溫杯250350mlfhi250fhv250fhv350fhifhv,Other,None
31269,ncaa球隊帽t經典logo男裝女裝街頭長袖內刷毛,Other,None
31335,韓媽clio完美塑眉自動眉筆兩色韓國眉筆排行榜冠軍no1,Other,None
31395,肯特ss晶球5號涼,Other,None
31412,lafermiere檸檬風味優格陶罐140g,Other,None
31416,代收代付時時樂限定14入組愛康超透氣衛生棉多款可選小三美日,Other,None
31448,celluver瑟路菲韓方養髮香氛洗髮精受損修護500ml,Other,None
31459,antec安鈦克signature1300w白金全模全日系可串接設計智慧溫控風扇10年保固電源原價屋,Other,None
31461,colourfancier砂礫指甲油漠金褐石12ml,Other,None
31498,oralb柔軟型充電式兒童電動牙刷d12紅寶可夢皮卡丘,Other,None
31500,百匡活肽定敏炭立潔黑牙膏100mluna,Other,None
31503,幫寶適一級幫拉拉褲增量版sxlx3包箱箱購現貨蝦皮直送,Other,None
31535,redmi10carbongray4gbram128gbrom,Other,None
31566,819925金洛貝達吸濕排汗加大床包,Other,None
31664,彤彤小舖bathbodyworksaromatherapy芳香療法超保濕精油乳霜226gbbw美國原廠,Other,None
31684,ibilibar調酒量杯,Other,None
31720,raiprs菁粹摩洛哥阿甘油洗髮精500ml頭皮與毛髮護理,Other,None
31728,蜜粉一般包裝上架han妞韓國periperateteum聯名款陽光腮紅眼線液筆蜜粉peripera腮紅,Other,None
31755,原廠公司貨小鹿山丘嬰兒洗衣精嬰幼兒低敏抑菌洗衣精1瓶1000g3補充包800gb14008,Other,None
31781,代收代付義美生醫imeiqqplus葉黃素草莓,Other,None
31801,infinlin可卸彩色甲油膠046094蹦迪膠碎鑽膠星空膠金箔膠裸色膠甲油膠ruru的美甲私藏貨,Other,None
31813,低溫即食舒肥雞胸肉150g原味玫瑰鹽台式椒麻任選10包,Other,None
31942,冰藍blink高水份隱形眼鏡潤濕液期限202407,Other,None
31975,barilla蝴蝶麵65號500g500g,Other,None
32054,huggies好奇皇家麒麟媽祖平安褲黏貼型大甲鎮瀾宮聯名小箱款sl,Other,None
32094,日本花王kao酵素花香洗衣粉800g,Other,None
32098,杜老爺芒果大鮮果bar77g4,Other,None
32179,oatly歐特力瑞典巧克力可可燕麥奶1l全素無糖植物奶,Other,None
32201,沒有牛燕麥奶膳食纖維配方300ml,Other,None
32213,新雲摩爾xs長支紅20支,Other,None
32228,現貨han妞韓國drg水感保濕泡泡洗面乳drg洗面乳200ml,Other,None
32233,0880129arenes榆綠木肌密瞬間緊緻眼霜1盒,Other,None
32252,免運現貨晶工46l電熱水瓶jk7650熱水瓶不銹鋼內膽碰杯給水附發票可刷卡,Other,None
32261,amino心情好眠益生菌15入,Other,None
32316,韓國median93強效淨白去垢牙膏120g小三美日升級版d101414,Other,None
32323,nivea全能保養乳霜插畫限量版100ml,Other,None
32327,日本肯特榛香7號,Other,None
32369,ikuk艾可濾茶器陶瓷保溫杯500ml瓷芯上蓋璞石杯長效保溫保冰百貨專櫃品牌,Other,None
32385,icoobyst572黑爵遊戲鍵鼠組104鍵中文鍵帽usb黑色,Other,None
32544,attblf法國百年蠟燭廠自然儀式系列香氛蠟燭180g,Other,None
32577,日本花王新kao酵素洗衣粉洗淨升級比舊款更濃縮玫瑰花香鈴蘭花香800g花王洗衣粉,Other,None
32583,rough99amos韓國連線02綠茶修護洗髮精敏感性500ml油性500ml乾性500ml正品現貨,Other,None
32590,麥斯冰火,Other,None
32626,k9felinesofydog貓咪凍乾生食100克冷凍乾燥貓飼料貓糧全貓原肉寵物生食買二送一,Other,None
32646,lamunesodabar,Other,None
32677,歐洲barwa大地修護髮膜120ml黑蕪菁,Other,None
32686,伊芮ex舒敏潔顏乳120ml,Other,None
32722,theragunprime智慧型衝擊式按摩槍代理商公司貨,Other,None
32727,丸太郎犬用草莓牛奶丸子消臭餅,Other,None
32788,新肯特ss晶球1號,Other,None
32811,twelvesouthhoverbarzml,Other,None
32927,canmake睫毛膏睫毛復活液多款可選官方直營現貨蝦皮直送,Other,None
32939,coway格威綠淨力空氣清淨機ap1216l抑制ab型流感9999極靜無擾智慧節能模式,Other,None
32971,日本熊野四季白樁油山茶花洗顏雙效190g,Other,None
33001,新雲摩爾xs長支紅,Other,None
33008,現貨附發票snowpeaktitanium鈦金屬筷sct115防過敏兒童snowpeak,Other,None
33021,岱思夢太空飛船頂級法蘭絨床包組單人雙人加大兩用毯被套法萊絨超取有出貨限制詳請參閱內容說明,Other,None
33035,naturalpark加拿大傳統燕麥片1000gx1包,Other,None
33037,wat雞尾酒100ml凝香冬片,Other,None
33070,actuel密封保鮮盒長型650ml長180x寬128x高55mm,Other,None
33077,pocox3prophantomblack6gbram128gbrom,Other,None
33083,jielien柔軟不破裂珪藻土地,Other,None
33106,年末特惠kisses巧克力盤搬運工etudehouse眼影盤四色眼影hersheys巧克力麵包盤,Other,None
33107,免運有發票可刷卡10倍蝦幣箱購evian依雲礦泉水500ml24瓶愛維養依雲水進口礦泉水,Other,None
33120,霓淨思澳洲茶樹平衡淨化面,Other,None
33130,granolahouse脆萃纖楓糖胡桃燕麥片300g包,Other,None
33185,chacha美國限時折扣mac絲柔粉霧唇釉5ml990998991989,Other,None
33195,adismiiiadidas跆拳道鞋武術鞋出清零碼特價,Other,None
33260,韓國innisfree濟州香氛護手霜十二月柚子茶30ml2020新包裝,Other,None
33300,俏正美膠原錠,Other,None
33333,蒂芬妮亞恆潤肌極濃玻尿酸多效修護霜80g,Other,None
33369,外送費20220202barjzktn,Other,None
33421,雪碧m微,Other,None
33447,翔仔居家tencel60支天絲床包被套組藍花亞麻單雙加特多款任選超取有寄送限制請參閱說明,Other,None
33458,日本熊野油脂kumanosalonlinkextra沙龍洗髮精1000ml款任選,Other,None
33554,優沛康沛然profusenaturals維他命c1000mg8小時緩釋錠60錠瓶單瓶入,Other,None
33596,台灣超商免運聖誕交換禮物爆富招財劫財貓過年佈置新年佈置麒麟臂春節裝飾麒麟臂劫財貓暴富招財貓貓招財,Other,None
33632,粉星巴克隨行風扇,Other,None
33650,frenchic繁星香頌香氛精油004英國橡樹與紅醋栗10ml,Other,None
33664,快吃肉乾100用愛手打狗狗零食100g120g3入組,Other,None
33669,大好屋台灣現貨金色系花材春節新年花藝乾燥花永生花小蒲葵葉麥穗百萬星麒麟草八角花小米果富貴葉,Other,None
33671,鴻運雙晶球薄荷香菸紫x綠,Other,None
33680,極度乾燥superdry冒險魂防水三層拉鍊外套女款防風防潑水2022新款,Other,None
33685,jpgo日本製kao花王clearcleanpremium大人含氟牙膏100g,Other,None
33797,酪農戶限定鮮乳萬丹1857ml,Other,None
33806,折扣現貨刷卡mac唇膏子彈頭口紅marrakeshchilismokedalmond,Other,None
33810,imakara雙刀頭電動超省力食物調理機料理機100ml搗蒜鮮食副食品可用,Other,None
33854,韓國原裝oligo移動式多功能卡式爐u,Other,None
33864,hiimice哈囉麥斯ai智慧語音無線滑鼠耀眼黃,Other,None
33886,nareca二合一spa潔膚按摩儀ms068美背洗澡機,Other,None
33888,436717h皂福肥皂200gx3入,Other,None
33890,butterfly柔絲絨雙人鋪棉兩用被套多款任選6x7快樂家族,Other,None
33895,萊爾富舒潔抗菌濕巾即享券,Other,None
33953,bigboi1600w180bar無碳刷高壓清洗機washrflo2022premiummodel新增螺旋噴頭,Other,None
34101,comfort復古立體花磚珪藻土優雅藍603909cm,Other,None
34108,699492m峰香菸20ps,Other,None
34139,代收代付ibleairvidam1頸掛式負離子空氣清淨機經典編織45cm德瑞健康家,Other,None
34189,hukuku福可速淨擦鞋濕巾12抽小白鞋專用小三美日ds002463,Other,None
34214,24hr出貨德國百靈歐樂bd12d100充電式電動牙刷oralb博朗美齒神器機身保固二年,Other,None
34250,伴寶樂嬰兒紙尿褲自然風6號20片包適用16kg,Other,None
34253,coreanaorthia塗膜式肉毒護手霜50ml高麗雅娜小資最愛銅板價膠原蛋白護手霜新年首選生日禮物,Other,None
34283,theragunpro智慧型衝擊式按摩槍代理商公司貨,Other,None
34284,雲端發票現貨雷射標公司貨統一lp33健字號益生菌膠囊30顆盒效期2023922,Other,None
34322,rogscabbardii電競滑鼠墊奈米保護塗層防水防油防塵表面抗磨損平縫邊緣防滑橡膠底座,Other,None
34344,小日常寢居3d立體波波絨x羊羔絨安眠毯150x200cm日式麻花剪法蘭絨x羊羔絨毯6x7尺法蘭絨雙人被套毯,Other,None
34416,哈哈豆瓣醬450g,Other,None
34418,紐西蘭sistema微波蒸煮保鮮盒24l,Other,None
34467,沒有牛燕麥奶植蛋300m,Other,None
34527,paraquemac超持妝無瑕粉餅13gn18nc15nc20nc25mac,Other,None
34685,衛立兒生活館康貝combikumakun超純水嬰兒柔濕巾80抽3入x8串24包箱購,Other,None
34724,宅配免運全新日本境內大王迪士尼拉拉褲型尿布mlxlxxl,Other,None
34730,新鴻運雙晶球薄荷香菸紫x綠英美,Other,None
34837,馬來西亞金寶人蔘咖啡卡布奇諾2合1無糖咖啡任選12包,Other,None
34844,世界go大包裝韓國樂天lottecrunky可可脆棒285gminichocolatebar,Other,None
34867,pinkbypurebeauty絲絨緞面唇釉05甜橙汽泡水10,Other,None
34936,酪農戶限定鮮乳萬丹936ml,Other,None
34944,蒂芬妮亞溫和洗淨胺基酸洗顏霜100g,Other,None
35006,韓國lemona膠原蛋白維他命c低分子蝸牛新版韓素希代言夫婦的世界現貨,Other,None
35040,emco莓果脆穀片375g,Other,None
35049,幫寶適一級幫拉拉褲升級增量新版3包箱購smlxl日本進口,Other,None
35085,大金高階加濕清淨機mck70vsctw,Other,None
35108,736067海霸王甲天下蛋餃8入90g,Other,None
35120,日本進口lion新裝上市aromarich衣物香氛柔軟精520mlbelle風鈴黃,Other,None
35179,ihouse加購舊床墊回收服務,Other,None
35195,carbuff汽車冷氣活性碳濾網subarulegacyoutbacktoyotasientaprius三代alphard適用,Other,None
35215,a2lbarley冰,Other,None
35269,光泉希臘式優格無加糖50,Other,None
35321,solonekt專屬訂製鼻影暈染刷hf03,Other,None
35383,日本肯特榛香4號,Other,None
35414,n012606939pritinyc美麗紐約頂級環保無毒指甲油541gingersnaporchid指甲油入門款,Other,None
35471,韓國noste諾斯特天然山茶花保濕乳霜70g買2件限量送洗臉沐浴兩用乳200ml1入,Other,None
35478,dagebeno荷生活五爪頭部按摩器滾珠360度轉動按摩不拉扯頭髮,Other,None
35582,barbie2入兒童牙刷2入,Other,None
35639,全省免運法國依雲evian天然礦泉水500mlx30瓶正貨公司貨愛維養,Other,None
35739,ecmill葉片暖器,Other,None
35753,代收代付喵洽普韓國bycat貓咪凍乾零食鱈魚60g鮭魚70g,Other,None
35763,格瑞空氣淨化清淨機個性鐵灰時尚珍珠白,Other,None
35769,全省免運法國依雲evian礦泉水330mlx48瓶共2箱公司貨正貨愛維養飯店高爾夫球,Other,None
35773,三友蔓越莓乳酸菌40錠包,Other,None
35814,stsheba鮮饌包成貓鮪魚鮭魚35g,Other,None
35819,香檸蜜柚冷萃咖啡20220201psfr1vix,Other,None
35834,超取限一台免運電子發票晶工牌36l電動熱水瓶gowugojk8337電動碰杯熱水,Other,None
35835,森吉小舖現貨韓國innisfree濟州香氛護手霜30ml多款任選護手霜新包裝,Other,None
35877,熱銷主打買就送晶工牌105l溫熱全自動開飲機飲水機淨水機jd3688庫c1網,Other,None
35915,111102241b08廣寰c500電競機械鍵盤星際傳奇版usb,Other,None
35918,寶瀛康素康健配方3公斤3000g管灌奶粉4袋免運亞培桂格雀巢超取1包為限,Other,None
35940,倍思a3車用吸塵器濾網2個裝便攜替換濾網補充車家兩用大吸力智能手持吸塵器隨身吸塵器現貨,Other,None
35977,utaq5全彩智能血氧心率通話手錶神腦生活,Other,None
36044,海霸王甲天下燕餃92g,Other,None
36058,suncut高絲曬可皙高效防曬噴霧沁涼海洋,Other,None
36066,skiirna超肌能緊緻活膚霜80g現貨廠商直送,Other,None
36086,2桶優惠組thegreen狗星型潔牙骨1200gx2桶口味任選特價950,Other,None
36099,快速出貨grandmamaes梅亞奶奶鄉村天然犬糧全系列全齡犬飼料幼犬高齡犬體重,Other,None
36102,一杯起冷萃綠茶氣泡雞尾酒330ml,Other,None
36170,chacha出清折扣倩碧clinique全效輕柔洗臉卸妝乳溫和型200ml,Other,None
36230,pampers日本幫寶適一級幫拉拉褲4包箱購mlxl日本進口日本必買日本樂天熱銷top日本樂天熱銷,Other,None
36241,magickeyboardwithnumerickeypadtwn,Other,None
36299,新雲摩爾xs長支香菸紅,Other,None
36320,玻璃防霧濕巾玻璃油膜濕巾油膜清潔濕巾玻璃前擋風玻璃清洗劑去油污清洗汽車用品汽車濕巾黃小鴨生活百貨,Other,None
36371,durex杜蕾斯保險套12入盒激情活力凸點螺紋4款任選公司貨現貨正貨蝦皮直送,Other,None
36627,金龍希少糖壽喜燒醬,Other,None
36658,毛孩王danlo丹露機能潔牙骨單支m號狗零食台灣製潔牙骨潔牙棒狗零食,Other,None
36726,愛貓餐鮪魚小魚,Other,None
36738,台灣現貨免運pv貓咪鮮極棒貓肉條鮮極棒魔法村貓肉條pv魔法村貓零食寵物肉條肉條寵物零食,Other,None
36751,misshathestyle3d4d立體睫毛膏蝦皮直送現貨,Other,None
36770,3入限量促銷紐西蘭kiwicorp身體乳液,Other,None
36803,丁丁藥局箱購免運妙而舒頂柔舒護nbsm紙尿褲一箱4包,Other,None
36846,784364噶瑪蘭gintonic琴通寧調酒3,Other,None
36988,unicat現貨輕鬆卸妝敏弱適用卸妝保濕水潤卸洗凝露150ml蝦皮團購,Other,None
37035,e西歐沙犬用98無穀全肉罐雞肉170g,Other,None
37066,西門町花莉bennye特效遮刺青遮瑕遮瑕膏六色組合盤concealerwheels28g,Other,None
37078,3袋組tinggo機能性潔牙骨綠茶口味m15入袋,Other,None
37117,699502雲摩爾xs香菸藍20ps10,Other,None
37256,森永premiumicebar質上雪糕香草巧克力風,Other,None
37280,彰化豐樂牧場小農鮮乳936ml,Other,None
37294,e西歐沙犬用98無穀全肉罐牛肉胡蘿蔔170g,Other,None
37400,ktnetsb1900soundbar電視家庭影音藍芽喇叭,Other,None
37448,超商取貨奧利多水碳酸飲料585ml24瓶,Other,None
37468,barebones摺疊野餐刀ckw363城市綠洲刀子刀具摺疊刀登山露營,Other,None
37481,加大款三色可選快速烘乾乾衣機kd111烘衣機攜帶式烘乾機烘乾機折疊式烘乾機摺疊乾衣機烘衣機,Other,None
37489,0790128汪限1蓓膚美care美肌蒸汽眼膜5入盒3盒詳細內容如商品描述,Other,None
37538,lindesa德國lindesa經典款蜂蠟護手霜60ml德國護手霜蜂蠟滋潤保養,Other,None
37547,30722solone羽毛指甲油金油13ml,Other,None
37562,canmake小顏粉餅官方直營美滿堂beautyfull,Other,None
37605,arvohome加高35公分床組美式工業風配色被套配色被套薄被套四季被套單人加高裸睡摩洛哥寢具,Other,None
37633,合同酒造名地雞尾酒350ml沖繩鳳梨風,Other,None
37645,澳洲lonepine加大款全開式保暖睡袋防水極地pro睡袋冬季保暖露營灰色,Other,None
37734,pikapika日本清酒晶瑩亮白精華50ml,Other,None
37747,可刷卡領券再折30有發票宅配免運幫寶適一級幫紙尿褲尿布幫寶適nbsmlxl,Other,None
37769,380781sexylook雙耳掛面膜緊實10,Other,None
37795,德國prokudent黑炭亮白牙膏75ml買5送5,Other,None
37819,韓國滿意度第一名drseed柔敏香氛洗髮精韓星girlsday朴素珍機智醫生柳演錫代言推薦多件優惠,Other,None
37849,10ml漸變滾裝瓶滾裝瓶彩色珠光滾裝瓶多特瑞doterra彩色珠光漸變精油滾珠瓶分裝瓶,Other,None
37881,韓國dadama碳鋼炒鍋28cm防鏽不沾炒鍋,Other,None
38014,下殺超優惠台灣現貨熱銷乾衣機小藍摺疊烘衣機110v便攜式乾衣機烘衣機迷你烘衣機小藍免安裝fb熱銷,Other,None
38019,oriks奢華珍珠賦活bb霜35ml效期20221023介意者請勿下單促銷品不退不換,Other,None
38023,sng炭燒新萃咖啡185ml,Other,None
38039,背面加寬後背包專用男女連身雨衣一體式雨衣雨衣防風雨衣加長旅行者2代防水收納袋orgsd2030h,Other,None
38054,去味大師室內擴香,Other,None
38068,雲摩爾xs香菸1毫克,Other,None
38116,現貨日本okazaki灰白簡約風洗衣清潔球4入組洗衣球增加磨擦力洗衣摩擦球洗衣去污球,Other,None
38164,medicube全能緊緻胜肽眼霜30ml全方位抗老全臉可用,Other,None
38181,夢之語韓式羽絲絨保暖被凡賽綠花園雙人28kg多用機能被棉被被子被胎水洗被床包天絲暖暖被,Other,None
38232,abonne泰國牛奶亮白身體乳500ml,Other,None
38272,canmake保濕遮瑕膏官方直營美滿堂beautyfull,Other,None
38323,超特價歐覓正品第三代動力升級電動蒜泥機料理機usb充電食物調理機攪肉機碎肉機蒜泥器切菜器,Other,None
38359,沒有牛燕麥奶膳食纖維300ml,Other,None
38419,七里香泰式檸檬舒肥雞胸肉90g,Other,None
38439,給給購入代行美安omegaiii魚油維生素e膠囊食品易善全新,Other,None
38500,丁丁藥局箱購免運幫寶適紙尿褲禮盒s120m52,Other,None
38556,愛康抗菌衛生棉9片量少19cm,Other,None
38563,憶馨御天犬超值包台灣本產大包裝量販包寵物零食寵物肉乾狗零食犬零食肉片肉捲肉餅潔牙骨,Other,None
38595,新品上市530750ml不鏽鋼吸管式保溫杯tyeso運動健身杯密封防漏倒放不漏環保水杯,Other,None
38649,棉床本舖精梳棉可愛款兩件式枕套床包組台灣製多款可選單人,Other,None
38688,oatly最好喝的燕麥奶咖啡師巧克力原味蝦皮直送現貨部分即期,Other,None
38702,日本肯特ss風味晶球涼菸5號英美,Other,None
38791,元初豆坊濃豆乳無960,Other,None
38817,頂沛竹炭水,Other,None
38838,lite波森莓優酪,Other,None
38859,摩爾more銀,Other,None
38867,4013718022451herbacin德國小甘菊經典修護唇膏48g,Other,None
38880,奇異廚房醇鮮風乾犬糧草原嫩羊60g,Other,None
38888,限今日付款幫寶適清新幫紙尿褲黏貼型lxl4包箱購公司貨可集點丞丞婦幼,Other,None
38898,購物節下殺植村秀無極限保濕妝前乳30ml極保濕輕感防護乳30ml膚色粉色透色紫色春秋閣國際美妝,Other,None
38913,現貨紐西蘭人氣香氛蠟燭雪松混調系blend極簡半圓thearomatherapyco居家香氛蠟燭,Other,None
38969,honey蜂蜜亮澤修護洗髮乳10440ml,Other,None
39025,derjinn德晉3011台灣製探險家天然羽毛保暖睡袋1000g顏色隨機出貨,Other,None
39048,蘿莉塔娜氣泡水大玻璃1l,Other,None
39057,海霸王甲天下燕餃10粒包92g45g,Other,None
39059,acana愛肯拿挑嘴犬無穀雞肉火雞肉幼犬飼料成犬飼料高齡犬飼料犬用飼料寵物飼料狗狗飼料狗飼料犬糧,Other,None
39060,涵沛蜂萃抗老奇肌霜30ml官方直營現貨蝦皮直送,Other,None
39068,韓國滿意度第一名drseed頭皮髮絲全效調理組洗髮精頭皮精華潔淨控油保濕不毛躁柔順無矽靈代言人柳演錫朴素珍,Other,None
39090,n012676864adidasmhfleecept女刷毛運動長褲gr3740l黑,Other,None
39091,usb充電三檔強力雪花迷你風扇電扇夏天必備小風扇現貨當天出貨刀鋒,Other,None
39108,arvohome有機舒眠被套4件組素色床包組美式工業風鬆緊床包雙人加大民宿飯店莫蘭迪色系裸睡,Other,None
39125,postoreo巧克力棉花糖麥片250g,Other,None
39139,免運inoxjodo小鹿碰吉君口袋按摩槍筋膜槍,Other,None
39157,736069海霸王甲天下蝦餃10入92g,Other,None
39169,安心芙蓉沐浴露芙蓉艾草檀香三效合一500ml瓶,Other,None
39189,marvis白色淨白牙膏,Other,None
39261,kneipp克奈圃瞬間柔嫩精油護手霜75mltrustbeautyshop台灣公司貨,Other,None
39282,許慶良鮮乳瓶商品券173罐,Other,None
39393,越南京酥醬油批發價京酥系列chinsu醬油蒜頭辣椒醬油250ml,Other,None
39483,促銷中10倍蝦幣幫寶適超薄乾爽拉拉褲mlxlxxl丹丹批發網,Other,None
39502,憶馨acana愛肯拿無穀貓糧公司原裝無穀糧無穀貓飼料貓飼料貓食全系列全品項全新包裝,Other,None
39562,neogence霓淨思n3高機能保濕亮白面膜口味任選6片入8片入蝦皮直送現貨任選兩件298,Other,None
39564,refoule新名人乳酸菌粉15gx72p,Other,None
39573,傅樂樂真心推薦韓國miraclecare奇蹟護理萃蘆薈精華液500ml,Other,None
39594,韓國median93強效淨白去垢牙膏120g淨白,Other,None
39662,10倍蝦幣領券再折30有發票可刷卡分期免運費幫寶適一級幫紙尿褲尿布幫寶適mlxl,Other,None
39663,他里霧鮮乳936ml,Other,None
39666,好厝邊日本進口kao花王清潔牙垢琺瑯質去垢成人牙膏小包裝綠清新薄荷17g一入,Other,None
39688,旺旺生活吶一口貓肉泥4入15g包貓肉泥貓零食肉泥條貓咪點心貓咪食品全齡貓貓奴必備,Other,None
39694,mspp超胜肽多元膠原蛋白8g15包盒,Other,None
39755,雲摩爾淡菸8毫克單,Other,None
39760,免運蝦皮代開發票好奇濕紙巾系列,Other,None
39776,歐維氏榛子bar45g,Other,None
39950,slappleipadair109吋wifi64g灰myfm2taa,Other,None
39970,韓國innisfree濟州香氛護手霜五月陽光下的山草莓30ml新包裝,Other,None
39983,代收代付日本edisonmama輔助用嬰幼兒抑菌牙刷2入家長輔助用kjc愛迪生,Other,None
39994,my購物愛康衛生棉良爽衛生棉涼感含發票快速出貨整箱購買區,Other,None
40000,現貨預購202012新色上市canmakex眼線膠筆06新色上市,Other,None
40055,ihomi純棉三件式被套床包組粉藤花下單人,Other,None
40056,gl長型玻璃保鮮盒,Other,None
40070,日本熊野麗白卸妝油500ml珍珠薏仁卸妝無香料潤澤肌膚雷老闆,Other,None
40082,現貨舒潔100抽科克蘭kirkland120抽五月花130抽衛生紙丹丹生活館,Other,None
40084,ji台灣製微醺梅格軟鋼圈集中包覆機能內衣提托蕾絲內衣收副乳低脊心透氣吸濕排汗bc杯20192,Other,None
40142,韓國abib水庫補水柚子淨白魚腥草蜂蜜營養面膜透明新款單片30ml小三美日ds001168,Other,None
40169,n011626713equasmart歐洲極簡奢華智慧保溫瓶夜幕黑,Other,None
40180,熊媽媽買菜網任選499原萃日式綠茶125l,Other,None
40182,佳旺農心辛辣白菜風味杯麵,Other,None
40235,增量版限量搶購娜芙nov防曬水凝乳spf3235g46g增量版公司貨寶寶可用溫水卸除,Other,None
40304,免運現貨欣彥黏貼型成人紙尿褲no1cp值,Other,None
40442,沒有牛燕麥奶膳食纖維配方,Other,None
40456,日本王將的好味道大阪王將水餃沾醬水餃調料餃子水餃醬料100ml新包裝,Other,None
40470,ddnikeairforce1藍綠鴛鴦解構斷勾bv0740100f1006,Other,None
40489,日本canmake愛心浮雕口紅潤色唇膏新款t05楓糖棕栗色t06t0406亞貿購物趣電子發票,Other,None
40523,開發票恆隆行登錄保固二年德國百靈braun三鋒系列電鬍刀黑300sb,Other,None
40537,grandbarossa虎,Other,None
40587,義大利blackhammer原廠臻瓷不鏽鋼真空保溫杯430ml四色可選陶瓷杯特殊專案,Other,None
40686,代收代付寵物家族原燒水煮化毛貓罐各口味80g24入,Other,None
40705,0510211限1arenes胺基酸雪肌洗顏泡泡1罐,Other,None
40707,伴寶樂嬰兒紙尿褲自然風4號24片包714kg,Other,None
40728,久保雅司全新升級維生素d3k2高單位800iu13微克日本富士藥廠晶球膠囊緩釋性腸溶型非活性,Other,None
40736,hashtag雙色玩美持色指甲油奶味漿果,Other,None
40765,peachlife現貨日系100純棉小清新床包組森林系床組藍灰色床包被套枕套花花草草zara現貨,Other,None
40780,grandmamaes梅亞奶奶lid低敏無穀貓咪全系列富含dl蛋胺酸無穀飼料天然寵糧,Other,None
40832,欣小妞琉璃花生琉璃發生好事發生好事花生開花富貴開運擺件開運花生財源滾滾長壽多福招財開運吉祥物,Other,None
40842,nutroone1秒單手調節專業啞鈴45磅2入16級可調重量贈底座,Other,None
40844,原廠公司貨正品保證限量韓國unleashia顏礫星涯流光炫彩珠光唇膏護唇膏潤唇顏色任選唇釉,Other,None
40849,3770008167087beauterra竹子清香沐浴油750ml,Other,None
40874,岱思夢極柔天絲床包組單人雙人加大特大兩用被床包tencel3m吊卡超取有出貨限制請參閱說明m1,Other,None
41002,vap三折折疊藍牙鍵盤,Other,None
41005,lemonsolo純植物精油,Other,None
41030,台灣一番寒天蒟蒻干魯香100g,Other,None
41053,愛兒樂園台灣現貨宅配免運費nacnacedi超純水濕紙巾80抽一箱24包,Other,None
41139,skii青春露75ml鑽光潔顏禮盒三件組贈cher唇部磨砂qq糖霜8ml正統公司貨,Other,None
41144,yflife圓方air3plus奈米光觸媒負離子雙效空氣清淨機殺菌除塵蹣pm25分解甲醛實驗室證明,Other,None
41160,現貨不用等維生素e200iu100顆液態膠囊美國原裝維他命eswanson,Other,None
41251,爆能能量飲料225cc,Other,None
41264,kolln燕麥脆穀片蜂蜜堅果燕麥,Other,None
41279,美國stanley真空保溫瓶037l簡約白,Other,None
41425,pinkbypurebeauty絲絨緞面唇釉03肉桂奶茶10g,Other,None
41438,m86p01眼彩刷231,Other,None
41451,magickeyboardtouchidtwn,Other,None
41473,六鵬敏瑞靈益生菌50包入去批號含10種益生菌,Other,None
41534,燕巢全脂鮮乳,Other,None
41553,colourfancier指甲油爵士闇黑12ml,Other,None
41558,法國皇室瑪莉安娜皇家水晶香氛組,Other,None
41635,旺滴人工淚液15ml2入盒otc,Other,None
41636,蒂芬妮亞恆潤肌極濃玻尿酸乳液150ml,Other,None
41683,羽恩小舖現貨毛寶全效洗衣精抗菌光鮮強淨補充包18kg,Other,None
41718,matiasusb20wiredmac有線中文長鍵盤蘋果鍵盤,Other,None
41744,loveabowl囍碗無穀天然貓糧組合包150gx4包小小顆粒大大營養貓糧q老闆寵物,Other,None
41769,香檸蜜柚冷萃咖啡20220202o0bgpaid,Other,None
41777,hapika拉拉熊電動牙刷dbk5br棕,Other,None
41797,新雲摩爾xs香菸紅20支,Other,None
41806,澳洲ficcecode洗髮精髮膜護髮油300ml260ml生薑茶樹堅果油洗髮乳,Other,None
41818,日本製fujiwara足乾珪藻土浴室踏墊l55x43cm吸水快乾可清洗不含石綿,Other,None
41822,1372133907新鴻運雙晶球薄荷紫x綠,Other,None
41835,施華寇萊雅nioxinaveda美傑仕洗髮精壓頭押頭1入muse愛美神,Other,None
41860,canmake魔法極太睫毛膏c586即期良品官方直營美滿堂beautyfull,Other,None
41899,金大器極厚5cm輕量化備長炭記憶棉床墊接受訂做3m吸濕排汗技術表布多規格學生宿舍外宿族單人雙人加大,Other,None
41933,嘉莉美妝紋繡美甲材料solone天生激纖長睫毛膏1入,Other,None
41939,白金珍璽隔離霜,Other,None
41950,源色香氛精油三件,Other,None
41981,1stplayer首席玩家dk50rgb有線中文金屬上蓋高特軸一年保固鍵盤原價屋,Other,None
41983,戀家小舖枕頭可水洗qq枕軟q有彈性防潑水表布車格設計台灣製熱銷推薦透氣枕頭床包枕芯,Other,None
41991,mocchiskin吸附型黑炭潔顏慕斯150ml瓶身受損瑕疵不影響內容物,Other,None
41999,skii即期品上質光晶透柔潤保養粉餅蕊95g330效期202207專櫃公司貨,Other,None
42013,樂益活潔牙棒,Other,None
42053,日本partyplazatokyo日系珪藻土地墊sgs認證60x40cm吸水加厚加大矽藻硅藻不含石綿,Other,None
42069,即期優惠現貨韓國孔劉代言kanu最新單一地區豆耶加雪菲蘇門答臘熱帶系列50入盒裝咖啡美式保溫瓶組,Other,None
42097,lifecode夜行星20版二房一廳超大48人帳篷夜晚會反光,Other,None
42123,小馬兒奇哥天然胺基酸洗衣精罐裝,Other,None
42212,家樂氏kelloggs陽光樂活大燕麥片800gx1包,Other,None
42218,n011797736英國waxlyrical居家系列no6烏木茉莉jasmineoudwood香氛蠟燭190g,Other,None
42226,台灣現貨caraz四摺地墊全新代購韓國公司貨免關稅,Other,None
42292,grabgreenstoneworks香氛洗衣球50球植物性深層清潔去污適he標準洗衣機彤彤小舖,Other,None
42327,barilla經典羅勒青醬190g190g,Other,None
42362,日本和膳肉泥條6款口味量販組14gx60入裝添加抹茶消臭炭烤柴魚片乳酸菌貓零食d002m11,Other,None
42380,7394376618239瑞典oatly巧克力燕麥奶1000ml到期日2022412,Other,None
42405,代收代付wifi256gappleipadmini683吋2021第六代平板電,Other,None
42412,canmake輕紗亮澤修容餅官方直營現貨蝦皮直送,Other,None
42416,arwin雅聞倍優現貨開發票lpa亮白藍銅保濕緊緻面膜玫瑰胜肽幼嫩金面膜亮白細勻淨7款可混搭,Other,None
42544,sng香醇新萃咖啡185ml,Other,None
42548,愛康抗菌衛生棉夜用型28cm7片,Other,None
42568,kanoodleskanoodles韓國玄米潔牙棒170g袋裝零食耐咬潔牙降低牙結石,Other,None
42573,高帽子柔光指甲油15ml,Other,None
42585,w店barkeeperfriend去污粉,Other,None
42606,氧顏森活保濕調理深層卸妝棉12抽,Other,None
42622,日本花王kao兒童牙膏70g三,Other,None
42639,天天益生菌3入愛舒視10入體驗組,Other,None
42659,即期品買1送1dejavu就是不暈柔霜眼膠筆純亮棕效期2022630,Other,None
42694,日本canmake花漾戀愛修容組花瓣腮紅霧面啞光南瓜珠光腮紅亞貿購物趣電子發票,Other,None
42705,純棉天然不刺激柔軟上市露營中毒本鋪北緯23度3d床墊專用雙人床包逗點可用北緯床套透點床套床包床套,Other,None
42765,zott德國水果優格150g,Other,None
42783,789917日本premium福島白桃沙瓦35,Other,None
42827,少年狼啤酒,Other,None
42954,小日常寢居超暖柔抗寒法蘭絨床包單人雙人加大兩用被套毯組鋪棉暖暖被多款任選全台獨家花色,Other,None
42996,瑪德蓮烘焙法國cacaobarry72委內瑞拉苦甜調溫巧克力鈕扣型,Other,None
43013,自然美瑞昇超細緻胺基酸淨潤潔面乳單入ob員購,Other,None
43076,懶惰姐減醣美食研究社台灣味榮無添加無加糖醬職人醬油蔭油減鹽醬油膏蔭油露純釀造蔭油膏非基改,Other,None
43142,bartolini動物造型五色義大,Other,None
43152,歐洲barwa綠橄欖滋養柔膚美肌皂100g,Other,None
43175,歐妮醬三藻合一潔牙骨250g,Other,None
43200,德國wmf快力鍋快閃回饋秒殺組,Other,None
43223,代收代付agape亞加貝綠翊盎然mit舒柔棉雙人5尺三件式薄床包組5b,Other,None
43230,代收代付piyo黃色小鴨乳牙用幼童用牙刷1入新高橋藥局2款可選,Other,None
43242,t518鴻運香菸lucky雙晶球薄荷香菸紫綠7毫克條,Other,None
43254,微軟1850無線行動滑鼠全系列共七色現貨不要再問了非靜音滑鼠確認後再下單,Other,None
43284,韓國unleashia顏礫星涯輕擁絨霧唇釉45g梨花跑跑妞,Other,None
43298,日本partyplazatokyo日系珪藻土地墊sgs認證60x40cm5色任選吸水加厚加大矽藻硅藻不含石綿,Other,None
43354,康水工坊真空彈蓋骨瓷保溫杯2入組亞麻粉極光藍溫暖特組傳承千年工藝高密度骨瓷無毒健康網,Other,None
43454,日本mosh溫控電水壺mek1br棕電水壺,Other,None
43473,bargogo不鏽鋼網杓大,Other,None
43536,casestudiapplewatch745mmprismart錶殼,Other,None
43578,現貨泰國公雞醬130g甜雞醬塑膠瓶,Other,None
43595,代收代付韓國median93強效淨白去垢牙膏120g升級版四款可選多重護理牙膏,Other,None
43613,debalets小巴黎香水淨化平衡洗髮精法式優雅450ml,Other,None
43661,健人館ec冰藍blink高水分隱形眼鏡潤濕液10ml,Other,None
43664,14001354918比利時alpro原味椰奶1l全素到期日2022314,Other,None
43671,旺旺生活danlo好棒棒狗零食犬零食寵物零食寵物肉條狗狗點心狗快餐狗肉條狗狗肉條牛肉條台灣產,Other,None
43780,w小妖精金色愛爾啤酒,Other,None
43790,svr法國詩芙雅芙適敏滋潤乳液清爽型400ml瓶,Other,None
43825,n011534889美國homedics家醫震動式冷熱敷多功能按摩機srhhp255h,Other,None
43842,mammut長毛象ayakoprohshoodedjacketafgtx防水連帽外套日落紅女款101027560網路限定款,Other,None
43858,speed升級12頭按摩枕多功能按摩枕多功能按摩器車用按摩枕家用按摩枕肩頸按摩枕肩頸按摩器,Other,None
43922,赫緻狗罐火雞肉佐嫩筋南瓜80g,Other,None
43954,自然美瑞昇樂呼吸複方精油01雙瓶組自營員購ob,Other,None
44047,鼓風機吹塵器牧田款車用吸塵器吹灰除塵器森森機具一年保固鋰電吹風機大功率工業車載吹吸兩用,Other,None
44057,好厝邊麵包超人牙刷0315歲孩童專用幼童牙刷幼兒牙刷顏色隨機出貨,Other,None
44168,日本肯特ss風味晶球涼菸5號,Other,None
44217,median93強效淨白牙膏韓國牙膏牙膏防護抗菌口臭淨白牙膏牙周護理p1033,Other,None
44229,德國arfum紡優美頂級16週芳香3效合1洗衣凝膠球42顆罐裝清新海洋深藍色洗衣膠囊有香香豆效果,Other,None
44248,區禾乃川無糖純濃黃豆漿小,Other,None
44262,greenpharmacy天然玫瑰花薑緊緻活膚保濕乳,Other,None
44365,台灣現貨天天寄枕邊玩物gellas單頭眼線筆臥蠶筆眼影棒啞光珠光粗頭圓筆臥蠶筆wcb16160676,Other,None
44374,亞培特特級乾狗糧雞肉口味35kg包35kg包,Other,None
44428,abba白藥保濕蘆薈糖蜜豐厚洗髮精946ml任選網,Other,None
44452,花王attackbio高活性酵素洗衣粉24g單包阿志小舖,Other,None
44455,荷那法蕊萊法耶蒔蘿均衡髮浴綠翠雅洗髮精200ml500mlnaturia巴黎丁,Other,None
44598,優個兒lgg益生菌優酪乳草莓950ml950ml,Other,None
44681,新雲摩爾xs紅,Other,None
44855,t518鴻運香菸lucky雙晶球薄荷香菸紫綠7毫克包,Other,None
44924,徐若瑄代言選品生活屋碧歐斯洗面乳共7款煥白金萃玫瑰全效胺基酸洗面乳保濕洗面乳控油洗面乳深層清潔,Other,None
44980,限時特惠cindora馨朵拉寶貝柔嫩潤唇膏嬰幼兒專用天然來源7大植物油潤澤嘴唇,Other,None
44990,lepichet髮職人蘋果六胜防斷修護洗髮精500ml,Other,None
44999,colourfancier鏡面光感指甲油落櫻心瓣12mlch01,Other,None
45043,家順適成人紙尿褲超值經濟型l號15片x6包箱整箱共90片箱購成褲可搭配成人紙尿片,Other,None
45136,韓國oura馬油精華修復潤唇膏33g效期20221126,Other,None
45184,員林鳳營鮮乳,Other,None
45294,庶務客innisfree根根分明睫毛膏睫毛膏全系列定型防水捲翹纖長,Other,None
45325,韓國somebymi奇蹟去黑頭泡泡洗面乳120g小三美日somebymi洗面乳d390244,Other,None
45333,小樹義大利擴香瓶水果森林45ml,Other,None
45360,canmake激細滑順眼線膠筆官方直營現貨蝦皮直送,Other,None
45399,dtaudio智能手錶s50運動手錶健康手錶line提示睡眠監測心率血壓血氧監測運動追蹤觸控屏智能穿戴,Other,None
45419,hodrmen男研堂高效戰痘控油包林敬倫代言胺基酸多功能洗面乳100mlcsa鬥痘精華30ml深層清潔控油,Other,None
45422,威哥寵物danlo板燒狗零食丹露狗零食狗狗專用寵物肉乾狗狗零食犬用點心狗零食狗狗肉乾寵物零食,Other,None
45472,darphin朵法虎虎生風奢華潔膚招財貓組花梨木按摩潔面膏40mlx2甘菊芳香精露15ml,Other,None
45532,hodrmen男研堂奇肌永春組胺基酸洗面乳100ml保濕永春泉60ml肌能乳50ml清潔補水延緩肌膚老化,Other,None
45547,ll塑品保鮮盒249,Other,None
45566,領券再折88nacnac新牛奶燕麥洗髮乳400ml悅兒園婦幼生活館單筆滿2000送200點,Other,None
45665,健康達人超低價雪肌萃雪肌粹淨白洗面乳80g120g台灣711公司貨,Other,None
45666,王子麵包超人褲型尿布拉拉褲原廠正貨新包裝mxxl3包箱箱購2箱贈20片現貨廠商直送,Other,None
45669,元氣家族金罐貓罐系列80g單罐提升適口性滿足貓咪水份攝取貓罐頭wang,Other,None
45732,cosco代購w2160440tide汰漬oxi亮白護色洗衣精443公升两組入,Other,None
45733,actuel密封保鮮盒長型83l長290x寬180x高213mm,Other,None
45796,peachlife現貨日式天竺棉杏色床包組奶茶色床包被套枕套親膚超柔軟天竺棉單人三件組雙人四件組加大,Other,None
45914,nasashopadidastirotracksuit三線套裝男bk4087女bk4695,Other,None
45972,台灣現貨天天寄枕邊玩物gellas點亮雙頭兩用臥蠶筆自然放大雙眼珠光高光眼影提亮眼妝wcb05160339,Other,None
46040,韓國innisfree妝自然眉筆03g韓秀姬,Other,None
46056,skii即期品rna超肌能緊緻彈力精萃75ml公司貨有效期202209,Other,None
46080,camplife美麗人生充氣床墊l號睡墊星辰藍,Other,None
46107,kooke酷客炫卡爐火力加強版28kws1卡式爐登山露營瓦斯爐,Other,None
46118,韓國cj韓式辣椒醬500g,Other,None
46240,髮職人植萃英國梨小蒼蘭香氛沐浴膠750ml,Other,None
46259,毛寶全效光鮮洗衣精3500gx4入箱愛買,Other,None
46285,macminiapplem1chipwith8corecpuand8coregpu256gbssdmgnr3taa,Other,None
46423,雲摩爾xs香菸長支藍6毫克,Other,None
46429,amigo智慧型40l自動料理氣炸鍋se820,Other,None
46495,solone指甲油多色可選蝦皮直送現貨,Other,None
46508,a1barley冰,Other,None
46510,4013718022512herbacin德國小甘菊臉部肌膚潔顏慕斯100g,Other,None
46515,極淨適茶樹精油抗菌柔嫩護手霜清新綠茶抗菌護手霜我的心機,Other,None
46550,0760129涵沛高係數抗uv防曬棒spf5020g2支,Other,None
46562,健生舒孕葉酸250顆,Other,None
46587,7888cl3棉外套極度乾燥霧面拉鍊素色梭織布縮口連帽男版棉質外套superdry,Other,None
46623,colourfancier鏡面光感指甲油西柚磚紅12mlch09,Other,None
46652,購物節下殺植村秀極保濕輕感防護乳1ml體驗片春秋閣國際美妝透色粉色膚色紫色,Other,None
46715,愛康超透氣衛生棉夜用加長型33cm6片深藍,Other,None
46721,小倩小舖舒澡沐浴乳750ml,Other,None
46746,bronson博爾生高單位維他命c玫塊果緩釋型100顆瓶,Other,None
46779,huggies好奇迪士尼限定超厚倍柔濕巾純淨無香64抽x3包串,Other,None
46813,免運美國雞湯貓飼料綜合賣場經典系列低敏心靈雞湯無穀天然糧wdj推薦chickensoup,Other,None
46881,eglips極細粉裸妝肌粉餅9g美妝部落客達人pony推薦熱銷款回購率超高4色,Other,None
46905,香檸蜜柚冷萃咖啡20220210mcoshksi,Other,None
46929,e沃野速效潔牙骨蝦紅素雞肉長,Other,None
46998,現貨免運pampers幫寶適增量一級幫尿布日本境內版,Other,None
47013,香水花園香水沐浴乳英國梨小蒼蘭藍風鈴粉紅甜心1000ml香氛台灣dtstore0518115,Other,None
47033,現貨預購diordiorskinnudeluminizer打亮餅輕透光燦蜜粉餅pinkglow,Other,None
47073,marvis薄荷牙膏85ml甘草黑色亮白銀色茉莉紫色海洋薄荷經典薄荷日本必買日本樂天熱銷top日本樂天熱銷,Other,None
47088,campingbarridgemonkey方形煮水壺11公升,Other,None
47135,雲摩爾xs香菸銀,Other,None
47153,ikuk保溫杯兩入組,Other,None
47186,整b0210雪碧4件75元,Other,None
47193,匯豐是拉差香甜辣椒醬481g,Other,None
47207,catkin卡婷松間渡9色眼影盤c03秋月,Other,None
47221,lepichet清新水漾鼠尾海鹽洗髮精500ml,Other,None
47226,colourfancier指甲油象牙棕灰12ml,Other,None
47227,愛心認購幫寶適清新幫拉拉褲1包捐贈至德蘭啟智中心蝦皮公益購買者本人不會收到商品0208,Other,None
47294,missbakingcacaobarry可可巴芮小脆片可可巴瑞25kg原裝,Other,None
47333,mammut長毛象qdlogoprintlongsleevetshirtafmen快乾logo長袖t恤黑色prt3男款101601030,Other,None
47351,566香水能量洗髮露12件組510gx1髮膜180gx2幸運加氛白麝香巴黎小香風耐斯,Other,None
47353,pureburg適用正負零00xjcy010xjca020xjcb021xjfy010無線吸塵器副廠集塵濾網心耗材,Other,None
47422,lemonsolo軟式硅藻土速乾吸水地墊1入lmv110長方粉金石紋,Other,None
47439,700541髮職人植萃黑莓月桂葉沐浴膠,Other,None
47445,110653306he7hppaviliongaming15dk2801tx黑144hz,Other,None
47458,新larose玫瑰冰心涼菸,Other,None
47477,好厝邊日本花王kao預防牙周殺菌pureora草本薄荷系列牙膏115g,Other,None
47479,alcon愛爾康甘霖100潤濕液8ml保存期限20236以後,Other,None
47508,原廠公司貨正品保證韓國cosrxinc公司出品蜂膠亮顏化妝水95覆膜酵母96蝸牛修護精華化妝水,Other,None
47553,ihomi60支100天絲四件式床包被套組多款任選雙人,Other,None
47598,官方旗艦店new私密處專用愛康涼感潔淨濕紙巾,Other,None
47629,一度贊酸菜豬肉碗麵19,Other,None
47635,現貨不用等益生菌60顆32億活菌蘭格博士probiotic膠囊16種菌種美國原裝swanson,Other,None
47654,hobotlegee6687掃地機用hepa濾網嘉儀legee668legee669688雷姬拖布,Other,None
47655,韓式精品精油滾珠瓶珍珠貝色漸層多特瑞logo,Other,None
47712,特保溫瓶500ml白色百變史努比,Other,None
47724,canmake魔法極纖長睫毛膏c588官方直營美滿堂beautyfull,Other,None
47893,bartolini動物造型五色義大利麵250g,Other,None
47905,jpgo日本製花王kao妮維雅niveaw濃厚保濕沐浴乳,Other,None
47927,愛康抗菌衛生棉夜用型28cm7片,Other,None
48069,家樂氏陽光樂活大燕麥片,Other,None
48072,好奇迪士尼限定超厚倍柔濕巾純淨無香64抽x18包箱,Other,None
48079,6902395683018lorealparis巴黎萊雅truematch特潤無瑕遮瑕膏68ml1n白皙色,Other,None
48092,芫荽太太現貨朴信惠代言韓國median93牙膏120g強效護理牙膏刷牙麥迪安牙膏93牙膏,Other,None
48126,divinia零負擔柔皙提亮防曬乳spf5060ml,Other,None
48200,東洋鹽味擔擔麵風味碗麵,Other,None
48249,可超商取貨萬國牌10人份自動保溫電鍋aq10saq10s原廠公司貨,Other,None
48327,伴寶樂嬰兒紙尿褲自然風3號2片裝,Other,None
48347,814406沒有牛燕麥奶膳食纖維配方,Other,None
48482,西歐沙犬用98無穀全肉3號罐火雞肉肝170g,Other,None
48530,法國evian依雲天然礦泉水330mlx24瓶免運費公司貨瓶裝水礦泉水進口水免運飯店高爾夫會議依雲evian飯店溫泉hs嚴選,Other,None
48564,鴻嘉源msg三代81段紅光輔助變頻按摩槍肌肉筋膜槍按摩頻率模式調整紅光輔助按摩靜音設計按摩槍筋膜,Other,None
48593,嬰舒寶大寶寶穿的拉拉褲大大褲褲型紙尿褲3xl4xl箱購任選網,Other,None
