品牌,組合,
080,['080'],
1028,['1028'],
16brand,['16 brand'],
17pin,['17PIN'],
1stchoice,['1ST CHOICE'],
21plus,"['21Plus','21世紀']",
24hcosme,['24h cosme'],
360,['360'],
3ce,['3CE'],
3m,['3M'],
3q,['3Q'],
3wclinic,['3W CLINIC'],
4u2,['4U2'],
5minsshaperpro,['5mins Shaper Pro'],
一午一食,['一午一食'],
一引,['一引'],
一來順,['一來順'],
一品夫人,['一品夫人'],
一風堂,['一風堂'],
一家人ourfamily,"['一家人 OUR FAMILY', '一家人']",
一匙靈,['一匙靈'],
一滴淨,['一滴淨'],
七里香,['七里香'],
七星,['七星'],
七喜,['七喜'],
九華山,['九華山'],
九陽joyoung,"['九陽', '九陽 Joyoung', '九陽 JOYOUNG']",
人可和,['人可和'],
人生製藥,['人生製藥'],
人因科技ergotech,['人因科技 Ergotech'],
八道paldo,['八道 PALDO'],
力保美達lipovitan,['力保美達 LIPOVITAN'],
力度伸,['力度伸'],
十味觀,['十味觀'],
卜蜂,['卜蜂'],
三井生技,['三井生技'],
三多sentosa,"['三多', '三多 SENTOSA']",
三星samsung,['三星 SAMSUNG'],
三記,['三記'],
三得利suntory,"['Suntory 三得利', '三得利', '三得利 SUNTORY']",
三菱電機mitsubishi,"['三菱', '三菱 MITSUBISHI', '三菱 Mitsubishi', '三菱電機']",
三詩達sunstar,"['三詩達', '三詩達 SUNSTAR']",
三鷹,['三鷹'],
上山採藥tsaio,"['上山採藥 tsaio', 'tsaio 上山採藥', '上山採藥']",
上元,['上元'],
上田,['上田'],
上品王,['上品王'],
上海灘阿杜,['上海灘阿杜'],
上豪sunhow,"['上豪 SUNHOW', '上豪']",
丸三marusan,['Marusan 丸三'],
丸山,['丸山'],
丸友,['丸友'],
丸秀,['丸秀'],
丸金,['丸金'],
丸莊,['丸莊'],
丸進,['丸進'],
丸龜製套,['丸龜製套'],
久保雅司,['久保雅司'],
凡士林vaseline,['Vaseline 凡士林'],
凡爾賽玫瑰,['凡爾賽玫瑰'],
凡諦斯vintage,['凡諦斯 Vintage'],
千山淨水,['千山淨水'],
千拌麵,['千拌麵'],
千歲,['千歲'],
土羊哥,['土羊哥'],
土耳其e.s.t.,['土耳其E.S.T.'],
大丈夫,['大丈夫'],
大王,['大王'],
大本山,['大本山'],
大正,['大正'],
大甲乾麵,['大甲乾麵'],
大同tatung,['大同 TATUNG'],
大西洋,['大西洋'],
大拇指fp,"['大拇指 FP', '大拇指']",
大昌,['大昌'],
大河taiga,"['大河 TAIGA', '大河']",
大炒一番,['大炒一番'],
大芳,['大芳'],
大金,['大金'],
大研生醫,"['大研', '大研生醫']",
大食客,['大食客'],
大倉美記okurabiki,['大倉美記 OKURA BIKI'],
大家源,['大家源'],
大師兄銷魂麵舖,['大師兄銷魂麵舖'],
大乾麵,['大乾麵'],
大眼蛙dooby,['大眼蛙 DOOBY'],
大森una,['UNA 大森'],
大象daesang,['DAESANG大象'],
大補帖,['大補帖'],
大潤發,['大潤發'],
大衛杜夫,['大衛杜夫'],
大醇豆,['大醇豆'],
大興吉,['大興吉'],
大嚐津,['大嚐津'],
大隱珈琲,['大隱珈琲'],
大醫生技,['大醫生技'],
大醬,['大醬'],
女皇咖啡,['女皇咖啡'],
小七泡泡,['小七泡泡'],
小人物minorfigures,['Minor Figures 小人物'],
小小petit,['小小 PETIT'],
小分子,['小分子'],
小太陽,['小太陽'],
小夫妻拌麵,['小夫妻拌麵'],
小巴黎debalets,['小巴黎 deBalets'],
小文輕,['小文輕'],
小安安,['小安安'],
小米xiaomi,"['小米 xiaomi', '小米']",
小兒利撒爾,['小兒利撒爾'],
小牧好好,['小牧好好'],
小狗電器puppy,['小狗電器 PUPPY'],
小泉成器koizumi,['小泉成器 KOIZUMI'],
小紅帽咖啡juliusmeinl,['小紅帽咖啡 Julius Meinl'],
小風鈴,['小風鈴'],
小魚嚴選,['小魚嚴選'],
小獅王辛巴,"['小獅王辛巴', '小獅王']",
小瑞士花園s'siwiss,['S’SIWISS 小瑞士花園'],
小綠人gtech,"['小綠 Gtech', '小綠人']",
小蜜媞carmex,['CARMEX 小蜜媞'],
小蜜蜂爺爺burt'sbees,"[""Burt's Bees"", ""Burt's Bees 小蜜蜂爺爺"", ""BURT'S BEES 小蜜蜂爺爺""]",
小銅板,['小銅板'],
小廚師,['小廚師'],
小潔革命,['小潔革命'],
小適white,['小適 White'],
小澤kozawa,"['小澤 Kozawa', '小澤']",
小禮堂,['小禮堂'],
山元,['山元'],
山水sansui,"['山水', '山水 SANSUI']",
山加利sangaria,"['山加利 Sangaria','SANGARIA']",
山司伯特sansports,"['山司伯特 SAN sports', '山司伯特 SAN SPORTS']",
山多力sdl,"['山多力 SDL', '山多力']",
山形,['山形'],
山鬼怪sandokkaebi,['山鬼怪Sandokkaebi'],
山崎yamasaki,"['山崎 YAMASAKI', '山崎']",
山頂鳥hilltop,['Hilltop山頂鳥'],
山森,['山森'],
山豬園,['山豬園'],
川中,['川中'],
川西,['川西'],
川越wieden,['川越 WIEDEN'],
川雲,['川雲'],
工研,['工研'],
不二珍套,['不二珍套'],
中一電工,['中一電工'],
中深焙,['中深焙'],
中祥麵,['中祥麵'],
中華豪井,['中華豪井'],
丰靡美姬espriqueprecious,"['ESPRIQUE PRECIOUS 丰靡美姬', 'ESPRIQUE PRECIOUS丰靡美姬']",
丹比danby,['丹比 DANBY'],
丹麥德瑪derma,"['Derma 丹麥德瑪', 'Derma', '丹麥德瑪 Derma']",
丹霓珂dr.organic,['Dr. organic 丹霓珂'],
丹dan,['丹 DAN''],
五五五,['五五五'],
五月花,['五月花'],
仁和園,['仁和園'],
元山牌,"['元山牌', '元山']",
元氣王,['元氣王],
元氣堂,['元氣堂'],
元進莊,['元進莊'],
元園廖媽媽,['元園廖媽媽'],
元歲,['元歲'],
六甲田莊,['六甲田莊'],
六合,['六合'],
午后時光,['午后時光'],
友情牌,['友情牌'],
天天佳,['天天'],
天天美麗beautybuffet,['Beauty Buffet 天天美麗'],
天天美麗beautybuffet,[ 'Beauty Buffet 天天美麗'],
天文,['天文'],
天目雷,['天目雷'],
天地合補,['天地合補'],
天使娜拉,['天使娜拉'],
天然一膳,['天然一膳'],
天然保健所,['天然保健所'],
天然密碼nurturepro,['天然密碼 NurturePRO'],
天然磨坊,['天然磨坊'],
天際線horizon,['天際線 Horizon'],
天霖純水,['天霖純水'],
太和殿,['太和殿'],
太星電工,['太星電工'],
夫力士,['夫力士'],
巴西里亞brasilia,['巴西里亞 Brasilia'],
巴洛亞,['巴洛亞'],
巴馬,['巴馬'],
巴絲特baster,['巴絲特 Baster'],
巴黎帕芬parfum,['巴黎帕芬 Parfum'],
巴黎香氛parisfragrance,"['Paris Fashion 巴黎香氛', 'Paris fragrance 巴黎香氛']",
巴黎萊雅l'orealparis,"[""L'Oréal Paris 巴黎萊雅"", ""巴黎萊雅 L'OREAL PARIS""]",
巴黎歐樹nuxe,"['NUXE 巴黎歐樹', 'NUXE 黎可詩']",
心僕鮮食simplesense],['心僕鮮食 Simple Sense]'],
手護適hands@work,['Hands@work 手護適'],
文鎧wintek,['文鎧 WiNTEK'],
日卜力dailyboost,['日卜力 Daily Boost'],
日本三洋sanyo,[ '日本三洋'],
日本石鹸jsda,[ '日本石鹸'],
日本味王ajiou,[ '日本味王'],
日本花王kao,['日本花王'],
日本植物精粹極緻奢華保養lits,[ 'LITS 日本植物精粹極緻奢華保養'],
日本獅王lion,"[ 'LION獅王', '日本獅王', '獅王LION', 'LION Kirei-kirei 日本獅王趣淨','PAIR 沛醫亞']",
日本樂敦rohto,"[ 'ROHTO 日本樂敦', 'ROHTO 樂敦']",
日本irisohyama,"[ 'IRIS', 'IRIS OHYAMA', '日本Iris Ohyama', 'IRIS OHYAMA', 'Iris Ohyama']",
日本lishan,['日本 Lishan'],
日本toffy,"[ 'Toffy', '日本Toffy']",
日喬恩,['日喬恩'],
日象zushiang,"['日象 zushiang', '日象 Zushiang', '日象']",
日落恩賜,['日落恩賜'],
日濢,['日濢'],
木村,['木村'],
木酢達人,['木酢達人'],
木槿花,['木槿花'],
比可思pixy,['PIXY 比可思'],
比利時凱瑞克kalorik,"['凱瑞克 KALORIK', '比利時凱瑞克']",
比利瑪格,['比利瑪格 Billy+Margot'],
比依,['比依'],
比菲多,"['比菲多質立', '比菲多優意思', '比菲多', '比菲多乳之初']",
毛穴撫子,['毛穴撫子'],
毛孩王,['毛孩王'],
毛孩快跑runningpets,['毛孩快跑 Running Pets'],
水之印aqualabel,['AQUA LABEL 水之印'],
水平衡hydrobalance,"['Hydro Balance 水平衡', '水平衡', '水平衡 Hydro Balance']",
水事紀,['水事紀'],
水美媒oguma,['OGUMA 水美媒'],
水涓肌,['水涓肌'],
水森活,['水森活'],
火忍者,['火忍者'],
火霹靂,['火霹靂'],
片岡,['片岡'],
牙周適parodontax,['Parodontax 牙周適'],
牙得安,['牙得安'],
牙醫選dentiste',"[""DENTISTE'牙醫選""]",
牛乳石鹼,['牛乳石鹼'],
牛爾親研naruko,"['NARUKO 牛爾親研', '牛爾']",
牛頭牌,['牛頭牌'],
牛頭牌Buffalo,['牛頭牌 Buffalo'],
犬力食足,['犬力食足'],
王朝,['王朝'],
王牌,['王牌'],
世界紀行,['世界紀行'],
仙女牌,['仙女牌'],
仙格麗塔segreta,['仙格麗塔 Segreta'],
加好寶classicpets,['加好寶 Classic Pets'],
加倍潔,['加倍潔'],
加拿大國寶,['加拿大國寶'],
包大人,['包大人'],
包寧安,['包寧安'],
北大武,['北大武'],
北日本,['北日本'],
北的快適工房,['北的快適工房'],
北海道大雪山,['北海道大雪山'],
北海道日高乳業,['北海道日高乳業'],
北海道函館鮮乳3.7,['北海道函館3.7鮮乳'],
北鼎buydeem,['北鼎 BUYDEEM'],
卡夫亨氏,['卡夫亨氏'],
卡比canidae,['卡比 CANIDAE'],
卡尼爾garnier,['GARNIeR 卡尼爾'],
卡汶克萊carvinkolai,"['CARVIN KOLAI 卡汶克萊', '卡汶克萊']",
卡旺,['卡旺'],
卡氛kafen,"['卡氛 KAFEN', '卡氛']",
卡娜赫拉的小動物,['卡娜赫拉的小動物'],
卡格kakato,['卡格 Kakato'],
卡滋kazi,['卡滋 KAZI'],
卡詩kerastase,['卡詩 KERASTASE'],
卡碧絲kin,['卡碧絲'],
卡維亞rogecavailles,['卡維亞'],
卡翠絲catrice,['Catrice 卡翠絲'],
卡蜜兒kamill,['Kamill 卡蜜兒'],
卡樂比calbee,['卡樂比 Calbee'],
卡樂芙colorful,['卡樂芙'],
卡薩咖啡casa,"['卡薩 Casa', '卡薩咖啡','CASA']",
古吉,['古吉'],
古坑鄉農會,['古坑鄉農會'],
古希歐cuccio,['CUCCIO 古希歐'],
古道,['古道'],
古酵寶,['古酵寶'],
古德狗,['古德狗'],
古寶無患子,"['古寶', '古寶無患子']",
可口可樂cocacola,['可口可樂 Coca Cola'],
可立潔,['可立潔'],
可伶可俐clean&clear,['Clean&Clear 可伶可俐'],
可利亞kria,['可利亞 KRIA'],
可果美,['可果美'],
可娜kona,['可娜 KONA'],
可瑞絲kerasys,"['可瑞絲 KERASYS', 'Derma&More']",
可爾必思,['可爾必思'],
台中市農會,['台中市農會'],
台東初鹿,['台東初鹿'],
台海生技,['台海生技'],
台畜,['台畜'],
台酒,['台酒'],
台酒生技ttl,"['台酒生技', 'TTL 台酒生技']",
台菱paddy,['台菱 Paddy'],
台隆手創館tokyuhands,['TOKYU HANDS 台隆手創館'],
台塑,['台塑'],
台塑生醫醫之方,"['醫之方', '台塑生醫 醫之方']",
台塑生醫dr'sformula,"['台塑生醫', '台塑生醫 Dr’s Formula', 'Dr‘s Formula', ""Dr's Formula 台塑生醫"", ""台塑生醫Dr's Formula""]",
台塑生醫forte,['台塑生醫FORTE'],
台農,"['台農', '台農燕巢', '台農崙背', '台農鮮乳廠']",
台農崙背,['台農崙背'],
台農燕巢,['台農燕巢'],
台農鮮乳廠,['台農鮮乳廠'],
台鳳,['台鳳'],
台熱牌,['台熱牌'],
台麗,['台麗'],
台鹽生技,"['台鹽生技', '台鹽','台塩']",
台灣三洋sanlux,"['台灣三洋 SANLUX', '三洋 SANLUX', '台灣三洋', '三洋']",
台灣山下yamashita,['台灣山下 YAMASHITA'],
台灣伊日,['台灣伊日'],
台灣好田,['台灣好田'],
台灣好漁,['台灣好漁'],
台灣啤酒,"['台灣啤酒','台啤']",
台灣清香號,['台灣清香號'],
台灣通用g.must,['G.MUST 台灣通用'],
台灣農林,['台灣農林'],
台灣g霸,['台灣G霸'],
史努比,['史努比'],
史耐輝 smith+nephew,['Smith+Nephew 史耐輝'],
史普尼克sputnik,['SPUTNIK 史普尼克'],
史邁爾,['史邁爾'],
四季seasons,"['四季', '四季 Seasons']",
四葉,['四葉'],
孕哺兒,['孕哺兒'],
尼克亞力,['尼克亞力'],
左岸,['左岸'],
巧多,['巧多'],
布瓦宏,['布瓦宏'],
布朗博士dr.bronner's,"[ '布朗博士', 'Dr. SKIN', ""Dr. Bronner's 布朗博士""]",
幼獅youth,['幼獅 YOUTH'],
必安住,['必安住'],
必美優pmu,['必美優 PMU'],
必盛氏,['必盛氏'],
必勝,['必勝'],
必爾思,['必爾思'],
必賜力,['必賜力'],
未來美mirae,['MIRAE 未來美'],
未來實驗室futurelab.,"['未來實驗室 Future Lab.', '未來實驗室 FUTURE LAB', 'Future Lab 未來實驗室']",
本家生機,['本家生機'],
正牛,['正牛'],
正官庄,['正官庄'],
正負零,"['正負零±0', '正負零']",
正康,['正康'],
正豐,['正豐'],
民生,['民生'],
永用牌,['永用牌'],
永信牌,['永信牌'],
永信,['永信'],
永信 hac,"['永信 HAC', '永信藥品', '永信']",
永新牌,['永新牌'],
永豐餘,['永豐餘'],
玉之肌miyoshi,['玉之肌 MIYOSHI'],
瓦城,['瓦城'],
甘味人生,['甘味人生'],
生力啤,['生力啤'],
生育家,['生育家'],
生活,['生活'],
生活良好,['生活良好'],
fl 生活+,['FL 生活+'],
生活工場,['生活工場'],
生態綠okogreen,"['生態綠 okogreen', '生態綠']",
田倉takura,['田倉 TAKURA'],
田原香,['田原香'],
田記,['田記'],
白人,['白人'],
白帥帥,['白帥帥'],
白雪snowwhite,"['Snow White 白雪', '白雪']",
白博士,['白博士'],
白象,['白象'],
白鴿,['白鴿'],
白蘭氏,['白蘭氏'],
石頭科技roborock,"['石頭科技 Roborock', '石頭科技']",
禾香牧場,['禾香牧場'],
禾聯heran,"['禾聯', '禾聯 HERAN']",
禾護,['禾護'],
立可樂,['立可樂'],
立明lemin,['Lemin立明'],
立得清,['立得清'],
立菱尹,['立菱尹'],
立頓,['立頓'],
立髮健revivogen,['立髮健 REVIVOGEN'],
伊夫黎雪 yves rocher,"['YVES Rocher','伊夫黎雪yves rocher', '伊夫‧黎雪 Yves Rocher','yves rocher','伊夫黎雪. yves rocher']",
伊克萊egekilde,['伊克萊 Egekilde'],
伊所愛 isoi,['isoi 伊所愛'],
伊法 evolve,['伊法 Evolve'],
伊的 hito,"['Hito', 'Hito 伊的']",
伊思it'sskin,"[""伊思It's Skin"", ""It's skin""]",
伊崎ikiiki,['伊崎 Ikiiki'],
伊莉亞ellia,"['伊莉亞 ELLIA', 'ELLIA 伊莉亞']",
伊絲婷elastine,['伊絲婷 Elastine'],
伊萊克斯electrolux,"['伊萊克斯', '伊萊克斯 Electrolux']",
伊賀越,['伊賀越'],
伊聖詩,"['ESCENTS 伊聖詩', '伊聖詩', '伊聖詩 cosmescents']",
伊頌天然laesance,['伊頌天然'],
伊瑪imarflex,"['伊瑪 imarflex', '伊瑪 Imarflex']",
伊德爾el,"['伊德爾', 'EL伊德爾']",
伊薩娜isana,"['ISANA 伊薩娜', 'ISANA']",
伊藤園itoen,"['伊藤園', '伊藤園 Ito EN']",
伊麗莎白雅頓elizabetharden,"['Elizabeth Arden 伊麗莎白雅頓', '伊麗莎白雅頓']",
光之瀅touchinsol,['光之瀅 Touch in SOL'],
光妍cosplus,['Cosplus 光妍'],
光泉豆漿,['光泉豆漿'],
光泉乳香世家,['光泉乳香世家'],
光泉頂級鮮奶優酪,['光泉頂級鮮奶優酪'],
光泉鮮乳,['光泉鮮乳'],
全家安famiclean,['Famiclean 全家安'],
全效,['全效'],
全健護,['全健護'],
全球寵物globalpets,"['全球寵物 GLOBAL PETS', '全球寵物']",
全植媽媽,['全植媽媽'],
共饗食堂sharing bistro,['共饗食堂 Sharing Bistro'],
再再之在,['再再之在'],
冰火,['冰火'],
匠香yeastmaster,['匠香 YEASTMASTER'],
合家歡,['合家歡'],
合興,['合興'],
吉尼寶貝,['吉尼寶貝'],
吉妮斯gennis,"['吉妮斯', '吉尼斯 Gennis']",
吉蒸,['吉蒸'],
吉維氏kiwi safe,['吉維氏 KIWI SAFE'],
名山牌,['名山牌'],
名仕,['名仕'],
名屋,['名屋'],
名悅,['名悅'],
名象min shiang,['名象 MIN SHIANG'],
后whoo,"['WHOO 后', 'Whoo 后']",
因特力淨,['因特力淨'],
地中海,['地中海'],
多比dobi,['多比 DOBI'],
多立康,['多立康'],
多芬dove,"['Dove 多芬', '多芬 Dove', '多芬']",
多哥,['多哥'],
多益得all clean,['多益得All clean'],
多納滋naturalpie,"['多納', '多納滋 Natural Pie']",
多喝水,['多喝水'],
好一頓,['好一頓'],
好日子,['好日子'],
好立善,['好立善'],
好吉康wellcome,['好吉康 WELLCOME'],
好肌膚精華研究室bffect,"['BFFECT', 'BFFECT 好肌膚精華研究室']",
好自在whisper,['好自在'],
好味小姐ladyflavor,['好味小姐 Lady Flavor'],
好朋友,['好朋友'],
好寶貝,['好寶貝'],
存元堂,['存元堂'],
宇治園,['宇治園'],
宇堂glitter,['宇堂 Glitter'],
宇晨denilmilu,['宇晨 Denil Milu'],
安加適,['安加適'],
安田,['安田'],
安安,['安安'],
安伯特anbort,['安伯特 ANBORT'],
安炫曜curecare,['CureCare 安炫曜'],
安耐曬anessa,['ANESSA 安耐曬'],
安娜柏林annemarieborlind,['AnneMarie Borlind 安娜柏林'],
安娜美廚annamaet,['安娜美廚 Annamaet'],
安娜蘇,['安娜蘇'],
安爽,['安爽'],
安晴anqueen,['安晴 Anqueen'],
安雅,['安雅'],
安慕希,['安慕希'],
安親,['安親'],
寺岡家,['寺岡家'],
年方十八,['年方十八'],
成功success,['成功 SUCCESS'],
成真咖啡,['成真咖啡'],
托斯卡tuscannatural,['托斯卡 Tuscan Natural'],
旨味杯麵acecook,['Acecook旨味杯麵'],
朵米諾qteighteen,['朵米諾 QTeighteen'],
朵法darphin,['Darphin 朵法'],
朵舒,['朵舒'],
朵萊爾duplair,['Duplair 朵萊爾'],
朵蔓朵蓮dormindorcin,"['朵蔓朵蓮 Dormindorcin', '朵蔓朵蓮']",
朵璽dr.douxi,"['Dr.Douxi朵璽', 'Dr.Douxi 朵璽']",
汗馬,['汗馬'],
江鳥咖啡,['江鳥咖啡'],
百工decker,['百工 DECKER'],
百匡biocrown,['BIOCROWN 百匡'],
百年特莉tilley,"['Tilley 皇家特莉', 'Tilley 百年特莉']",
百年薔薇,['百年薔薇'],
百事可樂pepsi,['百事可樂 PEPSI'],
百岳100mountain,['百岳  100mountain'],
百威,['百威'],
百喬,"['百喬生醫', '百喬']",
百喬生醫,"['百喬生醫', '百喬']",
百翠氏,['百翠氏'],
百慕達balmuda,['百慕達 BALMUDA'],
百樂潔,['百樂潔'],
倍思特best,"['倍思特 Best', '倍思特 BEST']",
百貓喜bestfelinefriend,['百貓喜 Best Feline Friend'],
百齡,['百齡'],
米物,['米物'],
米家,['米家'],
米徠,['米徠'],
米森vilson,['米森 vilson'],
米膚reise,"['Reise米膚', '米膚 Reise']",
羊舍,['羊舍'],
老北,['老北'],
老協珍,['老協珍'],
老媽拌麵,['老媽拌麵'],
肌膚之鑰cledepeaubeaute,['clé de peau beauté 肌膚之鑰'],
肌膚哲理philosophy,['philosophy 肌膚哲理'],
自白肌,['自白肌'],
自然小貓naturalkitty,['自然小貓 Natural Kitty'],
自然之綠naturaverde,"['自然之綠', '自然之綠 NATURAVERDE']",
自然主義,['自然主義'],
自然牧場naturalfarm,['自然牧場 Natural Farm'],
自然物語naturestory,['自然物語 Nature Story'],
自然派,['自然派'],
自然零,"['福樂頂級優酪', '福樂鮮攪', '福樂自然零', '福樂低脂優酪', '福樂', '福樂一番鮮', '自然零']",
自然鮮naturalfresh,['自然鮮 NATURAL FRESH'],
自然癮食addiction,"['自然癮食 Addiction', '自然癮食 ADDICTION']",
艾克博士dr.aik,"['艾克博士 Dr. Aik', '艾克博士']",
艾杜紗ettusais,['ettusais 艾杜紗'],
艾沛ipet,['艾沛 IPET'],
艾肯aiken,"['Aiken 艾肯', '艾肯', '艾肯 aiken', 'Aiken']",
艾芙美a-derma,['A-DERMA 艾芙美'],
艾芮克i-rocks,['艾芮克 i-Rocks'],
艾思柏expert,['艾思柏 EXPERT'],
艾洛aroh,['Aroh 艾洛'],
艾美特airmate,"['艾美特', '艾美特 AIRMATE']",
艾迪美acimed,['ACIMED艾迪美'],
艾恩堡a&w,['A＆W'],
艾特優,['艾特優'],
艾草isntree,['ISNTREE艾草'],
艾惟諾aveeno,"['Aveeno 艾惟諾', '艾惟諾']",
艾富鮮afreschisrl,['艾富鮮 A Freschi srl'],
艾森絲essencecosmetics,['essence cosmetics 艾森絲'],
艾詩緹astalift,"['ENCHANTEUR 艾詩', '艾詩', 'ASTALIFT 艾詩緹']",
艾瑪花園ammagarden,"['Amma Garden 艾瑪花園', '艾瑪花園 Amma garden', '艾瑪花園']",
艾瑪植萃,['艾瑪植萃'],
艾瑪絲aromase,['艾瑪絲 AROMASE'],
艾維特,['艾維特'],
艾翠斯atrix,['atrix 艾翠斯'],
艾蜜塔apivita,"['APIVITA', 'APIVITA 艾蜜塔']",
艾德凡斯advanced,['ADVANCED 艾德凡斯'],
艾德蒙aoc,['艾德蒙 AOC'],
艾黎亞anriea,"['艾黎亞 ANRIEA', '艾黎亞']",
艾諾琪energy,['ENERGY 艾諾琪'],
艾諾碧iope,['IOPE 艾諾碧'],
艾霏efficat,['艾霏 Efficat'],
艾薇塔evita,['EVITA 艾薇塔'],
衣桔棒,['衣桔棒'],
西北,['西北'],
西西露sexylook,['SEXYLOOK 西西露'],
西妍院,['西妍院'],
西莎cesar,['西莎 Cesar'],
西湖市場,['西湖市場'],
西華,['西華'],
西雅圖barista,"['西雅圖', '西雅圖 BARISTA']",
西螺大同,['西螺大同'],
西螺農會,['西螺農會'],
亨式heinz,['HEINZ亨式'],
伯朗咖啡,"['伯朗咖啡', '伯朗']",
伯爵,['伯爵'],
伴您一生bewithyou,['伴您一生 Be with you'],
佐登妮絲jourdeness,"['JOURDENESS 佐登妮絲', '佐登妮絲']",
佐藤,['佐藤'],
佑天蘭utena,['Utena 佑天蘭'],
你好hello,['你好 HELLO'],
克奈圃kneipp,"['Kneipp 克奈圃', '克奈圃', '克奈圃 Kneipp']",
克菲爾,['克菲爾'],
克瑞斯crius,['克瑞斯 CRIUS'],
克補,['克補'],
克寧klim,"['克寧', '克寧 KLIM']",
克麗詩黛kocskin,['KOCSKIN 克麗詩黛'],
克蘭詩clarins,['CLARINS 克蘭詩'],
冷泡茶,['冷泡茶'],
初時肌zephyrine,['Zephyrine 初時肌'],
初鹿鮮乳,"['初鹿牧場', '初鹿', '初鹿鮮乳']",
別海,['別海'],
利民thermalright,['利民 Thermalright'],
利百代liberty,"['利百代 LIBERTY', '利百代']",
利捷維,['利捷維'],
利護樂,['利護樂'],
努特nuit,"['NUIT 努特', '努特 NUIT']",
卵肌本舖,['卵肌本舖'],
吟麗dydo,"['DYDO 吟麗', 'DYDO']",
吶一口,['吶一口'],
呂ryo,['呂 Ryo'],
呈禾康,['呈禾康'],
妙可適,['妙可適'],
妙奇moggy,['妙奇 MOGGY'],
妙管家,['妙管家'],
孝親,['孝親'],
完美日記perfectdiary,['完美日記 PERFECT DIARY'],
完美安可,['完美安可'],
宏晉hongjin,['宏晉 Hong Jin'],
宏碁acer,"['宏碁 Acer', 'Acer 宏碁']",
宏裕行,['宏裕行'],
宏福牌,['宏福牌'],
宏醫生技,['宏醫生技'],
希爾思hills,['希爾思 Hills'],
希翠斯citrus,['希翠斯 CITRUS'],
彤妍unitec,['UNITEC 彤妍'],
志斌,['志斌'],
快睿cryorig,['快睿 CRYORIG'],
快潔適,['快潔適'],
快譯通abee,['快譯通 Abee'],
快護,['快護'],
我的心機,['我的心機'],
我的美麗日記mybeautydiary,['My Beauty Diary 我的美麗日記'],
我的健康日記,['我的健康日記'],
技嘉gigabyte,"['GIGABYTE 技嘉', '技嘉 GIGABYTE']",
李施德霖,['李施德霖'],
李記,['李記'],
李寧li-ning,['李寧 LI-NING'],
李錦記,['李錦記'],
杏輝醫藥,['杏輝醫藥'],
杜克c-skin,['C-Skin 杜克'],
每朝健康,"['每朝健康', '每朝']",
汪事如意,['汪事如意'],
汪喵星球,['汪喵星球'],
汰漬tide,"['汰漬 Tide', '汰漬 TIDE']",
沈杯杯,['沈杯杯'],
沐予conoha,['conoha沐予'],
沐可麗,['沐可麗'],
沐時光moussenature,['MOUSSENATURE 沐時光'],
沐潤,['沐潤'],
沙威隆,['沙威隆'],
沙宣vs,"['沙宣 VS', '沙宣']",
沛奇peici,['沛奇 Pei Ci'],
沛柔pearlau,['沛柔 PearlAu'],
沛特斯petalfresh,"['沛特斯', 'PETAL FRESH 沛特斯']",
沛綠雅perrier,"['沛綠雅', '沛綠雅 Perrier']",
沛優絲bioblas,['沛優絲 Bioblas'],
沛麗康pelican,"['Pelican 沛麗康', '沛麗康 Pelican']",
沛麗膚realbarrier,['Real Barrier 沛麗膚'],
狄寶deerdogs,['狄寶 DEERDOGS'],
男人香,['男人香'],
良將,['良將'],
良爽,['良爽'],
芊柔,['芊柔'],
角落生物sumikkogurashi,['角落生物 Sumikko Gurashi'],
豆油伯,['豆油伯'],
豆腐盛田屋,['豆腐盛田屋'],
貝比斯特babybest,['貝比斯特 Baby best'],
貝卡beka,['貝卡 BEKA'],
貝印kai,['KAI 貝印'],
貝臣bubchen,['Bubchen 貝臣'],
貝克,['貝克'],
貝利達,['貝利達'],
貝貝實驗室babe,"['BABE 貝貝實驗室', '貝貝實驗室']",
貝玲妃benefit,['benefit 貝玲妃'],
貝恩baan,"['Baan 貝恩', 'Baan', '貝恩']",
貝喜力basilic,['貝喜力 Basilic'],
貝奧莉browit,['Browit 貝奧莉'],
貝膚黛瑪bioderma,"['Bioderma 貝膚黛瑪', 'BIODERMA 貝膚黛瑪']",
貝親pigeon,"['貝親 Pigeon', '貝親', 'Pigeon貝親']",
貝醫生dr.bei,['貝醫生 DR.BEI'],
貝麗瑪丹bellemadame,['Belle Madame 貝麗瑪丹'],
赤穗化成,['赤穗化成'],
邦比pantop,['邦比 PANTOP'],
亞尼活力,['亞尼活力'],
亞米亞米yamiyami,['亞米亞米 Yami Yami'],
亞曼尼giorgioarmani,"['ARMANI 亞曼尼', 'GIORGIO ARMANI 亞曼尼', 'GIORGIO ARMANI']",
亞莉佳,['亞莉佳'],
亞瑟士asics,['亞瑟士 ASICS'],
亞歷桑納arizona,['亞歷桑納 Arizona'],
享味食光,['享味食光'],
享食尚,['享食尚'],
享溫馨,['享溫馨'],
享夢城堡,['享夢城堡'],
京城之霜,['京城之霜'],
京紅,['京紅'],
京都小川,['京都小川'],
佳士達,['佳士達'],
佳貝,['佳貝'],
佳達隆gateron,['佳達隆 Gateron'],
佳龍,['佳龍'],
佳麗寶kanebo,"['Kanebo 佳麗寶-開架式', 'Kanebo 佳麗寶', '印象之美']",
來一客,['來一客'],
來復易,['來復易'],
依必朗,['依必朗'],
依洛嘉,['依洛嘉'],
其實豆製所,['其實豆製所'],
典豆成金,['典豆成金'],
刷樂,['刷樂'],
卓威zowie,['卓威 ZOWIE'],
味丹,['味丹'],
味王,"['味王', '味王麵']",
味王麵,"['味王', '味王麵']",
味全,"['味全林鳳營', '味全', '味全簡單點', '味全萬丹']",
味全萬丹,"['味全林鳳營', '味全', '味全簡單點', '味全萬丹']",
味味,"['味味一品', '味味A', '味味麵']",
味味麵a,"['味味一品', '味味A', '味味麵']",
味味a,"['味味一品', '味味A', '味味麵']",
味滋康,['味滋康'],
味榮,['味榮'],
呼嚕貓,['呼嚕貓'],
和平,['和平'],
和田順,['和田順'],
和田寬,['和田寬'],
和田館,['和田館'],
和光堂wakodo,['和光堂 WAKODO'],
和成hcg,"['HCG 和成', '和成']",
和味,['和味'],
咖啡綠商號,['咖啡綠商號'],
咖啡caffechat,['caffè chat咖啡講'],
咖啡jc,['JC咖啡'],
咖啡王ko,['KO咖啡王'],
咖啡廣場,['咖啡廣場'],
咖樂迪咖啡農場,"['咖樂迪咖啡農場', '咖樂迪']",
固特異goodyear,['固特異 goodyear'],
奇士美 kissme,"['KISSME', 'KISSME 奇士美']",
奇可俏可chicchoc,['CHIC CHOC 奇可俏可'],
奇妮gennies,['奇妮 Gennies'],
奇拉朵kiladoll,"['KilaDoll 奇拉朵', '奇拉 Keyra']",
奇拉keyra,"['奇拉 Keyra', 'KilaDoll 奇拉朵']",
奇拉kiladoll,"['KilaDoll 奇拉朵', '奇拉 Keyra']",
奇美chimei,['奇美 CHIMEI'],
奇哥chicabon,"['奇哥 CHIC A BON', '奇哥']",
奇格利爾,['奇格利爾'],
奇異廚房kiwikitchens,"['奇異', '奇異廚房 Kiwi Kitchens']",
奇異kiwikitchens,"['奇異', '奇異廚房 Kiwi Kitchens']",
奇檬子,['奇檬子'],
奇寶,['奇寶'],
奈良彌亞nairia,['NAIRIA 奈良彌亞'],
奈森克林,['奈森克林'],
妮卡nicka.k,['NICKA. K 妮卡'],
妮兒neocell,['NEOCELL妮兒'],
妮娜小姐missnella,['妮娜小姐 Miss Nella'],
妮傲絲翠neo-tec,"['NEO-TEC 妮傲絲翠', 'NEO-TEC妮傲絲翠']",
妮維雅nivea,"['妮維雅 NIVEA', 'Nivea 妮維雅', 'NIVEA 妮維雅']",
妮維雅nivea,"['NIVEA 妮維雅', 'Nivea 妮維雅', '妮維雅 NIVEA']",
妲己佳人darlin,['Darlin 妲己佳人'],
始祖鳥arcteryx,['Arcteryx 始祖鳥'],
姍拉娜,['姍拉娜'],
姍莎菈,['姍莎菈'],
宜珂ecover,['宜珂 Ecover'],
尚朋堂,['尚朋堂'],
尚美德,['尚美德'],
居家,"['G+ 居家', 'G+居家']",
屈臣氏watsons,"['WATSONS', '屈臣氏 Watsons', 'Watsons 屈臣氏', '屈臣氏']",
岡本,['岡本'],
岩谷iwatani,['岩谷 Iwatani'],
帕米爾parmir,['帕米爾 PARMIR'],
帕爾氏wildferns,['Wild Ferns 帕爾氏'],
帕瑪氏palmer's,"[""帕瑪氏 PALMER'S"", ""PALMER'S 帕瑪氏""]",
幸福花浴,['幸福花浴'],
幸福流域,['幸福流域'],
幸福時光,['幸福時光'],
幸福貓snappytom,['幸福貓 Snappy TOM'],
怡思丁isdin,['ISDIN 怡思丁'],
怡森氏inessence,['INESSENCE 怡森氏'],
怡麗絲爾elixir,['ELIXIR 怡麗絲爾'],
怪獸部落litomon,"['怪獸部落', '怪獸部落 LitoMon']",
拉拉熊rilakkuma,['拉拉熊 Rilakkuma'],
拉美拉lameila,"['拉美拉 LA MEI LA', 'Lameila 拉美拉']",
拉麵道,['拉麵道'],
拌天下,['拌天下'],
旺兒blackdog,['旺兒 Blackdog'],
旺旺集團,['旺旺集團'],
旺得福,['旺得福'],
旺滴,['旺滴'],
旺德 wonder,"['旺德 WONDER', '旺德 Wonder']",
旺寶,['旺寶'],
明全牧場,['明全牧場'],
明色meishoku,['MEISHOKU 明色'],
明宜,['明宜'],
明治,['明治'],
明星,['明星'],
明洞國際mdmmd,"['Mdmmd', 'Mdmmd 明洞國際', '明洞國際']",
明基benq,['明基 BenQ'],
易生絲essehair,['易生絲 ESSEHAIR'],
易洗樂,['易洗樂'],
易家,['易家'],
東元teco,"['東元 TECO', '東元']",
東成,['東成'],
東邦utamaro,"['東邦 UTAMARO', '東邦']",
東芝toshiba,"['東芝 TOSHIBA', '東芝']",
東泉,['東泉'],
東洋qtta,['東洋QTTA'],
東凌,['東凌'],
東森自然美,['東森自然美'],
東森耐斯,['東森耐斯'],
東銘,['東銘'],
松山油脂,['松山油脂'],
松井songen,"['松井 SONGEN', '松井']",
松木家電matric,"['松木家電 MATRIC', '松木']",
松木matric,"['松木家電 MATRIC', '松木']",
松本清,['松本清'],
林內,"['林內牌', '林內']",
林內牌,"['林內牌', '林內']",
林克博士dr.link,['Dr.Link 林克博士'],
林鳳營特濃優格,['林鳳營特濃優格'],
林鳳營精品優格,['林鳳營精品優格'],
林鳳營簡單點優格,['林鳳營簡單點優格'],
果物配,['果物配'],
欣目益福,['欣目益福'],
武山,['武山'],
法米納farmina,['法米納 Farmina'],
法柏bova,['法柏 Bova'],
法郎36,['36法郎'],
法國小橄欖樹lepetitolivier,['法國小橄欖樹 Le Petit Olivier'],
法國皇家royal,['法國皇家 ROYAL'],
法國特福tefal,"['法國特福 Tefal', '特福 TEFAL', '特福 Tefal']",
法國najel,"['Najel', '法國Najel']",
法緻 fees,"['Fees', '法緻 Fees', 'Fees 法緻']",
法麗cherie,['法麗 Cherie'],
泡舒paos,['泡舒 PAOS'],
泡樂,['泡樂'],
波力poli,"['波力', '波力 POLI']",
波特嫚ttkotemeintt,['TT KOTEMEIN TT 波特嫚'],
波斯優格,['波斯優格'],
波菲特purrfact,['波菲特 PURRFACT'],
波瑞歐boreal,['波瑞歐 BOREAL'],
波爾,['波爾'],
牧田makita,['牧田 MAKITA'],
牧真,['牧真'],
牧實,['牧實'],
狀元,['狀元'],
狐狸村,['狐狸村'],
狐鐳foxxray,['狐鐳 FoxXRay'],
狗子廚房,['狗子廚房'],
玩美日記,['玩美日記'],
直白zhibai,['直白 ZHIBAI'],
直覺sweettouch,"['直覺', '直覺 sweet touch']",
知覺,['知覺'],
肯尼士kennex,"['肯尼士', '肯尼士 KENNEX']",
肯辛通kensington,['肯辛通Kensington'],
肯拿士canus,['CANUS 肯拿士'],
肯特kent,['肯特 Kent'],
肯麥斯,['肯麥斯'],
肯葳keune,['肯葳 KEUNE'],
肯夢aveda,"['AVEDA', 'AVEDA 肯夢']",
臥龍咖啡工作室,['臥龍咖啡工作室'],
芙玉寶,['芙玉寶'],
芙夏妮,['芙夏妮'],
芙莉思freeplus,['freeplus 芙莉思'],
芙絲voss,"['芙絲 VOSS', '芙絲']",
芙樂思,['芙樂思'],
芙樂莉fleurient,['Fleurient 芙樂莉'],
芙蘿娜,['芙蘿娜'],
芝研azzeen,['AZZEEN 芝研'],
芬達fanta,['芬達 Fanta'],
芭比波朗bobbibrown,['BOBBI BROWN 芭比波朗'],
芭弗莎林,['芭弗莎林'],
芭樂雅balea,"['芭樂雅 Balea', 'Balea芭樂雅', 'Balea 芭樂雅']",
芮可rico,['芮可 RICO'],
芮芙茹reveur,['芮芙茹 Reveur'],
芯之麗sublimic,['芯之麗 SUBLIMIC'],
芯絲翠neostrata,['NeoStrata 芯絲翠'],
花王kao,"['花王', '花王 Kao', 'Kao 花王', '花王kao']",
花仙子farcent,['花仙子 Farcent'],
花香5,['花香5'],
花園,['花園'],
芳吉絲heitmiro,['芳吉絲 Heit Miro'],
芳珂fancl,"['FANCL 芳珂', 'FANCL']",
虎牙,['虎牙'],
虎屋,['虎屋'],
虎牌tiger,"['虎牌', '虎牌 TIGER']",
近江兄弟社omi,['OMI 近江兄弟社'],
采媚,['采媚'],
采緹tsaeti,"['采緹', 'Tsae Ti 采緹']",
金安心,['金安心'],
金色三麥,['金色三麥'],
金車柏克金,['金車柏克金'],
金車,['金車'],
金車補給園,['金車補給園'],
金岡,['金岡'],
金金廣,['金金廣'],
金美克能,['金美克能'],
金美滿kitchenwell,['金美滿 Kitchenwell'],
金展輝,['金展輝'],
金鹿,['金鹿'],
金牌大師,['金牌大師'],
金絲頓,['金絲頓'],
金蜜蜂,['金蜜蜂'],
金龍,['金龍'],
金寶,['金寶'],
金饌,['金饌'],
金蘭,['金蘭'],
長庚,"['長庚生技', '長庚']",
長庚生技,"['長庚生技', '長庚']",
長紅everred,['長紅 EverRed'],
長壽,['長壽'],
長髮公主的秘密,['長髮公主的秘密'],
阿加菲亞老奶奶grandmotheragafia,"['阿加菲亞老奶奶 Grandmother Agafia', 'Grandmother Agafia 阿加菲亞老奶奶']",
阿卡菲agafia,['Agafia阿卡菲'],
阿里山,['阿里山'],
阿舍食堂,['阿舍食堂'],
阿娟,['阿娟'],
阿基姆agim,['阿基姆 AGiM'],
阿曼特armonto,"['阿曼特 armonto', '阿曼特 Armonto']",
阿曼達animonda,['阿曼達 ANIMONDA'],
阿桶麵q,['阿Q桶麵'],
阿華田,['阿華田'],
阿葵亞aquair,['阿葵亞 AQUAIR'],
阿爾卡特alcatel,['阿爾卡特 Alcatel'],
阿德比,['阿德比'],
阿薩姆,['阿薩姆'],
非寵不可,['非寵不可'],
亮潔,['亮潔'],
俏樂斯churacos,['俏樂斯 CHURACOS'],
保力達,['保力達'],
保加利亞玫瑰bulgarianrose,['保加利亞玫瑰Bulgarian Rose'],
保羅叔叔unclepaul,['保羅叔叔 UNCLE PAUL'],
信元發育寶singen,['信元發育寶 SINGEN'],
信東生技,"['信東', '信東生技']",
冠能proplan,['Pro Plan 冠能'],
勁小子,['勁小子'],
勁威,['勁威'],
南王,['南王'],
南投國姓農會,['南投國姓農會'],
南亞牌,['南亞牌'],
南門魚丸,['南門魚丸'],
南僑,['南僑'],
咪歐me-o,['咪歐 Me-O'],
咪碼mimar,['咪碼 Mimar'],
咬咬猴matchstickmonkey,['咬咬猴 Matchstick Monkey'],
品工pingo,['品工 PINGO'],
品木宣言origins,['ORIGINS 品木宣言'],
品皇,['品皇'],
品夏pershow,['品夏 PERSHOW'],
品諾pinoh,['品諾 PINOH'],
哄寶貝,['哄寶貝'],
哈亞,['哈亞'],
哈妮來,['哈妮來'],
哈格hug,['哈格 Hug'],
哈嘍24h,['哈嘍24h'],
哈維博士dr.harvey,['哈維博士 Dr.Harvey'],
垣戊,['垣戊'],
城野醫生dr.ci:labo,['Dr.Ci:Labo 城野醫生'],
契爾氏kiehl's,"[""KIEHL'S 契爾氏""]",
妍美会,['妍美会'],
妍霓絲eileengrace,['EILEEN GRACE 妍霓絲'],
威比wellbe,['威比 WELLBE'],
威仕,['威仕'],
威克邦尼wickedbunny,['威克邦尼Wicked Bunny'],
威技牌newwidetech,['威技牌 New Widetech'],
威金森,['威金森'],
威客維,['威客維'],
威傑士wajass,['威傑士 WAJASS'],
威瑪舒培,['威瑪舒培'],
威德weider,"['威德 Weider', '威德']",
威寶kaiser,"['威寶 Kaiser', '威寶']",
威靈頓,['威靈頓'],
屏大,['屏大'],
屏東監獄,['屏東監獄'],
屏科大,['屏科大'],
巷口乾麵,['巷口乾麵'],
建銓,['建銓'],
思波綺tsubaki,['思波綺 Tsubaki'],
思美洛ice,['思美洛Ice'],
思高siegal,['Siegal 思高'],
思親膚skinfood,['SKINFOOD 思親膚'],
拜維佳,['拜維佳'],
施巴 sebamed,"['Sebamed 施巴', '施巴 Sebamed', '施巴Sebamed', '施巴']",
施華蔻schwarzkopf,['施華蔻 Schwarzkopf'],
星之冠,['星之冠'],
星巴克starbucks,"['星巴克 Starbucks', '星巴克']",
星宇航空,['星宇航空'],
星品牌befit,['星品牌 BEFIT'],
星記starmark,['星記 STARMARK'],
春風,['春風'],
柏尹芙,['柏尹芙'],
柏森牌,['柏森牌'],
柏萊富blackwood,['柏萊富 BLACKWOOD'],
柏詩克萊personalcare,['Personal Care 柏詩克萊'],
柑橘王子,['柑橘王子'],
柔軟熊,['柔軟熊'],
柔蝶roudye,"['ROUDYE 柔蝶', 'Roudye 柔蝶', '柔蝶 Roudye']",
柔蝶roudye,"['柔蝶 Roudye', 'Roudye 柔蝶', 'ROUDYE 柔蝶']",
柯諾普卡dr.konopkas,['DR.KONOPKAS 柯諾普卡'],
柳宗理,['柳宗理'],
柳屋yanagiya,"['柳屋 YANAGIYA', 'YANAGIYA 柳屋']",
柳營牧場,['柳營牧場'],
洛斯巴赫rosbacher,['洛斯巴赫 Rosbacher'],
活力,['活力'],
活力廚房,"['活力廚坊', '活力廚房']",
活力零食gootoe,['活力零食 GooToe'],
活沛多,['活沛多'],
派仕,['派仕'],
派翠pezri,"['PEZRI 派翠', 'PEZRI派翠']",
炫艷,['炫艷'],
珂莉帕妃claypathy,['CLAYPATHY 珂莉帕妃'],
珂莉奧 clio,"['Clio 珂莉奧', 'CLIO 珂莉奧']",
珂瑪德 gamarde,"['珂瑪德 GamARde', 'GamARde 珂瑪德']",
珂潤curel,"['Curel 珂潤', '珂潤', '珂潤 Curel']",
珈樂堤 giaretti,['珈樂堤 Giaretti'],
珊諾,['珊諾'],
皇冠crown,"['皇冠 CROWN', '皇冠 Nutra Tech', '皇冠']",
皇冠nutratech,"['皇冠 CROWN', '皇冠 Nutra Tech', '皇冠']",
皇家玫瑰royce,['皇家玫瑰 Royce'],
皇家特莉tilley,"['皇家特莉 Tilley', 'Tilley 皇家特莉', 'Tilley 百年特莉']",
皇雀咖啡,['皇雀咖啡'],
皇鼎,['皇鼎'],
皇貓,['皇貓'],
相模,['相模'],
研達yendar,['研達 YENDAR'],
科西塔kucinta,['科西塔 KUCINTA'],
科克蘭 kirklandsignature,"['Kirkland Signature 科克蘭', '科克蘭 Kirkland', '科克蘭 Kirkland Signature']",
科沃斯,['科沃斯'],
科帥,['科帥'],
科隆kolln,['科隆 Kolln'],
科皙佳corsica,"['CORSICA 科皙佳', 'CORSICA']",
科德司,['科德司'],
紀梵希givenchy,['Givenchy 紀梵希'],
紅牛redbull,"['紅牛 Red Bull',  '紅牛']",
紅牛redcow,['紅牛 RED COW'],
紅布朗,['紅布朗'],
紅印,['紅印'],
紅米,['紅米'],
紅豆食府,['紅豆食府'],
紅茶花伝,['紅茶花伝'],
紅薑黃先生,['紅薑黃先生'],
美人網pg,['PG美人網'],
美士nutro,['美士 Nutro'],
美心masions,['美心 MASIONS'],
美加獅madcatz,['美加獅 Mad Catz'],
美生貝樂maisonbelle,['Maison Belle 美生貝樂'],
美肌醫生df,['DF美肌醫生'],
美吾髮,['美吾髮'],
美私樂,['美私樂'],
美亞meyer,['美亞 MEYER'],
美味小舖,['美味小舖'],
美味關係,['美味關係'],
美咖mkup,['MKUP 美咖'],
美奇絲matrix,['美奇絲 MATRIX'],
美的,"['美的冒泡', '美的']",
美的冒泡,"['美的冒泡', '美的']",
美則,['美則'],
美津農 mizuno,"['美津農 MIZUNO', '美津濃 MIZUNO']",
美洲獅cougar,['美洲獅COUGAR'],
美美地墊 maymay,['美美地墊 MayMay'],
美美妍ps,['PS美美妍'],
美迪惠爾mediheal,['MEDIHEAL 美迪惠爾'],
美娜多,['美娜多'],
美島水肌,['美島水肌'],
美泰克 maytag,"['美泰克 Maytag', '美泰克 MAYTAG']",
美神契約,['美神契約'],
美茜兒maycheer,"['MAYCHEER', 'MAYCHEER 美茜兒']",
美國貝克petag,['美國貝克 PetAg'],
美國oster,"['Oster', '美國Oster', 'OSTER']",
美國petag,"['美國貝克 PetAg', '美國Oster']",
美得像專櫃beautydisplay,[ 'BeautyDisplay'],
美粒果,['美粒果'],
美博士dr.may,['Dr.May 美博士'],
美喵人生o'kat,['美喵人生 O’KAT'],
美琦,['美琦'],
美琪,['美琪'],
美菱maylink,['美菱 MAYLINK'],
美萃mature,['美萃 MATURE'],
美寧mistral,"['美寧 Mistral', '美寧']",
美樂思mediplus,"['美樂', 'Mediplus 美樂思']",
美膚娜娜frusirnana,['FRUSIRNANA 美膚娜娜'],
美適maxill,['美適 Maxill'],
美膳雅cuisinart,"['美膳雅 Cuisinart', '美膳雅']",
美麗紀事,['美麗紀事'],
美體小舖 thebodyshop,"['The Body Shop 美體小舖', 'THE BODY SHOP', '美體小舖 The Body Shop', 'The Body Shop']",
耐吉斯solution,"['耐吉斯 SOLUTION', '耐吉斯 Solution', '耐吉 NIKE']",
耐吉nike,"['耐吉斯 Solution', '耐吉 NIKE', '耐吉斯 SOLUTION']",
耐斯,['耐斯'],
耐嘉kinyo,['耐嘉 KINYO'],
英泉,['英泉'],
英倫薇朵h&w,['英倫薇朵 H＆W'],
英格朗ingram's,"[""Ingram's 英格朗""]",
英國rab,['英國 RAB'],
苾菲絲biofuture,['BIOFUTURE 苾菲絲'],
范倫鐵諾valentinorudy,"['Valentino Rudy 范倫鐵諾', '范倫鐵諾 Valentino Rudy']",
茉娜姿moraz,"['茉娜姿 moraz', '茉娜姿']",
茉莉茶園,['茉莉茶園'],
迪士尼disney,['迪士尼 Disney'],
迪奧dior,"['Dior 迪奧', '迪奧 Dior']",
迪奧dior,"['迪奧 Dior', 'Dior 迪奧', 'DIOR']",
迪奧dior,"['DIOR', 'Dior 迪奧', '迪奧 Dior']",
風格,['風格'],
風麋露cec,['風麋露 CEC'],
風騰,['風騰'],
飛牛牧場,['飛牛牧場'],
飛利浦philips,"['飛利浦', '飛利浦 Philips', '飛利浦 PHILIPS']",
飛柔pert,['飛柔 PERT'],
飛狼jackwolfskin,['飛狼 Jack Wolfskin'],
飛想茶fuzetea,['飛想茶 fuze tea'],
飛樂philo,['飛樂 philo'],
食芋堂,['食芋堂'],
首華sowa,['首華 SOWA'],
香山,['香山'],
香吉士sunkist,['香吉士 Sunkist'],
香奈兒chanel,['CHANEL 香奈兒'],
香氛之家aromaofhome,['香氛之家 Aroma of Home'],
香草集justherb,"['香草集 JustHerb', 'JustHerb 香草集', '香草集']",
香草集justherb,"['香草集 JustHerb', 'JustHerb 香草集', 'JustHerb', '香草集']",
香草魔法wishbone,['香草魔法 WISH BONE'],
香蒲麗shangpree,['SHANGPREE 香蒲麗'],
香鼻子lesnez,"['Les nez 香鼻子', 'Les nez']",
香蕉船bananaboat,['Banana Boat 香蕉船'],
倍力bluebay,"['倍力 BLUEBAY', '倍力 Blue Bay']",
倍立雅beautia,['BEAUTIA 倍立雅'],
倍思特baseus,"['百貓喜 Best Feline Friend', '倍思特 BEST', '倍思 BASEUS', '倍思特 Best']",
倍思baseus,"['倍思特 Best', '倍思特 BEST', '倍思 BASEUS']",
倍思best,"['百貓喜 Best Feline Friend', '倍思特 BEST', '倍思 BASEUS', '倍思特 Best']",
倍科beko,['倍科 Beko'],
倍舒暢300probiotics300,['倍舒暢300 Probiotics 300'],
倍爾康,['倍爾康'],
倍樂福benevo,['倍樂福 Benevo'],
倍潔雅,['倍潔雅'],
倍麗兒perioe,"['倍麗兒', '倍麗兒 PERIOE']",
倩碧clinique,['CLINIQUE 倩碧'],
倫士度lucido,"['倫士度 LUCIDO', 'LUCIDO 倫士度']",
倫敦芮魅rimmel,['RIMMEL 倫敦芮魅'],
倫敦登喜路,['倫敦登喜路'],
厝味,['厝味'],
原木香,['原木香'],
原辰,['原辰'],
原野優越earthborn,['原野優越 Earthborn'],
原萃,['原萃'],
原燒貓罐,['原燒貓罐'],
原點instinct,['原點 Instinct'],
員山農會,['員山農會'],
哥倫比亞columbia,['Columbia 哥倫比亞'],
唐美人,['唐美人'],
埔里,['埔里'],
夏士蓮,['夏士蓮'],
夏普sharp,"['夏普 SHARP', '夏普', '夏普 Sharp']",
夏爾保養sher,['SHER 夏爾保養'],
夏緹ciate,['Ciaté夏緹'],
娘家,['娘家'],
娜艾菩naive,"['娜艾菩naive', 'naive 娜艾菩']",
娜拉兒naturactor,['NATURACTOR 娜拉兒'],
娜法莉navallihill,['NAVALLIHILL 娜法莉'],
娜普菈napla,['娜普菈 Napla'],
娜奧now,"['娜奧NOW', 'NOW 娜奧', 'NOW娜奧']",
娜麗絲narisup,['Naris Up 娜麗絲'],
家居hk,['HK家居'],
家倍健,['家倍健'],
家族石鹼miyoshi,"['Miyoshi 家族石鹼', 'MIYOSHI']",
家福carrefour,"['家福', '家福 Carrefour']",
家樂福,['家樂福'],
島乃香,['島乃香'],
席瑞思ceres,['席瑞思 Ceres'],
恩倍思embryolisse,['Embryolisse 恩倍思'],
恩特萬,['恩特萬'],
恩能康見,['恩能康見'],
恩荷enherb,['恩荷 enherb'],
恩傑nzxt,['恩傑 NZXT'],
恩樹nsou,['恩樹 nsòu'],
悅氏,['悅氏'],
悅氏茶品,['悅氏茶品'],
悅拭美,['悅拭美'],
挪威mill,['挪威 Mill'],
旁氏pond's,"[""POND'S 旁氏""]",
旅行者traveler,['TRAVELER 旅行者'],
時尚美妝meko,['MEKO 時尚美妝'],
時間寵愛chronoaffection,['Chrono Affection 時間寵愛'],
朗德林laundrin,['朗德林 Laundrin'],
栢歐康,['栢歐康'],
格林全,['格林全'],
桂冠,['桂冠'],
桂格quaker,['桂格 QUAKER'],
桃屋,['桃屋'],
桃潤肌,['桃潤肌'],
桑名sanjirushi,['桑名 Sanjirushi'],
桔植坊,['桔植坊'],
氧視加,['氧視加'],
氧潤arin,['氧潤 arin'],
泰山,['泰山'],
泰安,['泰安'],
泰浦樂toppuror,['泰浦樂 Toppuror'],
浩客hawk,['浩客 Hawk'],
浪漫花語,['浪漫花語'],
海之鮇,['海之鮇'],
海尼根,['海尼根'],
海吉尼斯,['海吉尼斯'],
海味hiway,['海味hiway'],
海昌,['海昌'],
海洋之星fish4cats,['海洋之星 FISH4CATS'],
海洋拉娜lamer,['LA MER 海洋拉娜'],
海倫仙度絲,['海倫仙度絲'],
海陸饗宴tasteofthewild,['海陸饗宴 Taste of the Wild'],
海盜船corsair,['海盜船 CORSAIR'],
海瑞,['海瑞'],
海滴,['海滴'],
海爾haier,"['海爾', '海爾 Haier', '海爾 HAIER']",
海德head,"['HEAD 海德', '海德 HEAD']",
海德head,"['海德 HEAD', 'HEAD 海德']",
海饌,['海饌'],
烏麗絲mavros,['烏麗絲 MAVROS'],
烘焙客ovenbaked,['烘焙客 Oven Baked'],
烤一百,['烤一百'],
特力屋hola,"['特力屋 HOLA', '特力屋']",
特惠牌,['特惠牌'],
特碧潤topicrem,['TOPICREM 特碧潤'],
特樂舒,['特樂舒'],
特緹斯twistix,['特緹斯 Twistix'],
狼蛛aula,['狼蛛 AULA'],
班樂尼ballarini,['班樂尼 Ballarini'],
益生菌11,['11益生菌'],
益豆之優,['益豆之優'],
益妍莓后,['益妍莓后'],
益喜氏,['益喜氏'],
益菌革命,['益菌革命'],
益瑞昇,['益瑞昇'],
益暢優yourla,['益暢優 yourla'],
真柑淨,['真柑淨'],
真爽,['真爽'],
真愛,['真愛'],
真鍋,['真鍋'],
神奇爺爺grandpa'ssoap,['神奇爺爺 Grandpa’s Soap'],
紐西蘭紅印redseal,['紐西蘭紅印 Red Seal'],
紐奇肌niouamaze,['NIOU AMAZE 紐奇肌'],
紐約肯尼,['紐約肯尼'],
紐健士supremesource,['紐健士 Supreme Source'],
紐崔克natureke,['紐崔克 NatureKE'],
紐崔斯nutrience,['紐崔斯 Nutrience'],
紐麥福,['紐麥福'],
紐頓nutram,['紐頓 Nutram'],
紐樂芙nulo,['紐樂芙 Nulo'],
純在naturalbenefits,['純在 Natural Benefits'],
純淨之心pureheart,[ 'PURE HEART 純淨之心'],
puresmile,['Pure Smile'],
純淨妍pure.tiful,['pure.tiful 純淨妍'],
純喫茶,['純喫茶'],
純萃喝,['純萃喝'],
純煉,['純煉'],
純粹喝,['純粹喝'],
純戀pure,"['PURE純戀', '純戀 PURE']",
素天堂,['素天堂'],
素飄香,['素飄香'],
索尼 sony,['索尼 SONY'],
索樂生活,['索樂生活'],
耕心田,['耕心田'],
脆樂芙thrive,['脆樂芙 Thrive'],
茱莉蔻,['茱莉蔻'],
茲恩zenn.th,['ZENN.TH 茲恩'],
茵芙莎ipsa,['IPSA 茵芙莎'],
茶之初,['茶之初'],
茶月,['茶月'],
茶籽堂chatzutang,"['茶籽堂 cha tzu tang', 'cha tzu tang 茶籽堂']",
茶尋味,['茶尋味'],
茶裏王,['茶裏王'],
茶寶 teapower,['Teapower 茶寶'],
草本24,['草本24'],
草本風采,['草本風采'],
草本真情 herbally,[ '草本真情 herbally'],
草本莊園 krauterhof,[ '草本莊園 KRAUTERHOF'],
草本體驗 tree tisane,[ 'TRUE TISANE 草本體驗'],
草繹,['草繹'],
荒野饗宴dancewithwolf,[ '荒野饗宴 Dance With Wolf'],
閃彩,['閃彩'],
馬玉山,['馬玉山'],
馬修嚴選,['馬修嚴選'],
馬爾斯,['馬爾斯'],
高大鮮乳,['高大鮮乳'],
高山小濃,['高山小濃'],
高地之泉,['高地之泉'],
高地卡尼,['高地卡尼'],
高島takashima,['高島TAKASHIMA'],
高絲 kose,"['KOSE 高絲', 'KOSE 高絲-專櫃']",
高慶泉,['高慶泉'],
高橋,['高橋'],
高露潔,['高露潔'],
鬼女神,['鬼女神'],
鬼洗,['鬼洗'],
乾麵舖449,['449乾麵舖'],
偉嘉whiskas,['偉嘉 whiskas'],
健力士,['健力士'],
健安喜,['健安喜'],
健而婷,['健而婷'],
健身大師,['健身大師'],
健美生,['健美生'],
健納緹getnaked,['健納緹 Get Naked'],
健康力,['健康力'],
健康主義ghr,"['GHR', 'GHR健康主義']",
健康快遞,['健康快遞'],
健康物語,['健康物語'],
健康紀元healthyera,['健康紀元 HEALTHY ERA'],
健康時刻chewytime,['健康時刻 Chewy Time'],
健康廚房,['健康廚房'],
健康曙光,['健康曙光'],
健康總匯,['健康總匯'],
健喬信元,['健喬信元'],
參天,['參天'],
唯可,['唯可'],
唯白vd,['唯白 VD'],
唯有機ouiorganic,['OUI ORGANIC 唯有機'],
唯美味weruva,['唯美味 WERUVA'],
唯娜露vernal,['vernal 唯娜露'],
唯浴雅,['唯浴雅'],
唯潔 whimzees,"['唯潔雅', '唯潔 WHIMZEES']",
啡茶時刻,['啡茶時刻'],
國太樓,['國太樓'],
國農,['國農'],
國際牌 panasonic,"['國際牌 panasonic', '國際牌 PANASONIC', '國際牌', '國際', '國際牌 Panasonic','Panasonic']",整理完長這樣
國騰,['國騰'],
培恩,['培恩'],
培寶bab,"['bab 培寶', '培寶']",
奢華寶貝 bebeposhe,['BEBE POSHE 奢華寶貝'],
婕可詩jergens,['Jergens 婕可詩'],
婕洛妮絲jealousness,['Jealousness 婕洛妮絲'],
婕樂纖,['婕樂纖'],
婦樂寧,['婦樂寧'],
專科senka,"['專科', 'SENKA 專科']",
崇德發,['崇德發'],
常春樂活,['常春樂活'],
庵古坑,['庵古坑'],
康乃馨,['康乃馨'],
康尼菲knf,['康尼菲 KNF'],
康朵qundo,"['QUNDO 康朵', '康朵']",
康沛特contentpets,['康沛特 Content Pets'],
康貝特,['康貝特'],
康貝combi,"['康貝', 'Combi 康貝', '康貝 Combi']",
康定contin,['康定 contin'],
康芙麗comefree,['康芙麗 Comefree'],
康是美自有品牌ms.cosmed,"['康是美', '康是美自有品牌','Ms.COSMED']",
康迪斯,['康迪斯'],
康茵carein,['CAREIN 康茵'],
康善秀consensus,['康善秀Consensus'],
康萃,['康萃'],
康寧corningware,['康寧 CorningWare'],
康澤,['康澤'],
強生chanson,['強生 CHANSON'],
強品chianpin,['強品 Chian Pin'],
彩虹雨點,['彩虹雨點'],
得而康dulgon,['Dulgon 得而康'],
得科羅勒dececco,['DE CECCO得科羅勒'],
得美登dermeden,['DermEden 得美登'],
得偉dewalt,['得偉 DEWALT'],
得意人生,"['得意', '得意人生']",
御天犬,['御天犬'],
御木本mikimoto,['MIKIMOTO 御木本'],
御田,['御田'],
御衣坊akira,"['御衣坊 Akira', '御衣坊', 'Akira御衣坊']",
御皇居royal,"['御皇居 ROYAL', '御皇居']",
御姬賞,['御姬賞'],
御宴goen,['御宴 GOEN'],
御茶園,['御茶園'],
御鼎興,['御鼎興'],
御膳坊,['御膳坊'],
御膳房ushinefarm,['御膳房 Ushine Farm'],
御膳食堂,['御膳食堂'],
悠安美,['悠安美'],
悠貝莉youberry,['Youberry 悠貝莉'],
悠康,['悠康'],
悠斯晶yuskin,['Yuskin 悠斯晶'],
情人娃娃,['情人娃娃'],
惜時seeds,"['惜時 SEEDS', '聖萊西 Seeds']",
捷元genuine,['捷元 Genuine'],
捷視nugens,['捷視 Nugens'],
捷森jason,['捷森 Jason'],
捷藝jetart,['捷藝 JetArt'],
掠食者sniper,['SNIPER  掠食者'],
掠奪者predatorshot,['掠奪者 Predator Shot'],
探險者,['探險者'],
啟蒙gemon,['啟蒙 Gemon'],
敏亦樂,['敏亦樂'],
敏感話題d program,['d program 敏感話題'],
晨昌,['晨昌'],
晨捷,['晨捷'],
曼仕德,['曼仕德'],
曼秀雷敦mentholatum,"['曼秀雷敦 MENTHOLATUM', 'MENTHOLATUM 曼秀雷敦']",
曼娜麗manara,['MANARA 曼娜麗'],
曼龍mloong,['曼龍 Mloong'],
梅亞奶奶grandmamae's,"[""梅亞奶奶 GRANDMA MAE'S""]",
梨奧美,['梨奧美'],
淨七代svg,['SVG 淨七代'],
淨毒五郎,['淨毒五郎'],
淨極勁gigijing,['淨極勁GIGIJING'],
淬釀,['淬釀'],
深夜食堂,['深夜食堂'],
深海美肌專家psk,"['PSK 寶絲汀', 'PSK 深海美肌專家']",
淺利佐助商店,['淺利佐助商店'],
添寧,['添寧'],
清水shimizu,['清水 shimizu'],
清妍simple,"['Simple Life', 'Simple 清妍']",
清妍simplelife,"['Simple Life', 'Simple 清妍']",
清淨海,['清淨海'],
清淨園,['清淨園'],
清銀露,['清銀露'],
猛特斯minties,['猛特斯 MiNTiES'],
猛將,['猛將'],
理研,['理研'],
理想perfect,"['理想 PERFECT', '理想 Perfect']",
理膚寶水larocheposay,"['理膚寶水', 'LA ROCHE POSAY 理膚寶水']",
琍睫lijay,['Lijay 琍睫'],
瓶中精靈genie,['Genie 瓶中精靈'],
盛田,['盛田'],
盛源shengyuan,['盛源 SHENGYUAN'],
盛燦男士wellness+,"['Wellness', 'wellness+ 盛燦男士']",
眷戀,['眷戀'],
視界e,['E視界'],
第一化粧品firstcosmeticsworksde,['First Cosmetics Works de第一化粧品'],
第一石鹼,['第一石鹼'],
第一饗宴firstmate,['第一饗宴 FirstMate'],
脫普,['脫普'],
船山舒雞,['船山舒雞'],
船井生醫,['船井生醫'],
船井醫朵保養ido,['Ido 船井醫朵保養'],
荷柏園herbox,"['Herbox 荷柏園', '荷柏園', 'HERBOX 荷柏園']",
荷麗美加,['荷麗美加'],
荷蘭公主princess,"['荷蘭公主 PRINCESS', '荷蘭公主']",
莉婕liese,['Liese 莉婕'],
莉薇特麗revital,"['Revital 莉薇特麗', '莉薇特麗', 'Revital']",
莊淑旂養生莊園,['莊淑旂養生莊園'],
莊頭北,['莊頭北'],
莎娜sana,['SANA 莎娜'],
莎特satter,"['莎特Satter', '莎特 SATTER']",
莎啦莎啦,['莎啦莎啦'],
莫凡彼movenpick,"['莫凡彼', '莫凡彼 MOVENPICK']",
莫比mobby,['莫比 Mobby'],
莫札特,['莫札特'],
蛋黃哥gudetama,['蛋黃哥 gudetama'],
袋鼠kangol,['袋鼠 Kangol'],
速利高solidgold,['速利高 SOLID GOLD'],
野宴livin'wild,"['野宴 Livin Wild', '野宴 LIVIN’ WILD']",
野獸叢林,['野獸叢林'],
陪心寵糧nu4pet,['陪心寵糧 NU4PET'],
陳怡安手工皂annchen,['AnnChen 陳怡安手工皂'],
陸丁博士,['陸丁博士'],
雀巢茶品nestea,['雀巢茶品 Nestea''],
雀巢nestle,"['雀巢','雀巢 Nestle']",
雪山,['雪山'],
雪比,['雪比'],
雪肌精,['雪肌精'],
雪坊,['雪坊'],
雪芙蘭cellina,"['Cellina 雪芙蘭', '雪芙蘭 Cellina', '雪芙蘭']",
雪花秀sulwhasoo,['Sulwhasoo 雪花秀'],
雪曼妮shirmeny,['Shirmeny 雪曼妮'],
章13,['13章'],
頂好,['頂好'],
頂尖國際,['頂尖國際'],
頂燒,['頂燒'],
麥迪森,['麥迪森'],
麥香,['麥香'],
麥斯威爾maxwell,['麥斯威爾 Maxwell'],
麥維爾,['麥維爾'],
麥維樂viola,['麥維樂 VIOLA'],
麥德絲肌mildskin,['MILDSKIN 麥德絲肌'],
麥蘆卡wedderspoon,['Wedderspoon麥蘆卡'],
麻膳堂,['麻膳堂'],
凱飛,['凱飛'],
凱娜,['凱娜'],
凱特鮮廚,['凱特鮮廚'],
凱茲catz,['凱茲 Catz'],
凱婷kate,"['凱婷 kate', 'KATE 凱婷']",
凱婷katetokyo,['KATE TOKYO 凱婷'],
凱琳calimba,['凱琳 CALIMBA'],
凱蒂娃娃cathydoll,['Cathy Doll 凱蒂娃娃'],
凱馳karcher,['凱馳 KARCHER'],
凱夢dreamtrend,"['凱夢 Dream Trend', 'DREAM TREND 凱夢']",
凱綺萃kgcheck,['凱綺萃 KGCHECK'],
創世紀montech,['創世紀 Montech'],
創禾soka,['創禾 SOKA'],
創益生技,['創益生技'],
創傑ducky,['創傑 Ducky'],
創鮮家,['創鮮家'],
創離子createion,['創離子 CREATE ION'],
勝利體育victor,['VICTOR 勝利體育'],
博士巧思,['博士巧思'],
博士美,['博士美'],
博比,['博比'],
博世bosch,['博世 BOSCH'],
博多marutai,['MARUTAI博多'],
博帝viper,['博帝 VIPER'],
博朗氏balance,"['博朗氏', '博朗氏 Balance']",
博寶兒probo,"['博寶兒 Probo', '博寶兒Probo', 'Probo 博寶兒']",
博寶兒probo,"['PROBOX', '博寶兒 Probo', '博寶兒Probo', 'Probo 博寶兒']",
博寶兒probox,"['PROBOX', '博寶兒 Probo', '博寶兒Probo', 'Probo 博寶兒']",
喀爾巴阡,['喀爾巴阡'],
善存,['善存'],
善得,['善得'],
喜又美,['喜又美'],
喜多,['喜多'],
喜特麗,['喜特麗'],
喜馬拉雅himalaya,"['Himalaya 喜馬拉雅', '喜馬拉雅 Himalaya']",
喜凱露hikaru,['HIKARU 喜凱露'],
喜滿屋,['喜滿屋'],
喜蜜heme,"['heme 喜蜜', 'heme']",
喜樂之泉,['喜樂之泉'],
喜樂寵宴joyfood,"['喜樂寵宴 Joy Food', '喜樂寵宴JOY FOOD']",
喜躍partymix,['喜躍 Party Mix'],
喬山johnson,['喬山 JOHNSON'],
嬌生johnson's,"['嬌生', ""Johnson's 嬌生"", ""嬌生 Johnson's""]",
喬亞georgia,['GEORGIA 喬亞'],
喵洽普plancat,"['喵洽普', '喵洽普 PLAN CAT']",
喵皇奴,['喵皇奴'],
喵愛餡temptations,['喵愛餡 Temptations'],
喵樂m'daryn,"[""喵樂 M'DARYN""]",
喵噢~meow,['喵~噢 MEOW'],
堤瑪露timaru,"['TIMARU 堤瑪露', 'Timaru 堤瑪露']",
媄莉malie,['malie 媄莉'],
媚比琳 maybelline,['MAYBELLINE 媚比琳'],
媚點 media,['media 媚點'],
媞爾妮 deary,"['Deary', 'Deary 媞爾妮', '媞爾妮 Deary']",
富力森 furimori,"['富力森 FURIMORI', '富力森 Furimori', '富力森']",
富力鮮frisian,['富力鮮 Frisian'],
fujiko,['Fujiko'],
fujimaru,['Fujimaru'],
富士電通fujitek,['富士電通 Fujitek'],
富士通fujitsu,"['富士通FUJITSU', '富士通']",
富山,['富山'],
富及第frigidaire,"['富及第 FRIGIDAIRE', '富及第', '富及第 Frigidaire']",
富兔康,['富兔康'],
富基-10,['富基-10'],
富統,['富統'],
富華,['富華'],
富維克volvic,['富維克 Volvic'],
尊爵,['尊爵'],
就是家jhome,['就是家 J HOME'],
嵐閣,['嵐閣'],
惠50,['50惠'],
惠百施ebisu,['惠百施 EBISU'],
惠而浦whirlpool,"['惠而浦 Whirlpool', '惠而浦', '惠而浦 whirlpool']",
惠健,['惠健'],
惠普hp,"['惠普 HP', 'HP 惠普']",
惠普hp,"['HP 惠普', '惠普 HP']",
惠騰,['惠騰'],
惡靈戰警s-etas,['惡靈戰警 S-ETAS'],
提提研ttm,['TTM 提提研'],
揚子,['揚子'],
斐濟fiji,['斐濟 FIJI'],
斑尼菲benefit,['斑尼菲 BENEFIT'],
斑馬牌zebra,['斑馬牌 ZEBRA '],
斯博康supercoat,['斯博康 SUPERCOAT'],
斯斯,['斯斯'],
斯儂恩throne,['THRONE 斯儂恩'],
普洛斯prosi,"['普洛斯Prosi', '普洛斯', '普洛斯 Prosi']",
普洛斯prosi,"['普洛斯 Prosi', '普洛斯', '普洛斯Prosi']",
普登,['普登'],
普瑞迪娜primoordine,['Primo Ordine 普瑞迪娜'],
普瑞納purina,['普瑞納 Purina'],
普德buder,['普德 BUDER'],
普樂polar,['普樂 POLAR'],
普潔,['普潔'],
普騰proton,['普騰 PROTON'],
晶工,['晶工'],
晶亮醇,['晶亮醇'],
晶鈺,['晶鈺'],
晶燉kingston,['晶燉 Kingston'],
曾拌麵,['曾拌麵'],
朝日,"['朝日田野', '朝日', 'ASAHI 朝日']",
朝日田野asahi,"['ASAHI 朝日', '朝日田野', '朝日', 'Asahi']",
朝日asahi,"['ASAHI 朝日', '朝日田野', '朝日', 'Asahi']",
森下仁丹ravis,['森下仁丹Ravis'],
森田藥粧,['森田藥粧'],
森朵恩泉jonzac,"['Jonzac 森朵恩泉', 'Jonzac']",
森林小舖fs,['FS森林小舖'],
森林物語,['森林物語'],
森林擴香amaze,['森林擴香 Amaze'],
森產業,['森產業'],
森萊富,['森萊富'],
森歐黎漾saholea,"['森歐黎漾 Saholea', '森歐黎漾']",
森潤,['森潤'],
森鮮forest,['森鮮 FOREST'],
植村秀shuuemura,"['植村秀 Shu uemura', '植村秀 shu uemura', 'shu uemura 植村秀']",
植享家bonniehouse,"['Bonnie House 植享家', '植享家']",
植物物語herbblend,['HERB BLEND 植物物語'],
植物的優,['植物的優'],
植物者agricola,['植物者AGRICOLA'],
植妍房,['植妍房'],
植英房,['植英房'],
植淨美,['植淨美'],
植萃 herb,[ '植萃 herb'],
植萃家leho,['LEHO植萃家'],
植感q'her,"[""Q'her 植感""]",
植靠淨spotless,['植靠淨 SPOTLESS'],
椒井,['椒井'],
渴望orijen,"['渴望 ORIJEN', '渴望 Orijen']",
渴達tundra,['渴達 TUNDRA'],
湛盧,"['湛盧咖啡', '湛盧']",
湛盧咖啡,"['湛盧咖啡', '湛盧']",
湯姆盛,['湯姆盛'],
無天家,['無天家'],
無印良品muji,"['無印良品', '無印良品 MUJI', 'MUJI 無印良品']",
無限肌緻infinity,['INFINITY 無限肌緻'],
無塵氏,['無塵氏'],
無窮花mkh,['MKH無窮花'],
然植萃,['然植萃'],
犀牛rhino,"['犀牛 Rhino', 'RHINO 犀牛']",
猋pure,"['猋 Pure', '猋']",
琺鈉vanacandles,['Vana Candles 琺鈉'],
琺頌fasun,['琺頌 FASUN'],
甦秘su:m37,['su:m37 甦秘'],
竣寶gimpet,['竣寶 Gimpet'],
等等,['等等'],
絕色紐約absolutenewyork,['ABSOLUTE NEW YORK 絕色紐約'],
統一,"['統一', '統一陽光', '統一Dr.Milker', '統一AB', '統一蜜豆奶', '統一瑞穗極制', '統一 AB', '統一生機', '統一水果牛乳', '統一瑞穗', '統一寶多福 Petlife', '統一LP33']",
統一瑞穗,"['統一瑞穗極制','統一瑞穗']",
統一寶多福 petlife,"['寶多福', '統一寶多福 Petlife']",
統一ab,"[ '統一 AB', '統一AB']",
統一 dr.milker,['統一Dr.Milker'],
統一 lp33,"['統一LP33', 'LP33']",
統欣生物科技,['統一Dr.Milker'],
統洋,['統洋'],
絲帕spa,['絲帕 SPA'],
絲易康,['絲易康'],
絲芙蒂softymo,['Softymo 絲芙蒂'],
絲花,['絲花'],
絲凱露angfascalp-dbeauteangfad,"['ANGFA 絲凱露', 'ANGFA SCALP-D Beaute ANGFA 絲凱露D', 'ANGFA']",
絲蘊syoss,"['絲蘊 Syoss', 'syoss 絲蘊']",
舒巴soopa,['舒巴 SOOPA'],
舒妃sofei,['舒妃 SOFEI'],
舒味思schweppes,"['舒味思 Schweppes', '舒味思']",
舒珊,['舒珊'],
舒特膚cetaphil,"['Cetaphil 舒特膚', '舒特膚']",
舒益優,['舒益優'],
舒跑,['舒跑'],
舒酸定,['舒酸定'],
舒潔,['舒潔'],
舒澡,['舒澡'],
菇王食品,"['菇王食品', '菇王']",
菊正宗,['菊正宗'],
華米amazfit,['華米 Amazfit'],
華佗,['華佗'],
華陀扶元堂,"['華陀', '華陀扶元堂']",
華冠,['華冠'],
華為huawei,['華為 HUAWEI'],
華菱,['華菱'],
華碩asus,['華碩 ASUS'],
華麗牌,['華麗牌'],
菲力家族,['菲力家族'],
菲那絲,['菲那絲'],
菲特研firstlab,"['菲特研 FIRST LAB', '菲特研FIRST LAB']",
菲詩小舖thefaceshop,"['THE FACE SHOP 菲詩小舖', 'THE FACE SHOP菲詩小舖']",
菲爾比healthphilosophy,['菲爾比 Health Philosophy'],
菲蘇德美phisoderm,"['菲蘇德美', 'pHisoDerm 菲蘇德美']",
萃康髮tricovel,['萃康髮 Tricovel'],
萃樂口,['萃樂口'],
萊卡laica,['萊卡 LAICA'],
萊克蒂,['萊克蒂'],
萊法耶renefurterer,['萊法耶 RENE FURTERER'],
萊萃美,['萊萃美'],
象印zojirushi,"['象印', '象印 Zojirushi', '象印 ZOJIRUSHI']",
費拉拉,['費拉拉'],
賀眾牌,['賀眾牌'],
賀壽,['賀壽'],
超海派,['超海派'],
超級香,['超級香'],
超視王,['超視王'],
超越巔峰absoluteholistic,['超越巔峰 ABSOLUTE HOLISTIC'],
超躍hyperr,['超躍 Hyperr'],
越南厚生,['越南厚生'],
逸盛esense,"['酷涼 Esense', '逸盛 Esense']",
逸湘齋,['逸湘齋'],
逸萱秀essentia,['逸萱秀 Essentia'],
開喜,['開喜'],
陽明生醫,['陽明生醫'],
雄獅,['雄獅'],
雅方,['雅方'],
雅各布jacobs,['雅各布 JACOBS'],
雅如詩,['雅如詩'],
雅男士labseries,['Lab Series 雅男士'],
雅芳avon,['AVON 雅芳'],
雅保,['雅保'],
雅娜蒂amity,['雅娜蒂 amity'],
雅雪舒,['雅雪舒'],
雅詩蘭黛esteelauder,['Estée Lauder 雅詩蘭黛'],
雅漾avene,"['Avene 雅漾', 'Avène 雅漾']",
雅聞倍優arwin,"['雅聞 ARWIN', '雅聞倍優']",
雲米,['雲米'],
雲谷,['雲谷'],
雲南白藥,['雲南白藥'],
雲斯頓,['雲斯頓'],
順光,['順光'],
須眉smate,['須眉 SMATE'],
飲冰室茶集,['飲冰室茶集'],
黃正宜,['黃正宜'],
黃金盾,['黃金盾'],
黃禎憲dr.huang,['Dr.HUANG 黃禎憲'],
黑人牙膏,"['黑人', '黑人牙膏']",
黑松heysong,"['黑松 HeySong', '黑松']",
黑船長,['黑船長'],
黑設blackgears,['黑設 BLACK GEARS'],
黑惡魔,['黑惡魔'],
黑龍,['黑龍'],
黑鮪toro,['黑鮪 TORO'],
黑鷹blackhawk,['黑鷹 BlackHawk'],
傳貴,['傳貴'],
勤億,['勤億'],
塔谷米takumi,['塔谷米 TAKUMI'],
奧力棒ozbone,['奧力棒 OzBone'],
奧兰諾oranot,['ORANOT奧兰諾'],
奧佳華ogawa,['奧佳華 OGAWA'],
奧莉芙的橄欖olivos,['OLIVOS奧莉芙的橄欖'],
奧圖aatu,['奧圖 AATU'],
奧碧虹albion,['ALBION 奧碧虹'],
奧蜜思orbis,['ORBIS 奧蜜思'],
奧藍多allando,['奧藍多 Allando'],
奧護佳allgood,['ALLgood 奧護佳'],
微卡ifit,['iFit 微卡'],
微星科技msi,"['微星 MSI', '微星科技 MSI', 'msi 微星']",
微美咖啡,['微美咖啡'],
微軟microsoft,['微軟 Microsoft'],
微舒打,['微舒打'],
微繫時光romeol.,"['羅蜜歐 Romeo', '微繫時光 Romeo L.', '羅密歐 ROMEO']",
惹我neuve,['neuve 惹我'],
意高ego,['ego意高'],
愛力根,"['愛力', '愛力根']",
愛卜apro,['愛卜 APro'],
愛之味,['愛之味'],
愛引力,['愛引力'],
愛仕達asd,['愛仕達 ASD'],
愛可妮,['愛可妮'],
愛司盟,['愛司盟'],
愛生活,['愛生活'],
愛伊健康,['愛伊健康'],
愛在普羅旺斯c.d.p,['C.D.P 愛在普羅旺斯'],
愛多康atopalm,['ATOPALM 愛多康'],
愛伽絲ajuste,['Ajuste 愛伽絲'],
愛妥麗atopiclair,['ATOPICLAIR 愛妥麗'],
愛的獎勵love,['LOVE 愛的獎勵'],
愛的獎勵love,[ 'LOVE 愛的獎勵'],
愛芙蓉everose,['愛芙蓉 EVEROSE'],
愛思is,['愛思 IS'],
愛美力,['愛美力'],
愛若雅alloya,['ALLOYA愛若雅'],
愛迪生,['愛迪生'],
愛迪達adidas,"['adidas 愛迪達', 'adidas', '愛迪達 adidas']",
愛恩富anf,"['愛恩富 ANF', '愛恩富']",
愛益康,['愛益康'],
愛康,['愛康'],
愛情貴族,['愛情貴族'],
愛接觸,['愛接觸'],
愛喜雅aixia,"['愛喜', '愛喜雅 AIXIA']",
愛喜aixia,"['愛喜', '愛喜雅 AIXIA']",
愛喵零食,['愛喵零食'],
愛惠浦everpure,['愛惠浦 EVERPURE'],
愛斯德瑪loveisderma,['LOVEISDERMA 愛斯德瑪'],
愛斯德瑪loveisderma,[ '德瑪愛'],
愛普士applaws,['愛普士 Applaws'],
愛棒,['愛棒'],
愛華aiwa,"['愛華', '愛華 aiwa']",
愛買,['愛買'],
愛瑞雅,['愛瑞雅'],
愛酪麗avoderm,['愛酪麗 AvoDerm'],
愛爾,"['愛爾康', '愛爾曼', '愛爾']",
愛爾康,"['愛爾康', '愛爾曼', '愛爾']",
愛維他lovita,"['愛維他', 'Lovita愛維他']",
愛樂齒ora2,['愛樂齒 Ora2'],
愛樂薇elle&vire,['愛樂薇 Elle & Vire'],
愛購它igota,['愛購它 i gota'],
愛麗思歐雅瑪irisohyama,['愛麗思歐雅瑪 IRIS OHYAMA'],
愛戀咖啡,['愛戀咖啡'],
愛戀膜法lovemore,['LOVE MORE 愛戀膜法'],
愛戀膜法lovemore,[ 'LOVE MORE 愛戀膜法'],
新生活純鮮乳品,"['新生', '新生活純鮮乳品']",
新肌霓ingeni,['新肌霓 Ingeni'],
新豆族,['新豆族'],
新味,['新味'],
新奇,['新奇'],
新東陽,['新東陽'],
新花漾,['新花漾'],
新科若林skinrolling,['SkinRolling 新科若林'],
新格,['新格'],
新健綠greenies,['新健綠 Greenies'],
新普利simply,"['新普利 Simply', '新普利']",
新樂園,['新樂園'],
楓康,['楓康'],
楓葉,['楓葉'],
極上活妍graceone,['GRACE ONE 極上活妍'],
極淨,"['極淨適', '極淨']",
極淨適,"['極淨適', '極淨']",
源珍,['源珍'],
源美,['源美'],
溫士頓,['溫士頓'],
獅子寶寶,['獅子寶寶'],
瑞士之鑰skincode,['Skincode 瑞士之鑰'],
瑞奇rich.c,['瑞奇 RICH.C'],
瑞威realnature,['瑞威 Real nature'],
瑞威realpower,['瑞威 Real Power'],
瑞春,['瑞春'],
瑞軒amtran,['瑞軒 AmTRAN'],
睛亮,['睛亮'],
睫老闆,['睫老闆'],
萬代bandai,"['BANDAI', 'bandai']",
萬家香,['萬家香'],
萬能媽媽 wondermama,['萬能媽媽 WONDER MAMA'],
萬能媽媽wonder,"['旺德 WONDER', '旺德 Wonder', '萬能媽媽 WONDER MAMA']",
萬達寬,['萬達寬'],
萬寶路,['萬寶路'],
義士大廚almo,['義士大廚 almo'],
義大利金杯咖啡,義大利金杯咖啡'],
義大利珈樂堤giaretti,['義大利Giaretti'],
義大利草本專家antica,['義大利草本專家 ANTICA'],
義大利balzano,"['Balzano', '義大利Balzano']",
義皇寶,['義皇寶'],
義美,"['義美', '義美生醫']",
義美生醫,"['義美', '義美生醫']",
聖克萊爾st.clare,"['StClare 聖克萊爾', 'St.Clare 聖克萊爾']",
聖克萊爾stclare,"['StClare 聖克萊爾', 'St.Clare 聖克萊爾']",
聖佩黎洛,['聖佩黎洛'],
聖萊西seeds,"['惜時 SEEDS', '聖萊西 Seeds']",
聖碧濤sanbenedetto,['聖碧濤 San Benedetto'],
聖羅蘭ysl,"['YSL 聖羅蘭', 'YSL 伊夫·聖羅蘭']",
落建,['落建'],
葛利德glysolid,['Glysolid 葛利德'],
葛林菲greenfish,['葛林菲 GREEN FISH'],
葛莉思greens,['葛莉思 GREENS'],
葡萄王,['葡萄王'],
葦柏納webner,['Webner 葦柏納'],
葵柏兒quaplar,['Quaplar 葵柏兒'],
葵緹亞kracie,['Kracie 葵緹亞'],
蒂克,['蒂克'],
蒂沐蝶timotei,['蒂沐蝶 TIMOTEI'],
蜂王queenbee,['QUEEN BEE 蜂王'],
蜂鳥,['蜂鳥'],
詩丹雅蘭,['詩丹雅蘭'],
詩帆島sven'sisland,"[""Sven's Island 詩帆島""]",
詩沛格蘭,['詩沛格蘭'],
詩杭siau,['詩杭 SIAU'],
詩波蜜柔supermild,['詩波蜜柔 SUPER MILD'],
詩芙儂sofnon,"['詩芙儂 Sofnon', 'Sofnon 詩芙儂']",
詩柔,['詩柔'],
詩夢絲smooth,['詩夢絲 SMOOTH'],
詩蘭朵serlando,['詩蘭朵 SERLANDO'],
詹麵,['詹麵'],
誠泰,['誠泰'],
資生堂東京櫃,"['SHISEIDO 資生堂東京櫃', '資生堂']",
資生堂國際櫃,"['SHISEIDO 資生堂國際櫃', '資生堂']",
資生堂shiseido,"['SHISEIDO 資生堂國際櫃', '資生堂 SHISEIDO', 'SHISEIDO 資生堂東京櫃', '資生堂', 'SHISEIDO 資生堂', 'SHISEIDO MEN']",
賈以食日,['賈以食日'],
賈羅公式,['賈羅公式'],
路易莎,['路易莎'],
農心,['農心'],
農純鄉,['農純鄉'],
農會,"['農會牌', '農會']",
農會牌,"['農會', '農會牌']",
農學市集248,['248農學市集'],
遊遍天下,['遊遍天下'],
達特周dr.jou,['DR.JOU 達特周'],
達特聖克dr.cink,['DR.CINK 達特聖克'],
達特醫dr.hsieh,"['Dr.Hsieh 達特醫', 'Dr.Hsieh達特醫', 'Dr.Hsieh']",
達能,['達能'],
達新牌,['達新牌'],
達爾膚dr.wu,['DR.WU 達爾膚'],
達摩本草,['達摩本草'],
達樂dale,['達樂 DALE'],
鉑潤肌,['鉑潤肌'],
零零,['零零'],
雷柏rapoo,['雷柏 Rapoo'],
雷迪兒radius,['雷迪兒 RADIUS'],
雷峰,['雷峰'],
雷馬lexma,['雷馬 LEXMA'],
雷蛇razer,['雷蛇 RAZER'],
雷雪,['雷雪'],
雷斯特lexking,['雷斯特 Lexking'],
靖,['靖'],
鼎新,['鼎新'],
嘉士伯,['嘉士伯'],
嘉儀heller,['嘉儀 HELLER'],
圖米其tumekefriend,['圖米其 Tu Meke Friend'],
實用牌,['實用牌'],
寧記,['寧記'],
慢熟,['慢熟'],
歌林kolin,"['歌林 kolin', '歌林 KOLIN', '歌林', '歌林 Kolin']",
歌薇goldwell,['歌薇 GOLDWELL'],
滴牌,['滴牌'],
滴滴鮮,['滴滴鮮'],
滴露,['滴露'],
滿意寶寶,['滿意寶寶'],
滿漢大餐,['滿漢大餐'],
漁極akika,['漁極 AkikA'],
漢城淨雪jeogseoul,['JeogSeoul 漢城淨雪'],
漢美馳hamiltonbeach,['漢美馳 Hamilton Beach'],
熊野,['熊野'],
熊愛咖啡,['熊愛咖啡'],
熊愛露,['熊愛露'],
熊寶貝snuggle,"['熊寶貝 SNUGGLE', '熊寶貝']",
熊寶寶,['熊寶寶'],
蒸健康,['蒸健康'],
蒸鮮之味,['蒸鮮之味'],
瑪宣妮macherie,"['瑪宣妮', '瑪宣妮 MACHERIE']",
瑪珂蕾貝macchialabel,['MACCHIA LABEL 瑪珂蕾貝'],
瑪恩吉monge,"['瑪恩吉 MONGE', '瑪恩吉 Monge']",
瑪莎曼j-lek,['瑪莎曼J-Lek'],
瑰柏翠crabtree&evelyn,"['Crabtree＆Evelyn 瑰柏翠', 'CRABTREE 瑰柏翠', '瑰柏翠']",
瘋喵,['瘋喵'],
睿米科技roidmi,['睿米科技 Roidmi'],
碧而優,['碧而優'],
碧兒泉biotherm,['Biotherm 碧兒泉'],
碧唇blistex,['Blistex 碧唇'],
碧菲絲特bifesta,['Bifesta 碧菲絲特'],
福汎,['福汎'],
福忠字號,['福忠字號'],
福松,['福松'],
福紅fuchs,['福紅 FUCHS'],
福記,['福記'],
福華牌,['福華牌'],
福壽fusopets,"['福壽 FUSO Pets', '福壽 FUSO']",
福樂,['福樂'],
福樂自然零,"['福樂自然零', '自然零']",
福樂低脂優酪,['福樂低脂優酪'],
精油大學faceschool,['精油大學 FaceSchool'],
精英ecs,['精英 ECS'],
綠手指greenfinger,"['綠手指 Green Finger', 'Green Finger']",
綠地,['綠地'],
綠的green,"['GREEN 綠的', '綠的 GREEN', '綠的', '綠的Green', 'green']",
綠野鮮食healthextension,"['綠野鮮食Health Extension', '綠野鮮食 Health Extension']",
綠森活,['綠森活'],
綠農,['綠農'],
綠藤生機greenvines,"['綠藤生機 Greenvines', '綠藤生機']",
維力炸醬麵,['維力炸醬麵'],
維力原祖,['維力原祖'],
維力媽媽麵,['維力媽媽麵'],
維士比,['維士比'],
維大力,['維大力'],
維他麥,['維他麥'],
維他露p,"['維他露P', '維他露']",
維吉vegepet,['維吉 VegePet'],
維多利亞的秘密victoria'ssecret,"[""Victoria's Secret 維多利亞的秘密"", '維多利亞的秘密']",
維克virbac,['維克 Virbac'],
維珍妮,['維珍妮'],
維康,['維康'],
維斯塔,['維斯塔'],
維詩彩妝acts,['ACTS 維詩彩妝'],
維爾滋wealtz,['維爾滋 Wealtz'],
維維絲viviscal,['維維絲 Viviscal'],
維齊vi.chi,['維齊 Vi.Chi'],
網狐家居,['網狐家居'],
綺緣,['綺緣'],
綾鷹,['綾鷹'],
臺虎,['臺虎'],
臺鹽,['臺鹽'],
蓓比適,['蓓比適'],
蓓昂斯byphasse,"['蓓昂斯 BYPHASSE', 'BYPHASSE 蓓昂斯']",
蓓芙妮,['蓓芙妮'],
蓓爾麗,['蓓爾麗'],
蓓蓓珂娜benecos,['Benecos 蓓蓓珂娜'],
蓓蕊,['蓓蕊'],
蜜妮biore,"['Bioré', '蜜妮 Bioré', '蜜妮', '蜜妮Biore', 'Biore 蜜妮']",
蜜葳特melvita,"['蜜葳特 Melvita', 'Melvita 蜜葳特']",
蜜蜂工坊,['蜜蜂工坊'],
蜜濃minonaminomoist,['MINON AminoMoist 蜜濃'],
豪山,['豪山'],
赫而司,['赫而司'],
赫里萊比,['赫里萊比'],
赫蓮娜helenarubinstein,"['Helena Rubinstein 赫蓮娜', 'HR 赫蓮娜']",
輕鬆小品,['輕鬆小品'],
輕鬆美膚ezskin,['輕鬆美膚 ezskin'],
辣椒先生,['辣椒先生'],
遠東生技,['遠東生技'],
酵速工坊,['酵速工坊'],
酷之泉,['酷之泉'],
酷涼esense,['酷涼 Esense'],
酷椰嶼,['酷椰嶼'],
酷碼coolermaster,['酷碼 CoolerMaster'],
銀欣silverstone,['銀欣 SilverStone'],
銀河莊園lavoielactee,['La Voie Lactee 銀河莊園'],
銀輝,['銀輝'],
領航家,['領航家'],
齊葉雅ziaja,"['Ziaja 齊葉雅', 'ZIAJA']",
億長御坊,['億長御坊'],
嬌生johnson,"['嬌生', '喬山 JOHNSON', ""Johnson's 嬌生"", ""嬌生 Johnson's""]",
嬌生johnson's,"['嬌生', ""Johnson's 嬌生"", ""嬌生 Johnson's""]",
嬌聯unicharm,['嬌聯 Unicharm'],
嬌蘭guerlain,['GUERLAIN 嬌蘭'],
廚膳師,['廚膳師'],
廣吉,['廣吉'],
廣源良kuanyuanlian,['kuanyuanlian 廣源良'],
廣鼎intopic,['廣鼎 INTOPIC'],
德京deukonig,['德京 Deukonig'],
德拉美,['德拉美'],
德妍思dms,"['DMS 德妍思', '德妍思']",
德律風根telefunken,"['德律風根 Telefunken', '德律風根']",
德美醫研dermalab,[ 'Derma Lab 德美醫研'],
德恩奈,['德恩奈'],
德晉derjinn,['德晉 Der Jinn'],
德記洋行taittea,"['德記', '德記洋行 TAIT TEA']",
德記taittea,"['德記', '德記洋行 TAIT TEA']",
德國小甘菊herbacin,[ 'herbacin 德國小甘菊'],
德國世家dr.hauschka,"[ 'Dr. Hauschka 德國世家', '德國世家 Dr. Hauschka']",
德國卡爾carlschmidtsohn,[ '德國卡爾 Carl Schmidt Sohn'],
德國冰豹roccat,['德國冰豹ROCCAT'],
德國百妮bioneo,"[ 'BIONEO 德國百妮', '德國百妮']",
德國珊諾sanosan,[ 'sanosan 德國珊諾'],
德國植萃cosnature,['cosnature 德國植萃'],
德國達麗dalli,"['德國達麗Dalli', '德國達麗 dalli']",
德國貓王venandianimal,['德國貓王 Venandi Animal'],
德國雙人zwilling,[ '德國雙人 Zwilling'],
德國augustinusbaderab,[ 'Augustinus Bader 德國AB'],
德萊維dellware,['德萊維 Dellware'],
德逸dr.oko,['德逸 DR.OKO'],
德爾瑪deerma,['德爾瑪 Deerma'],
德瑪dermal,"['DERMAL', DERMAL 德瑪]",
慕之恬廊mustela,"['慕之恬廊 mustela', 'Mustela', 'Mustela 慕之恬廊']",
慕堤mutti,['慕堤 Mutti'],
慧心貓糧smartheart,"['慧心 SmartHeart', '慧心貓糧 SmartHeart']",
摩卡mocca,['摩卡 Mocca'],
摩多比mdobi,['摩多比 MDOBI'],
摩堤multee,['摩堤 MULTEE'],
摩斯漢堡mos,"['摩斯', '摩斯漢堡 MOS']",
摩爾思mores,"['摩爾思 mores', '摩爾思']",
數位新貴digiking,"['數位新貴 DigiKing', '數位']",
數位digiking,"['數位新貴 DigiKing', '數位']",
樂天lotte,"['樂天', '樂天 Lotte', '樂天 LOTTE', 'Lotte樂天','Lotte']",
樂卡克lecoqsportif,['樂卡克 le coq sportif'],
樂亦康,['樂亦康'],
樂伊妥,['樂伊妥'],
樂扣樂扣locknlock,['樂扣樂扣 LocknLock'],
樂米亞,['樂米亞'],
樂米larmi,"['樂米亞', '樂米 LARMI']",
樂固特lacalut,['樂固特 Lacalut'],
樂金lg,"['樂金 LG', '樂金']",
樂活,['樂活'],
樂美思numismed,['Numis med 樂美思'],
樂迪ld,['樂迪LD'],
樂倍lapetz,['LaPetz 樂倍'],
樂家咖啡,['樂家咖啡'],
樂格log,['樂格 LOG'],
樂益活meridlife,['MeridLife 樂益活'],
樂健飛lovecanfly,['樂健飛 LOVE CAN FLY'],
樂透beaphar,['樂透 Beaphar'],
樂絲loshi,['樂絲 Loshi'],
樂嫚妮,['樂嫚妮'],
樂趣,['樂趣'],
樂邁,['樂邁'],
樂靈lalil,['LALIL 樂靈'],
歐力婕,['歐力婕'],
歐王ouwang,['歐王 OUWANG'],
歐仕派,['歐仕派'],
歐卡尼ocanis,['歐卡尼 Ocanis'],
歐米豆,['歐米豆'],
歐肌膚o'keeffe's,"[""O'Keeffe's 歐肌膚"", 'O’Keeffe’s 歐肌膚']",
歐克威爾oh-care,['歐克威爾 oh-care'],
歐坷蔓alkmene,"['歐坷蔓 alkmene', 'alkmene 歐坷蔓']",
歐奇斯organix,['歐奇斯 ORGANIX'],
歐芮坦orita,"['歐芮坦', '歐芮坦ORITA']",
歐客佬oklao,"['歐客佬 OKLAO', '歐客佬']",
歐思佛dr.,['Dr.歐思佛'],
歐姬兒ozio,['OZIO 歐姬兒'],
歐恩on,['歐恩 on'],
歐格妮亞organia,['歐格妮亞 Organia'],
歐都納atunas,['ATUNAS 歐都納'],
歐斯恩oceanique,"['歐斯恩', '歐斯恩 Oceanique']",
歐森awson,['歐森 AWSON'],
歐舒丹l'occitane,"[""歐舒丹 L'OCCITANE"", '歐舒丹', ""L'OCCITANE 歐舒丹""]",
歐萊德o'right,"['歐萊德 Oright', '歐萊德', ""O'right 歐萊德""]",
歐瑞yarrah,['歐瑞 yarrah'],
歐漾alya,['歐漾 ALYA'],
歐樂芬,['歐樂芬'],
歐樂b,['歐樂B'],
歐緹麗caudalie,['CAUDALIE 歐緹麗'],
歐蕾olay,['OLAY 歐蕾'],
歐麗絲oul'isi,"[""OUL'ISI 歐麗絲""]",
潔牙一番,['潔牙一番'],
潔芬jiefen,"['潔芬 Jie Fen', '潔芬']",
潔美淨physiogel,['PHYSIOGEL 潔美淨'],
潔倍,['潔倍'],
潘柔panrose,"['潘柔 PANROSE', 'PANROSE 潘柔']",
潘海利根,['潘海利根'],
潘婷pantene,['潘婷 PANTENE'],
潤肌精junkiseiprime,['Junkisei Prime 潤肌精'],
潤波rinpoo,['RINPOO潤波'],
潤姬桃子,['潤姬桃子'],
澎澎ponponmanman,"['PON PON MAN 澎澎Man', '澎澎']",
皺效奇蹟strivectin,"['StriVectin 皺效奇蹟', 'StriVectin']",
稻田齒,['稻田齒'],
稻屋生機,['稻屋生機'],
穀盛kokumori,['穀盛 KOKUMORI'],
箭牌馬,['箭牌馬'],
緣蘋果,['緣蘋果'],
緹朗,['緹朗'],
膚蕊freshel,"['Freshel 膚蕊', 'FRESHEL 膚蕊']",
膜力美肌,['膜力美肌'],
蓮發,['蓮發'],
蔚特尼思,['蔚特尼思'],
蔻蘿蘭klorane,"['蔻蘿蘭 klorane', '蔻蘿蘭']",
衛采eisai,['Eisai 衛采'],
豬跳舞,['豬跳舞'],
輝葉,['輝葉'],
適樂膚cerave,"['CeraVe 適樂膚', 'CeraVe適樂膚']",
醇養妍,['醇養妍'],
鋒味,['鋒味'],
靠茶,['靠茶'],
靠得住,['靠得住'],
養樂多,['養樂多'],
髮朵,['髮朵'],
髮旺旺,['髮旺旺'],
髮蔓濃,['髮蔓濃'],
黎可詩nuxe,"['NUXE 巴黎歐樹', 'NUXE 黎可詩']",
黎得芳ladefonse,['LA DEFONSE 黎得芳'],
齒方籤,['齒方籤'],
齒妍堂,['齒妍堂'],
齒磨撫子,['齒磨撫子'],
勳風,['勳風'],
叡頌,['叡頌'],
憶霖,['憶霖'],
暹羅desiam,['deSIAM暹羅'],
樹予saeve,['saeve 樹予'],
橋登jordon,['JORDON 橋登'],
橘子工坊,['橘子工坊'],
橘平屋,['橘平屋'],
機植之丘,['機植之丘'],
歷峰集團,['歷峰集團'],
澡享,['澡享'],
澤井,"['澤井', '澤井咖啡']",
澤井咖啡,"['澤井', '澤井咖啡']",
澳克騎士ivorycoat,"['澳克騎士 Ivory Coat', '澳克騎士 IVORY COAT']",
澳佳寶blackmores,"['Blackmores 澳佳寶', 'Blackmores澳佳寶']",
澳思萊auslife,"['AUS LIFE 澳思萊', '澳思萊 AUS LIFE']",
澳洲依美油u beauty,['u beauty 澳洲依美油'],
澳洲nd,['澳洲ND'],
澳維花園ausgarden,['澳維花園 Ausgarden'],
澳潔蕬ausganica,"['澳潔蕬', '澳潔蕬 Ausganica']",
澳寶opal,['Opal 澳寶'],
濃韻,['濃韻'],
燒肉工房,['燒肉工房'],
燒鳥一番,['燒鳥一番'],
璞珞,['璞珞'],
璞草園grange,"['璞草園', '璞草園 GRANGE']",
璞莉可boutique,"['璞莉可', 'BOUTIQUE 璞莉可']",
翰欣trendsonic,['翰欣 TrendSonic'],
膳魔師thermos,['膳魔師 THERMOS'],
臻豆坊,['臻豆坊'],
臻愛,['臻愛'],
興波咖啡simplekaffa,"['興波咖啡 Simple Kaffa', '興波咖啡']",
興農,['興農'],
蕊琦芙retreev,['RETREEV 蕊琦芙'],
親密貓mydearcat,['親密貓 MyDearCat'],
諾帝亞zodiac,['諾帝亞 Zodiac'],
諾格那logona,"['LOGONA 諾格那', '諾格那 LOGONA']",
諾婕蒂nobori,['NOBORI 諾婕蒂'],
諾得,['諾得'],
諾鈣c,['諾鈣C'],
諾資,['諾資'],
諾寶,['諾寶'],
貓侍catpool,['貓侍 Catpool'],
貓皇族kingwang,['貓皇族 KING WANG'],
貓食坊catfoodsquare,['貓食坊 Cat food Square'],
貓倍麗monpetit,['貓倍麗 MonPetit'],
貓樂適catidea,['貓樂適 Catidea'],
貓頭鷹noctua,['貓頭鷹 Noctua'],
貓戀人honeycat,"['貓戀人', '貓戀人 HONEY CAT']",
鋼鐵人infothink,['鋼鐵人 InfoThink'],
錘子blade,['錘子 BLADE'],
錸德ridata,['錸德 RiDATA'],
隨緣,['隨緣'],
頤珍,['頤珍'],
默契mumchit,"['MUMCHIT', 'MUMCHIT默契']",
默墨咖啡morecafe,['默墨咖啡 More Café'],
龍宏,['龍宏'],
龍泉,['龍泉'],
龍馬,['龍馬'],
龍鳳,['龍鳳'],
龜甲萬,['龜甲萬'],
優力巾,['優力巾'],
優仕曼,['優仕曼'],
優生usbaby,"['優生', '優生 US baby']",
優先順,['優先順'],
優你可,['優你可'],
優沛特upet,['優沛特 uPet'],
優沛蕾yoplait,['優沛蕾 Yoplait'],
優豆君,['優豆君'],
優佳麗,['優佳麗'],
優兒康,['優兒康'],
優妹u-may,['優妹 U-May'],
優芮珂絲,['優芮珂絲'],
優品,['優品'],
優柏eupa,"['優柏 EUPA', '優柏']",
優活,"['優活力', '優活']",
優活力,"['優活力', '優活']",
優派viewsonic,['優派 ViewSonic'],
優倍多,['優倍多'],
優效紡,['優效紡'],
優格toma-pro,"['優格 TOMA-PRO', '優格TOMA-PRO']",
優級首選加州鮮乳,['優級首選加州鮮乳'],
優雅美體uy28,['uy28 優雅美體'],
優綺麗ujelly,['U Jelly 優綺麗'],
優廚寶,['優廚寶'],
優識立,['優識立'],
優麗美人ud,['UD 優麗美人'],
優麗雅uriage,['Uriage 優麗雅'],
優護,['優護'],
戴春林,['戴春林'],
戴森dyson,"['戴森 DYSON', '戴森 Dyson']",
戴爾dell,"['DELL 戴爾', '戴爾Dell']",
戴維爵士,['戴維爵士'],
曙光spring,['曙光 spring'],
檜山坊,['檜山坊'],
濱川佐櫻,['濱川佐櫻'],
濱田,['濱田'],
營養師輕食,['營養師輕食'],
爵士貓吧bbuy,"['爵士貓吧 BBUY', '爵士貓吧']",
爵戀,['爵戀'],
聯力lianli,['聯力 LIAN LI'],
聯統,['聯統'],
聯想lenovo,"['聯想 Lenovo', 'Lenovo 聯想']",
聯想lenovo,"['Lenovo 聯想', '聯想 Lenovo']",
聯碩lenso,"['聯碩', '聯碩 LENSO']",
聰明狗糧iqdog,['聰明狗糧 IQ DOG'],
聰明貓乾糧iqcat,['聰明貓乾糧 IQ CAT'],
聲寶sampo,"['聲寶 Sampo', '聲寶', '聲寶 SAMPO']",
蕾妮亞,['蕾妮亞'],
蕾珂詩lacasta,['蕾珂詩 La CASTA'],
蕾娜塔renata,['蕾娜塔 RENATA'],
蕾莉歐l'erbolario,"[""L'ERBOLARIO 蕾莉歐"", '蕾莉歐 L’ERBOLARIO', '蕾莉歐']",
蕾斯卡歐lescaut,['Lescaut 蕾斯卡歐'],
蕾蒂金ladykin,['蕾蒂金 ladykin'],
薇佳swissvita,['Swissvita 薇佳'],
薇姿vichy,"['VICHY 薇姿', 'VICHY薇姿']",
薇霓肌本vanicream,"['VANICREAM 薇霓肌本', '薇霓肌本 VANICREAM']",
謙謙創藝,['謙謙創藝'],
賽先生科學mr.sci,['Mr.sci 賽先生科學'],
賽吉兒saugella,['SAUGELLA 賽吉兒'],
賽玫特somerset,['Somerset 賽玫特'],
賽斯黛瑪sesderma,['sesderma 賽斯黛瑪'],
賽嘉seago,['賽嘉 SEAGO'],
賽睿steelseries,['賽睿 Steelseries'],
邁士,['邁士'],
鍋寶cookpower,"['鍋寶 CookPower', '鍋寶']",
韓汝hanru,['HANRU 韓汝'],
韓秀姬misshan,['MISSHAN 韓秀姬'],
韓味不二,['韓味不二'],
韓波俐hanboly,"['韓波俐', '韓波俐 Hanboly']",
韓國2080,"['韓國2080', '2080']",
韓國422inc,['韓國422Inc'],
韓國不倒翁,['韓國不倒翁'],
韓國歐紳osner,['韓國歐紳 OSNER'],
韓國歐紳osner,"['韓國 LACTO', '韓國 CJ', '韓國422Inc', '韓國不倒翁', '韓國歐紳 OSNER', '韓國2080']",
韓國鍾根堂lacto,['韓國 LACTO'],
韓國cj,"['韓國 CJ',]",
韓廚,['韓廚'],
鮮一杯,['鮮一杯'],
鮮一番,['鮮一番'],
鮮呼吸freshbreath,['鮮呼吸 Fresh breath'],
鮮剖,['鮮剖'],
鮮烘咖啡工作室,['鮮烘咖啡工作室'],
鴻宇hongyew,['鴻宇 HongYew'],
鴻果hongo,['鴻果 HONGO'],
鴻參,['鴻參'],
鴻嘉源,['鴻嘉源'],
黛珂cosmedecorte,['Cosme Decorte 黛珂'],
黛若詩琳dazzleslim,['Dazzleslim 黛若詩琳'],
齋藤咖啡店,['齋藤咖啡店'],
嚕啦啦,['嚕啦啦'],
曜越luna,"['曜越 Luna', '曜越 Tt eSPORTS']",
曜越ttesports,"['曜越 Luna', '曜越 Tt eSPORTS']",
檸檬堂,['檸檬堂'],
織眠家族,['織眠家族'],
舊街場oldtown,['舊街場 OLDTOWN'],
薰衣草森林lavendercottage,"['Lavender Cottage 薰衣草森林', '薰衣草森林']",
藍帶廚坊lvprimeblue,"['藍帶 LV PRIMEBLUE', 'LCB藍帶廚坊']",
藍帶lcb,"['藍帶 LV PRIMEBLUE', 'LCB藍帶廚坊']",
藍帶lvprimeblue,"['LCB藍帶廚坊', '藍帶 LV PRIMEBLUE']",
藍寶blaupunkt,"['藍寶 BLAUPUNKT', '藍寶']",
藏咖啡,['藏咖啡'],
藏鮮,['藏鮮'],
豐力富fernleaf,['豐力富 Fernleaf'],
豐台灣fromtaiwan,['From Taiwan 豐台灣'],
豐新鮮,['豐新鮮'],
醫敏家,['醫敏家'],
醬本缸,['醬本缸'],
雙星牌,['雙星牌'],
雙飛燕,['雙飛燕'],
雙揚i-gotu,['雙揚 I-GOTU'],
雙豪,['雙豪'],
雙燕牌,['雙燕牌'],
雙響泡,['雙響泡'],
雞仔牌st,['ST雞仔牌'],
雞老大,['雞老大'],
馥蕾詩fresh,"['Fresh 馥蕾詩', 'Fresh Line']",
馥蕾詩freshline,"['Fresh 馥蕾詩', 'Fresh Line']",
魏大夫vf,"['魏大夫 VF', 'VF魏大夫']",
鵑城牌,['鵑城牌'],
鵝媽媽mothergoose,['鵝媽媽 Mother Goose'],
寵物健康wellness,['寵物健康 WELLNESS'],
寵物甜心petsweet,['寵物甜心 PET SWEET'],
寵物夥伴,['寵物夥伴'],
寵愛之名forbelovedone,"['ForBelovedOne 寵愛之名', 'ForBelovedOne寵愛之名']",
寵愛物語petstory,"['寵愛物語', '寵愛物語 pet story']",
繪子貓econeco,['Econeco 繪子貓'],
羅多倫和餐,['羅多倫和餐'],
羅技logitech,['羅技 Logitech'],
羅東農會,['羅東農會'],
羅素russellhobbs,['羅素 Russell Hobbs'],
羅密歐 romeol.,"['羅蜜歐 Romeo', '微繫時光 Romeo L.', '羅密歐 ROMEO', '羅密歐', '羅蜜歐 Romel L']",
藝群 dr.reevenus,[ 'Dr. 藝群'],
藤蔓擴香氛fancy,['藤蔓擴香氛 fancy'],
蹺蹺板小姐,['蹺蹺板小姐'],
饅自然,['饅自然'],
麒麟,['麒麟'],
麗仁堂,['麗仁堂'],
麗仕lux,"['麗仕', '麗仕 LUX']",
麗白,['麗白'],
麗汝齒,['麗汝齒'],
麗克特recolte,"['麗克特 récolte', '麗克特 recolte', '麗克特']",
麗奇reach,"['麗奇 REACH', '麗奇']",
麗柏有機neobio,"['Neobio 麗柏有機', '麗柏有機 Neobio']",
麗美盛,"['麗美盛', '麗美']",
麗莎,['麗莎'],
麗雅雪尼爾,['麗雅雪尼爾'],
麗膚再生revive,['ReVive 麗膚再生'],
麗優duo,['DUO 麗優'],
嚼嚼juejue,['嚼嚼 JUEJUE'],
寶工pro'skit,"[""寶工 Pro'sKit""]",
寶仕,['寶仕'],
寶多福petlife,"[ '寶多福', '統一寶多福 Petlife']",
寶亨,['寶亨'],
寶貝妮,['寶貝妮'],
寶貝餌子,['寶貝餌子'],
寶拉珍選paula'schoice,"[""PAULA'S CHOICE 寶拉珍選""]",
寶拉美甲paula'snail,"[""Paula's Nail 寶拉美甲""]",
寶迪berndes,['寶迪 Berndes'],
寶島,['寶島'],
寶益兒,['寶益兒'],
寶酒造,['寶酒造'],
寶馬,['寶馬'],
寶絲汀psk,"['PSK 寶絲汀', 'PSK 深海美肌專家']",
寶路,['寶路'],
寶僑ariel,"['寶僑','Ariel']",
寶瀅persil,"['Persil', '寶瀅Persil']",
礦翠,['礦翠'],
耀eau,"['EAU 耀', '耀 EAU', 'EAU耀']",
蘇妮薩sunisa,['SUNISA 蘇妮薩'],
蘇菲娜sofina,"['蘇菲', 'SOFINA 蘇菲娜']",
蘋果西打apple,"['蘋果 Apple', '蘋果西打']",
贏in-plus,"['贏 IN-Plus', '贏 IN-PLUS']",
麵大師,['麵大師'],
儷康絲nioxin,['儷康絲 NIOXIN'],
囍瑞bioes,['囍瑞 BIOES'],
囍碗loveabowl,['囍碗 Loveabowl'],
櫻花sakura,['櫻花 SAKURA'],
櫻特芮integrate,['INTEGRATE 櫻特芮'],
蘭吉兒l'egere,"[""L'EGERE 蘭吉兒"", 'LEGERE 蘭吉兒']",
蘭芝laneige,['LANEIGE 蘭芝'],
蘭蔻lancome,"['LANCÔME 蘭蔻', 'LANCOME 蘭蔻']",
蘭韻lalune,"['la lune 蘭韻', '蘭韻']",
護一生ts6,['TS6護一生'],
ts6,['TS6'],
護妍天使dermaangel,[ 'DermaAngel 護妍天使'],
鐮刀scythe,['鐮刀 SCYTHE'],
鐵修羅tesoro,['鐵修羅 TESORO'],
鐵齒,['鐵齒'],
鐵鎚牌a&h,['鐵鎚牌A&H'],
露米lumikenka,['露米 Lumikenkä'],
露得清,['露得清'],
露華濃revlon,['REVLON 露華濃'],
露遊treewalker,"['露遊 Treewalker','Tree Walker','TREEWALKER']",
露蜜luminabeautycare,"['Lumina 露蜜', 'Lumina beauty care']",
霸虎buff,['霸虎 BUFF'],
顧可飛,['顧可飛'],
饗食peter,['饗食 Peter'],
魔力喵mjamjam,['魔力喵 MjAMjAM'],
魔女工廠ma:nyo,['Ma:nyo 魔女工廠'],
魔爪monsterenergy,['魔爪 Monster Energy'],
魔法天空glamoursky,['Glamour Sky 魔法天空'],
魔法村petvillage,['魔法村 Pet Village'],
魔唇therapind,['THERAPIND 魔唇'],
魔蠍marvo,['魔蠍 MARVO'],
巔峰ziwipeak,['巔峰 ZiwiPeak'],
彎彎寶貝,['彎彎寶貝'],
歡樂派,['歡樂派'],
驕傲貓catglory,['驕傲貓 Cat Glory'],
戀愛女神venusamour,['戀愛女神 Venus Amour'],
戀愛密碼lovecode,[ 'Love Code 戀愛密碼'],
戀愛魔鏡majolicamajorca,['MAJOLICA MAJORCA 戀愛魔鏡'],
戀戀,['戀戀'],
戀戀情人,['戀戀情人'],
纖嚼happi,['纖嚼 happi'],
纖體寶貝slimbaby,['SlimBaby 纖體寶貝'],
蘿丹緹lothantique,['LOTHANTIQUE 蘿丹緹'],
蘿莉絲塔rorista,['蘿莉絲塔 RORISTA'],
鑫耀生技,['鑫耀生技'],
鷹王kingeagle,['鷹王 KingEagle'],
鷹記維他,['鷹記維他'],
鑽美姬,['S+DIAMOND 鑽美姬'],
鱷魚,['鱷魚'],
a'kin,['A’kin'],
a+power,set(),
abba,['ABBA'],
abc,['ABC'],
abuns,['Abuns'],
ace,['ACE'],
acmakeup,['AC MAKEUP'],
acmedica,['Acmedica'],
ad-rocket,['AD-ROCKET'],
add+,['ADD+'],
aesop,['Aesop'],
afc,['AFC'],
age20's,"[""Age20's""]",
agf,['AGF'],
agoy,['agoy'],
aha,['AHA'],
ahc,"['AHC','A.H.C']",
ahoye,['AHOYE'],
aibo,['Aibo'],
aipinyue,['AIPINYUE'],
aito,['AITO'],
ak,['AK'],
akimia,['AKIMIA'],
akuma,['AKUMA'],
akvile,['akvile'],
alcatroz,['Alcatroz'],
algemarin,['algemarin'],
allegrini,"['ALLEGRINI', 'Allegrini']",
alobaby,['ALOBABY'],
alovivi,['ALOVIVI'],
alpecin,['Alpecin'],
alyea,['ALYEA'],
amadana,['amadana'],
amazingraze,['Amazin graze'],
amice,['Amice'],
amida,['AMIDA'],
amino,"['Amino Mason', 'Amino']",
aminomason,"['Amino Mason', 'Amino']",
amstel,['Amstel'],
andzen,['ANDZEN'],
ange,['ANGE'],
antian,['ANTIAN'],
anua,['Anua'],
aoc,['AOC'],
apg,['APG'],
apieu,"['Apieu',""A'PIEU""]",
aprilskin,"['APRILSKIN', 'Aprilskin']",
aquagen,['AQUAGEN'],
arctic,"['Arcticpet', 'ARCTIC']",
arcticpet,"['Arcticpet', 'ARCTIC']",
ardell,['ARDELL'],
arencia,['ARENCIA'],
arexsport,['AREX SPORT'],
argelan,['ARGELAN'],
ariul,['Ariul'],
arlem,['ARLEM'],
arlink,['Arlink'],
arnest,['Arnest'],
arohatriz,['AROHA TRIZ'],
aroma,"['Aroma zone', 'Aroma']",
aromatherapyassociates,['Aromatherapy Associates'],
aromebywatsons,['Arome by Watsons'],
aronyx,['ARONYX'],
aroy-d,['AROY-D'],
artisan,['Artisan'],
artisdivoce,['ARTiS di Voce'],
astar,"['A Star', 'A-Star bones']",
atake,['ATake'],
atorregead+,['ATORREGE AD+'],
attento,['Attento'],
auroramyza,['AURORA MYZA'],
avalonorganics,"['AVALON ORGANICS', 'AVALON']",
avengers,['Avengers'],
avila,['Avila'],
axa,['AXA'],
ayam,['AYAM'],
ayce,['AYCE'],
ayerllan,['AYERLLAN'],
azio,['AZIO'],
azoma,['AZOMA'],
b.friend,['B.Friend'],
babaria,['babaria'],
babybanana,['Baby Banana'],
babybrezza,['Baby Brezza'],
babymoov,['BabyMoov'],
babyshark,['Baby Shark'],
baekoksaeng,['Baekoksaeng'],
banilaco,['BANILA CO'],
bareforbare,['Bare for Bare'],
barrierrepair,['Barrier Repair'],
barrio,['BARRIO'],
bbalance,['B BALANCE'],
bbia,['BBIA'],
bblove,['BB LOVE'],
bcl,['BCL'],
beanies,['Beanies'],
beautycredit,['BEAUTY CREDIT'],
beautyeasy,['BeautyEasy'],
beautymaker,['BeautyMaker'],
belif,['belif'],
bellabeauty,['Bella Beauty'],
beloved&co,['Beloved&Co'],
bemyboyfriend,['Be My Boyfriend'],
benks,['Benks'],
bequiet,"['Be quiet', 'be quiet']",
berioska,['BERIOSKA'],
bevyc.,['BEVY C.'],
bh,['BH'],
bhk's,"['BHK’s', ""BHK's""]",
biolead,['BioLead'],
bioliss,['Bioliss'],
bioneed,['Bioneed'],
bixtar,['Bixtar'],
blackblaze,['BLACK BLAZE'],
blackice,['Black Ice'],
blackmonster,['BLACK MONSTER'],
blackmonster,['Blackmonster'],
bladez,['BLADEZ'],
blendtec,['BLENDTEC'],
bloody,['Bloody'],
bluediamond,['BLUE DIAMOND'],
bluepine,['BLUEPINE'],
bmxmao,['Bmxmao'],
bodytalk,['BodyTalk'],
bokbok,['BokBok'],
bombcosmetics,['Bomb Cosmetics'],
bonaroma,['Bon Aroma'],
bondiwash,['BONDI WASH'],
bone,"['BONE', 'BonePlus']",
boneplus,"['BONE', 'BonePlus']",
bonika,['BONIKA'],
bonton,['BonTon'],
bosley,['Bosley'],
botanical1st,['Botanical 1st'],
botanicalall-in-one,['Botanical All-In-One'],
botanicalesthe,['BOTANICAL ESTHE'],
botanist,['BOTANIST'],
bowwow,"['Bowwow', 'BowWow']",
braincosmos,['brain cosmos'],
breeza,['Breeza'],
briochin,['Briochin'],
brita,['BRITA'],
bronson,['BRONSON'],
brook's,['BROOK’S'],
brooks,['Brooks'],
bruno,['BRUNO'],
burberry,['BURBERRY'],
burge,['Burge'],
butler,['Butler'],
bv.i,['BV.i'],
bwx,['BWX'],
byfunme,['ByFunMe'],
byterry,['BY TERRY'],
cabreiroa,['CABREIROA'],
califiafarms,['Califia Farms'],
calypso,['CALYPSO'],
camacafe,['cama cafe'],
canary,['CANARY'],
cap,['Cap'],
capitano,['CAPITANO'],
carelinkage,['Care LinKage'],
carome.,['CAROME.'],
cass,['Cass'],
catchow,['CAT CHOW'],
catchup,['CatChup'],
catfeet,"['CatFeet', 'CATFEET']",
cathkidston,['Cath Kidston'],
catuna,['CATUNA'],
ccdaily,['CC daily'],
celefit,['Celefit'],
celvoke,['Celvoke'],
center-in,['Center-in'],
cezanne,['CEZANNE'],
chacott,['Chacott'],
champion,['CHAMPION'],
cheerios,['Cheerios'],
cheers,"['cheers', 'CheersJelly']",
cheersjelly,"['cheers', 'CheersJelly']",
chefrun,['Chefrun'],
chegel,['CHE GEL'],
chen'sdimsum,"[""Chen's Dim Sum""]",
cherry,['Cherry'],
chicco,"['chicco', 'Chicco', 'CHICCO']",
chifure,['CHIFURE'],
chinook,['Chinook'],
chinsu,['CHIN SU'],
chu,['CHU'],
chumchurum,['Chum Churum'],
ciao,"['CIAOKE', 'CIAO']",
ciaoke,"['CIAOKE', 'CIAO']",
cily,['CILY'],
city,['CITY'],
citycolor,['CITYCOLOR'],
cjlion,['CJ LION'],
ckn-95,['CK N-95'],
clairparis,['CLAIR PARIS'],
clayge,['CLAYGE'],
clover,"['CLOVER', 'Clover']",
club,['CLUB'],
cnplaboratory,['CNP Laboratory'],
cocchi,['COCCHI'],
cock,['COCK'],
cocochi,['COCOCHI'],
cocodor,"['cocodor', 'Cocodor']",
cocoegg,['Cocoegg'],
coffretd'or,"[""COFFRET D'OR""]",
coghlans,['Coghlans'],
coleman,['COLEMAN'],
collagenbywatsons,['Collagen by Watsons'],
colorclub,['COLOR CLUB'],
colourpop,['Colourpop'],
combo,"['Combo', 'COMBO']",
converse,"['Converse', 'CONVERSE']",
coolermaster,"['Cooler Master', 'COOLER MASTER']",
copperchef,['Copper Chef'],
corona,"['Corona', 'CORONA']",
corsini,['Corsini'],
cosmetexroland,['COSMETEX ROLAND'],
cosmicmansion,['Cosmic Mansion'],
cosmos,['cosmos'],
covermark,['COVERMARK'],
covernail,['Cover Nail'],
cozypet,['COZY PET'],
cp-1,['CP-1'],
craftboss,['CRAFT BOSS'],
createdentfine,['CREATE Dentfine'],
creerbeaute,['CreerBeaute'],
crest,['crest'],
csmart+,['CSmart+'],
cuoco,['CUOCO'],
cyclax,['CYCLAX'],
d-up,"['D-UP', '\u200eD-UP']",
d'alba,"[""D'ALBA""]",
dailix,['Dailix'],
dairyfarmers,['Dairy Farmers'],
daisho,['DAISHO'],
daodi,['DaoDi'],
dapolulumi,['DaPoLuLuMi'],
darling,['Darling'],
dashingdiva,['Dashing Diva'],
dasique,['Dasique'],
dayneeds,['dayneeds'],
dazzshop,['DAZZSHOP'],
dearmy,['Dear My'],
debuyer,['De Buyer'],
dejavu,['dejavu'],
delta,['DELTA'],
delux,['DeLUX'],
demon,['DeMon'],
dent-inn,['Dent-Inn'],
dermacol,[ 'Dermacol'],
dermisa,['Dermisa'],
deve,['DEVE'],
devon,['Devon'],
dew,['DEW'],
dhc,['DHC'],
diadora,['DIADORA'],
dibote,['DIBOTE'],
diplona,['Diplona'],
diptyque,['Diptyque'],
disney,['Disney'],
djb,['DJB'],
doggyman,['DoggyMan'],
domo,"['DOMO', 'Domo']",
doublepower,['Double Power'],
doutor,['Doutor'],
downpower,['Down power'],
downy,['Downy'],
dr.choice,['Dr.Choice'],
dr.forhair,['Dr.FORHAIR'],
dr.groot,['Dr.Groot'],
dr.hows,['Dr.Hows'],
dr.jart+,['Dr.Jart+'],
dr.konopka's,['Dr.Konopka’s'],
dr.satin,['Dr.Satin'],
dr.shine,['DR.SHINE'],
dr.skin,['Dr. SKIN'],
dr.spa,['Dr.spa'],
dr.vt,['DR.VT'],
dr.wonder,['Dr.wonder'],
drcyj,['DR CYJ'],
dripbagcoffee,['Drip Bag Coffee'],
drpepper,['DR PEPPER'],
dtaudio,['DTAudio'],
ducato,['DUCATO'],
duke,['DUKE'],
duru,['DURU'],
duskin,['DUSKIN'],
dustdaddy,['Dust Daddy'],
dyson,['Dyson'],
e-books,['E-books'],
e-power,['e-Power'],
e.dot,['E.dot'],
e.l.f.,"['e.l.f.', 'EZlife']",
eclear,['ECLEAR'],
ecologic,['Ecologic'],
ecostore,"['ECOS, 'ecostore']",
ecover,['ECOVER'],
ecowipes,['Ecowipes'],
edeka,['EDEKA'],
ediya,['EDIYA'],
ehrmann,['EHRMANN'],
eilles,['Eilles'],
einstok,['Einstök'],
ekel,['EKEL'],
elecom,['ELECOM'],
elence2001,['ELENCE 2001'],
elishacoy,['ElishaCoy'],
elujai,['ELUJAI'],
emborg,['Emborg'],
emoperfect,['EMO PERFECT'],
ems,['EMS'],
enne,['ENNE'],
envin,['ENVIN'],
epoux,['epoux'],
ergolink,['ERGOLINK'],
erh,['ERH'],
esfolio,['esfolio'],
espoir,['eSpoir'],
essenso,['ESSENSO'],
esthedew,['Esthe Dew'],
eternalbasic,['eternal basic'],
etudehouse,"['ETUDE HOUSE', 'Etude House', 'ETUDE奧斯卡']",
etvos,['ETVOS'],
eufy,['Eufy'],
eunyul,['EUNYUL'],
eupa,['EUPA'],
eva,['eva'],
evas,['EVAS'],
evoluderm,['Evoluderm'],
evolution,['Evolution'],
excel,['Excel'],
exped,['EXPED'],
extramineral,['Extra Mineral'],
ezlife,"['e.l.f.', 'EZlife']",
face+,['Face+'],
fafa,['fafa'],
fala,['FALA'],
familia,['Familia'],
fantech,['FANTECH'],
farcent,['Farcent'],
farlin,"['FARLIN', 'Farlin']",
farmstay,"['FARM STAY', 'Farm stay']",
fasun,['FASUN'],
ferrarelle,['Ferrarelle'],
feso,['feso'],
fiestapureshine,['fiesta pure shine'],
fila,['FILA'],
filco,['Filco'],
finecolor,['FINE COLOR'],
finejapan,['FINE JAPAN'],
firefly,['FIREFLY'],
flair,['FLAIR'],
flavour,['Flavour'],
flawless,['FLAWLESS'],
flexin,['FLEXIN'],
flormar,['Flormar'],
flowfushi,['flowfushi'],
flyone,['FLYone'],
foodaholic,['FOODAHOLIC'],
foramen,['Foramen'],
forcans,['FORCANS'],
ford,['FORD'],
formosa,['FORMOSA'],
fossil,['FOSSIL'],
franks,['Franks'],
freiz,['Freiz'],
fresa,['FRESA'],
fresh,"['Fresh 馥蕾詩', 'Fresh Line']",
frischli,['Frischli'],
friskies,['Friskies'],
fromnature,['FROM NATURE'],
frosch,['Frosch'],
frudia,['FRUDIA'],
fuji,['FUJI'],
fzc,['FZC'],
g-plus,['G-PLUS'],
g&m,['G&M'],
g+,set(),
g7,['G7'],
garmin,['GARMIN'],
gatsby,['GATSBY'],
gavi,['Gavi'],
gelovery,['Gelovery'],
gemini,['GEMINI'],
gerolsteiner,['GEROLSTEINER'],
ghd,['ghd'],
ginpo,['GINPO'],
giovanni,['GIOVANNI'],
glinter,['Glinter'],
glolux,['Glolux'],
glossyblossom,['GlossyBlossom'],
glysomed,['GLYSOMED'],
go!,"['Go!', 'GO!']",
golden,['GOLDEN'],
goldsuite,['GOLD SUITE'],
golife,['GOLiFE'],
goodies,['GOODIES'],
google,['Google'],
goshu,['GOSHU'],
gourmet,['GOURMET'],
gourmia,['GOURMIA'],
granarolo,['GRANAROLO'],
granolahouse,['Granola House'],
greekgods,['GREEK GODS'],
greenon,['GREENON'],
greenpan,['GreenPan'],
greenpharmacy,['Green Pharmacy'],
greenwood,['GREENWOOD'],
grizzly,['Grizzly'],
gucci,['GUCCI'],
guerisson,['guerisson'],
gulbirlikrose,['Gulbirlik rose'],
gum,['GUM'],
gw,['GW'],
h.city,['H.CITY'],
h&w,['H＆W'],
h2o,['H2O'],
haba,['HABA'],
haglofs,['Haglofs'],
hairrecipe,['Hair Recipe'],
haken,['HAKEN'],
hallmark,['Hallmark'],
handme,['Handme'],
handpurena,['HANDPURENA'],
hanskin,['HANSKIN'],
happybath,['HAPPY BATH'],
happycall,['HAPPYCALL'],
happyowl,['HAPPY OWL'],
haru,['HARU'],
hausanh,['HAU SANH'],
haylou,['Haylou'],
hb,['HB'],
healthlead,['Healthlead'],
healthlife,['HealthLife'],
heartfelt,['Heartfelt'],
heimish,['heimish'],
hellokitty,['HELLO KITTY'],
hellokitty,['HelloKitty'],
herbalcare,['Herbal care'],
hereu,['hereu'],
heum,['HEUM'],
hi-life,['Hi-Life'],
hida,['hida'],
hiles,['Hiles'],
himawari,['himawari'],
hinatabocco,['hinata bocco'],
hiscafe,['HIS CAFE'],
hofbrauhauswolters,['Hofbrauhaus Wolters'],
hoi,['hoi'],
hojo,['HOJO'],
hola,['HOLA'],
holikaholika,['HOLIKA HOLIKA'],
homei,['HOMEI'],
homer,['HOMER'],
honey,['honey'],
honeysuckle,"['honey', 'HONEYSUCKLE']",
honk,['HONK'],
hopegirl,['Hope girl'],
hori,['HORI'],
hoya,['HOYA'],
hq,['HQ'],
htc,['HTC'],
hukumi,['HUKUMI'],
hulucat,['Hulu Cat'],
hunt's,"[""HUNT'S""]",
huxley,['Huxley'],
hyd,['HYD'],
hyperx,['HyperX'],
i-kirei,['i-KiREi'],
i'mfrom,"[""I'm From""]",
i'mmeme,"[""I'M MEME""]",
i'msorryformyskin,['I’m Sorry For My Skin'],
i'nesvia,"[""I'NESVIA""]",
iceriver,['ICE RIVER'],
icooby,['iCooby'],
ideaauto,['idea auto'],
idee,['IDEE'],
ifoa,['IFOA'],
ikari,['IKARI'],
ikbc,['ikbc'],
illy,['ILLY'],
imunny,['IM UNNY'],
indocafe,['INDOCAFE'],
indofood,['INDOFOOD'],
infocus,['Infocus'],
infothink,"['InfoThink', 'infoThink']",
insight,['INSIGHT'],
instantpot,['Instant Pot'],
institutkariteparis,['Institut Karite Paris'],
intex,['INTEX'],
ioio,['IOIO'],
iq+,['iq+'],
irobot,['iROBOT'],
iroka,['IROKA'],
iselect,['iseLect'],
isleaf,['isLeaf'],
iti,['iti'],
ivenor,['iVENOR'],
ivory,['IVORY'],
izumi,['IZUMI'],
j-lin,['J-lin'],
j.catbeauty,['J.CatBeauty'],
j.gasco,['J.Gasco'],
j.hannah,['J.Hannah'],
j.kao,['J.KAO'],
j/x,['J/X'],
jacks,['Jacks'],
jantblanc,['JANT BLANC'],
japangals,['Japan Gals'],
jardin,['JARDIN'],
jayjuncosmetic,['JAYJUN COSMETIC'],
jht,['JHT'],
jigott,['JIGOTT'],
jjpro,['JJPRO'],
jmscent,['JMScent'],
jmsolution,['JMsolution'],
joajota,['JOAJOTA'],
joearo,['JOEARO'],
john'sblend,"[""John's Blend""]",
johnmastersorganics,"['John Masters Organics', 'john masters organics']",
jojome,['jojome'],
jomalone,"['Jo Malone', 'JO MALONE']",
jordan,['Jordan'],
joroma,['JoRoma'],
jsmax,['JSmax'],
jumelle,['Jumelle'],
jungsaemmool,['JUNG SAEM MOOL'],
juono,['JUONO'],
jvc,['JVC'],
jyd,['JYD'],
k-palette,['K-Palette'],
k-swiss,['K-SWISS'],
k.c.dog,['K.C.DOG'],
k'anho,"[""K'ANHO""]",
k&k,['K＆K'],
k9natural,['K9 Natural'],
kaibeauty,['kaibeauty'],
kamome,['Kamome'],
kangaroos,['KANGAROOS'],
kangol,['KANGOL'],
kanokwan,['Kanokwan'],
karalla,['Karalla'],
kent,['KENT'],
kenwood,['Kenwood'],
kesho,['Kesho'],
keychron,['Keychron'],
keycoffee,['KEY COFFEE'],
kidol,['KIDOL'],
kiki,['KiKi'],
kimbo,['KIMBO'],
kirin,"['Kirin', 'KIRIN']",
kisetsu,['Kisetsu'],
kiss,['kiss'],
kitcat,['Kit cat'],
kitcat,['KitCat'],
kitchenaid,['KitchenAid'],
kitchenart,['Kitchen Art'],
kitekat,['KITEKAT'],
kiwipet,['KIWIPET'],
koji,['KOJI'],
kokie,['Kokie'],
kopiko,['KOPIKO'],
koyo,['KOYO'],
kozi,['KOZI'],
ksbeauty,['KS beauty'],
ktnet,['KTNET'],
kumnong,['KUMNONG'],
kurun,['KURUN'],
kuyura,['KUYURA'],
l'uxpresso,['L’uxpresso'],
labiotte,['Labiotte'],
labolabo,['Labo Labo'],
lac,['LAC'],
lachesca,['LACHESCA'],
lacroix,['LaCroix'],
lador,['LADOR'],
lafe's,['Lafe’s'],
lanami,['LANAMI'],
lapolo,['LAPOLO'],
lasko,['LASKO'],
lassie'el,"[""LASSIE'EL""]",
lavazza,['LAVAZZA'],
lavons,['LAVONS'],
lb,['LB'],
lbtokyo,['LB TOKYO'],
lcdp,['LCDP'],
leanani,['Leanani'],
lebelage,['LEBELAGE'],
lec,['LEC'],
lechat,['LECHAT'],
lecreuset,['Le Creuset'],
lelabo,['Le Labo'],
leopold,['Leopold'],
lestar,"['lestar', 'Lestar']",
leunplus,['Leun Plus'],
lg,['LG'],
lgbamboosalt,['LG Bamboo Salt'],
lideal,['LIDEAL'],
life-do.plus,['life-do.plus'],
lilfant,['LILFANT'],
lily&color,['LILY&COLOR'],
lilybyred,['Lilybyred'],
liphip,['LIPHIP'],
lirene,['Lirene'],
lobo,['LOBO'],
logos,['LOGOS'],
lole's,['LOLE’S'],
loshi,"['loshi', 'Loshi']",
lotto,['LOTTO'],
lotus,"['LOTUS', 'Lotus']",
loupedeck,['Loupedeck'],
lovebeautyandplanet,['LOVE BEAUTY AND PLANET'],
lubriderm,['LUBRIDERM'],
lucaspapaw,['Lucas Papaw'],
lucky,"['Lucky', 'LUCKY']",
lululun,['LuLuLun'],
lumina,"['Lumina 露蜜', 'Lumina beauty care']",
luna,"['LUNA', 'LUNASOL']",
lunasol,"['LUNA', 'LUNASOL']",
luwak,['Luwak'],
m.a.c,['M.A.C'],
madamjan's,['Madam Jan’s'],
madonna,['Madonna'],
magicom,"['MAGICOM', 'Magicom']",
maisonlouismarie,['Maison Louis Marie'],
makeupforever,['MAKE UP FOR EVER'],
makeuprevolution,['Makeup Revolution'],
malibubeauty,['MALIBU BEAUTY'],
maluwilz,['Malu Wilz'],
mama,"['MAMA', 'MAMA BUTTER', 'mamalove']",
mamalove,"['MAMA', 'MAMA BUTTER', 'mamalove']",
man-q,['MAN-Q'],
mandom,"['Mandom Beauty', 'MANDOM']",
mandombeauty,"['Mandom Beauty', 'MANDOM']",
manettiroberts,['Manetti Roberts'],
maqpro,['Maqpro'],
maquillage,['MAQuillAGE'],
maro,['MARO'],
masil,['MASIL'],
matador,['Matador'],
matsukiyo,['MATSUKIYO'],
maychic,['MAYCHIC'],
mayshop,['May Shop'],
mbm,['MBM'],
mdovia,['Mdovia'],
medi-peel,['MEDI-PEEL'],
mediflower,['Medi Flower'],
megaharvest,['Mega Harvest'],
mei,['MEI'],
melanocc,['Melano CC'],
melko,['MELKO'],
mellsavon,['MELLSAVON'],
men'sbiore,"[""MEN'S Bioré""]",
menow,['MENOW'],
menturm,['MENTURM'],
merbliss,['Merbliss'],
mercuryduo,['MERCURYDUO'],
merphil,['MERPHIL'],
merrell,['MERRELL'],
mestemacher,['Mestemacher'],
miau,['MIAU'],
midea,['Midea'],
mihong,['MIHONG'],
miine,['Miine'],
milani,['MILANI'],
milk&co,['MILK＆CO'],
milklab,['MILKLAB'],
milktouch,['Milk Touch'],
millerharris,['Miller Harris'],
missha,['MISSHA'],
missrose,['MISS ROSE'],
missseesaw,['Miss Seesaw'],
mistine,['Mistine'],
mitomo,['MITOMO'],
miximpotion,['mixim POTION'],
mizon,['MIZON'],
mkcustomer,['MK customer'],
mklab,['MK LAB'],
mlb,['MLB'],
mod'shair,"['mod’s hair', ""mod's hair""]",
modori,['Modori'],
moma,['MOMA'],
momogirl,['MOMO GIRL'],
momus,['MOMUS'],
mon,['MON'],
mondariz,['Mondariz'],
moodmatcher,['MOODmatcher'],
moonlight,['Moonlight'],
more,"['More', 'morelife']",
morelife,"['More', 'morelife']",
moroccanoil,['MOROCCANOIL'],
moroccogagaoil,['Morocco GaGa Oil'],
morphe,['MORPHE'],
mother-k,['Mother-K'],
motorola,['Motorola'],
mounthagen,['Mount Hagen'],
mr.bone,['Mr.Bone'],
mr.smart,['Mr.Smart'],
mr&miss,['Mr&Miss'],
msh,['MSH'],
murfeeli,['MURFEELI'],
muva,['MUVA'],
myhouse,['myhouse'],
mylittlepony,['MY LITTLE PONY'],
mylk,['Mylk'],
n.a.f,['N.A.F'],
nabi,['NABI'],
nac,['nac'],
nacific,['Nacific'],
nacnac,['NAC NAC'],
nacnac,['nacnac'],
nadeshia,['NADESHIA'],
naf,['NAF'],
naffy,['NAFFY'],
nailholic,['NAILHOLIC'],
naillabo,['Nail Labo'],
nailmatic,['Nailmatic'],
nakay,['NAKAY'],
nanolabo,['NANOLABO'],
narcisorodriguez,['narciso rodriguez'],
nars,['NARS'],
natice,['NATICE'],
natural10+,['NATURAL10+'],
naturalbalance,"['Natural balance', 'Natural Balance']",
naturald,['Natural D'],
naturalfood,['Natural Food'],
naturallady,['NATURAL LADY'],
naturals,['Naturals'],
naturalsbywatsons,"['Naturals', 'Naturals by Watsons']",
naturasiberica,['NATURA SIBERICA'],
natureby,['Natureby'],
natureface,['NATURE FACE'],
naturegarden,['Nature Garden'],
naturehike,['Naturehike'],
naturerepublic,['Nature Republic'],
naturescare,['Natures Care'],
naturesorganics,['Natures Organics'],
naturetree,['Nature Tree'],
naturie,['naturie'],
navallihill,['Navalli Hill'],
neatex,['NeatEX'],
neoflam,['Neoflam'],
nespresso,['Nespresso'],
newanna,['New Anna'],
newbalance,['NEW BALANCE'],
newbeads,['New Beads'],
newdirections,['NEW DIRECTIONS'],
nexx,['NEXX'],
niagara,['NIAGARA'],
nice&quick,['Nice＆Quick'],
nicka.k,['Nicka.K'],
nicoh,['NICOH'],
nijiya,['NIJIYA'],
nobleisle,['NOBLE ISLE'],
nokia,['NOKIA'],
nomama,['NOMAMA'],
noodle&boo,['NOODLE & BOO'],
noodle&boo,['Noodle&Boo'],
nor.,"['NOR.', 'North Field']",
northfield,"['NOR.', 'North Field']",
now!,['Now!'],
noyl,['NOYL'],
npic,['NPIC'],
nuby,"['NUBY', 'Nuby']",
nuk,['NUK'],
nursery,['Nursery'],
nyx,['NYX'],
oakley,['Oakley'],
oasy,['OASY'],
oceanspring,['Ocean Spring'],
odlo,['ODLO'],
ogeu,['OGEU'],
okawa,['OKAWA'],
okchoice,['OK choice'],
olaplex,['OLAPLEX'],
olive,['Olive'],
omax,['OMAX'],
omg,['OMG'],
omory,['OMORY'],
one,['ONE'],
oneamadana,"['ONE amadana', 'One amadana']",
onehouse,['ONE HOUSE'],
oneroad,['ONEROAD'],
onething,['ONE THING'],
onlygood,['Only good'],
onpro,['ONPRO'],
onthebody,['ON THE BODY'],
op,['OP'],
opera,['OPERA'],
opi,['OPI'],
oppo,['OPPO'],
optimum,['OPTIMUM'],
orasi,['OraSi'],
orihiro,['ORIHIRO'],
orion,['Orion'],
orip,['ORIP'],
oshimon,['Oshimon'],
osim,['OSIM'],
osmile,['Osmile'],
osuma,['OSUMA'],
osun,['Osun'],
oulisi,['OULISI'],
outdoorbase,['Outdoorbase'],
outsyselect,['OUTSY select'],
oven-baked,['Oven-Baked'],
oway,['OWay'],
oxy,['OXY'],
ozawakei,['OZAWAKEI'],
ozen,['OZEN'],
paddywax,['PADDYWAX'],
palladio,['PALLADIO'],
palladium,['palladium'],
palmolive,['PALMOLIVE'],
parfum,['PARFUM'],
parrs,['PARRS'],
pascual,"['Pascual', 'PASCUAL']",
pato.pato,['Pato.Pato'],
patto,['Patto'],
paulmitchell,['PAUL MITCHELL'],
pcpark,['PC Park'],
peachand,['Peach and'],
peachc,['Peach C'],
pecobono,['pecobono'],
peppapig,['Peppa Pig'],
percol,['PERCOL'],
pet'slove,"[""PET'S LOVE""]",
petest,['PetEst'],
petia,['Petia'],
petio,"['PETIO', 'Petio']",
pettyman,['PettyMan'],
petvillage,['Pet village'],
ph9.0,['PH9.0'],
pharmaact,['PharmaACT'],
piacelli,['Piacelli'],
pinkbypurebeauty,['Pink by Pure Beauty'],
pinpai,['PINPAI'],
pipperstandard,['PiPPER STANDARD'],
pl,['PL'],
plants,['Plants'],
plantur21,['Plantur 21'],
plantur39,['Plantur 39'],
plas,['plas'],
playstation,['Play Station'],
pola,"['Polarstar', 'POLA']",
polarstar,"['Polarstar', 'POLA']",
pomi,['POMI'],
pony,"['PONY', 'PONY MEMEBOX']",
ponymemebox,"['PONY', 'PONY MEMEBOX']",
poppop,['POPPOP'],
post,['Post'],
posy,['POSY'],
powerbomb,['PowerBOMB'],
powermate,['PowerMate'],
premiumcare,['Premiumcare'],
prettybyflormar,['pretty by flormar'],
pri,['PRI'],
probo,"['PROBOX', '博寶兒Probo', 'Probo 博寶兒']",
prodiet,['ProDiet'],
profusion,['PROFUSION'],
prreti,['Prreti'],
ptnano,['PTnano'],
puku,['PUKU'],
puma,['PUMA'],
pupa,['PUPA'],
pure,"['PURE','Pure']",
push!,['PUSH!'],
q-pet,['Q-PET'],
qianrou,['Qian Rou'],
qidina,['QIDINA'],
qiuwen,['QIU WEN'],
qpnp,['Q PNP'],
qpnp,['QPNP'],
qqgirl,['QQ GIRL'],
qstyle,['Qstyle'],
quality1st,['QUALITY 1ST'],
queenchef,['Queen Chef'],
queenschoice,['Queens choice'],
qv,['QV'],
r-driver,['R-driver'],
r.o.c.s,"['R.O.C.S.', 'R.O.C.S']",
r.o.c.s.,"['R.O.C.S.', 'R.O.C.S']",
r.q.polo,['R.Q.POLO'],
rasto,['RASTO'],
rausch,['Rausch'],
rcma,['RCMA'],
realme,['realme'],
realthai,['Real Thai'],
reebok,['REEBOK'],
refine,['Refine'],
relove,['Relove'],
remax,['Remax'],
revablend,['REVABLEND'],
ricenal,['RICENAL'],
ricobaby,['RICO baby'],
ringo,['Ringo'],
rire,['RiRe'],
rivo,['RIVO'],
rmk,['RMK'],
roberttimms,['Robert Timms'],
romand,['Romand'],
romix,['Romix'],
ronever,['RONEVER'],
rosette,['ROSETTE'],
rosyrosa,['ROSY ROSA'],
royalunibrew,"['Royal Unibrew', 'royal unibrew']",
rubberanne,['rubber anne'],
rublom,['RUB LOM'],
rudy,['Rudy'],
s.pellegrino,['S.Pellegrino'],
s.w.basics,['S.W. Basics'],
s&b,['S&B'],
s&w,['S&W'],
s+diamond,['s+diamond'],
s+miracle,['s+miracle'],
saba,['SABA'],
sabon,['SABON'],
sacla,['SACLA'],
saholea,['SAHOLEA'],
sakio,['SAKIO'],
samdasoo,['SamDaSoo'],
sanbenedetto,['San Benedetto'],
sanbisi,['Sanbisi'],
sang-a,['SANG-A'],
sant'anna,['Sant’Anna'],
sapporo,['Sapporo'],
saraya,"['SARAYA', 'saraya']",
sasa,['Sasa'],
scalpx,['Scalp X'],
scentedcandle,['SCENTED CANDLE'],
scentio,['SCENTIO'],
schesir,['Schesir'],
seatosummit,['Sea to summit'],
secretkey,['Secret Key'],
seeyou,['SEE YOU'],
sempio,['SEMPIO'],
senscience,['senscience'],
shanen,['SHANEN'],
she,['She'],
she's,"[""She's"", ""she's""]",
sheba,['Sheba'],
shills,['SHILLS'],
showermate,['Shower Mate'],
sigma,['Sigma'],
sillymann,['sillymann'],
simlife,['SimLife'],
simple,"['Simple Life', 'Simple 清妍']",
siroca,['Siroca'],
skater,['SKATER'],
skechers,['SKECHERS'],
skinbiotheory,['Skin Biotheory'],
skincure,['Skincure'],
skinlife,['SkinLife'],
skinpastel,['SKINPASTEL'],
skinvill,['Skinvill'],
skoll,['Skoll'],
sl,['SL'],
smartwatch,['SmartWatch'],
smith'srosebudsalve,"[""SMITH'S ROSEBUD SALVE""]",
snails,['Snails'],
sneaky,['SNEAKY'],
soapmax,['Soapmax'],
soapspa,['SoapSpa'],
soft99,['Soft99'],
sogood,"['So Good', 'SO GOOD']",
sohome,['Sohome'],
solac,['SOLAC'],
solan,['Solan'],
sole,['Sole'],
solvallee,['SolVallée'],
sony,['SONY'],
soto,['SOTO'],
sour3,['Sour3'],
sowasowa,['SOWA SOWA'],
sparkeau,"['SPARKEAU', 'Sparkeau']",
sparkle,"['SPARKLE', 'Sparkles SP']",
sparklessp,"['SPARKLE', 'Sparkles SP']",
spococo,['spococo'],
st.malo,['ST.MALO'],
starbucks,['Starbucks'],
staresso,['Staresso'],
starfashion,['STAR FASHION'],
staub,['Staub'],
stb,['STB'],
stemcin,['STEMCIN'],
sugao,['SUGAO'],
suisai,['suisai'],
sukin,"['Sukin', 'sukin']",
sunnygrasses,['Sunny Grasses'],
superfiber,['Superfiber'],
superfoodlab,['Superfood Lab'],
superlove,['Super Love'],
supermild,['SUPER MILD'],
superpad,['Super Pad'],
suuen,['SUUEN'],
suunto,['SUUNTO'],
swanson,['Swanson'],
sweeprobot,['SWEEP ROBOT'],
sweetssweets,['SWEETS SWEETS'],
swift,['Swift'],
swissdent,['SWISSDENT'],
switch,['Switch'],
sylph,['SYLPH'],
t-sing,['T-SING'],
t.c.star,['T.C.STAR'],
tabasco,['Tabasco'],
taiga,['TAIGA'],
taitaifon,['Tai Tai fon'],
takumi,['TAKUMI'],
targetpro,['Target PRO'],
targus,['Targus'],
tarnju,['TARN JU'],
tata,['TATA'],
tau,['TAU'],
tc,['TC'],
tcc,['TCC'],
tcl,['TCL'],
tcoffee,['TCoffee'],
tcore,['T core'],
tcrd,['TCRD'],
tcstar,['TCSTAR'],
temba,['TEMBA'],
tempo,['Tempo'],
tepe,['TePe'],
teptip,['TEPTIP'],
tescom,['TESCOM'],
tescoma,['TESCOMA'],
teteo,['teteo'],
tgc,['TGC'],
thai,['THAI'],
thaicoco,['THAI COCO'],
thayers,['Thayers'],
thebalmcosmetics,['theBalm Cosmetics'],
thelaundress,['THE LAUNDRESS'],
thenorthface,['The North Face'],
theorchidskin,['THE ORCHID SKIN'],
theordinary,['The Ordinary'],
thepublicorganic,['THE PUBLIC ORGANIC'],
theretinotime,['THE RETINOTIME'],
thesaem,['the SAEM'],
thezazak,['The zazak'],
thomson,['THOMSON'],
three,['THREE'],
tiddi,['TiDdi'],
tide,"['TIDE', 'Tide']",
tigi,['TIGI'],
tigullio,['TIGULLIO'],
tikicat,['Tiki Cat'],
timberland,['TIMBERLAND'],
timeleisure,['Time Leisure'],
timotei,['Timotei'],
tiss,['TISS'],
tklab,['TKLAB'],
tobewhite,['TO BE WHITE'],
tokyostar,['TOKYO STAR'],
tomford,['TOM FORD'],
tomomasu,['TOMOMASU'],
tonymoly,['TONYMOLY'],
toocoolforschool,"['Too Cool For School', 'too cool for school', 'Too cool for school']",
toplan,['TOPLAN'],
torotoro,['ToroToro'],
tresemme,['TRESemme'],
tribocoffee,['TRIBO COFFEE'],
trimaxcell,['TriMaxCell'],
tromso,['TROMSO'],
ts,['TS'],
tsuvimi,['Tsuvimi'],
ttmax,['ttmax'],
tunemakers,['TUNEMAKERS'],
turbotent,['TURBO TENT'],
turk,['TURK'],
twinbird,['TWINBIRD'],
twist,['Twist'],
ucc,['UCC'],
udilife,['UdiLife'],
ufc,['UFC'],
uft,['UFT'],
unclewu,['UncleWu'],
underarmour,['UNDER ARMOUR'],
unidus,['unidus'],
unimatriken,['Unimat Riken'],
uniqman,['UNIQMAN'],
unistar,['Uni Star'],
uniwater,['UNI water'],
unlabel,['Unlabel'],
unnyclub,['UNNY CLUB'],
uno,['uno'],
unt,['UNT'],
urbanapothecary,['Urban Apothecary'],
urbandecay,['URBAN DECAY'],
urbanveda,['URBAN VEDA'],
urtale,['Urtale'],
useemi,['USEEMI'],
userism,['userism'],
uzu,['UZU'],
vacci,['VACCI'],
valor,['Valor'],
vanillablanc,['VANILLA BLANC'],
vanpur,['VAN PUR'],
vbot,['Vbot'],
velcos,['VELCOS'],
venalisa,['VENALISA'],
vencedor,['VENCEDOR'],
venusmarble,['VENUS MARBLE'],
vfau,['V FAU'],
vh,['VH'],
vico,['VICO'],
vinata,['VINATA'],
viseeavant,"['VISEE', 'Visée AVANT']",
vita,"['vita','VITA']",
vitalessentials,['Vital ESSENTIALS'],
維他盒子vitabox,"['Vitabox','維他盒子']",
維他奶vitasoy,['Vitasoy 維他奶'],
vitantonio,['Vitantonio'],
vitamix,['Vitamix'],
vitamer,['Vitamer'],
vitakraft,['Vitakraft'],
vivo,['vivo'],
volfasengelman,['VOLFAS ENGELMAN'],
voluspa,['Voluspa'],
vosun,['VOSUN'],
vt,['VT'],
vtcica,['VT CICA'],
vtcosmetics,['vt cosmetics'],
vtcosmeticsxbt21,['vt cosmetics X BT21'],
vv,"['VV','Viridis virus','美聯社','元氣',]",
w.dressroom,['W.DRESSROOM'],
w.lab,['W.Lab'],
八甲田wadakan,"['WADAKAN','八甲田']",
wafoodmade,['Wafood Made'],
waiz,['Waiz'],
warm,['Warm'],
washaml,['WASHAMl'],
薇達wedar,"['WEDAR','薇達']",
weg,['Weg'],
weleda,['Weleda'],
wellage,['Wellage'],
wetnwild,['wet n wild'],
wideview,['WIDE VIEW'],
wildalp,['WILDALP'],
wildcalling,['Wild Calling'],
wildkin,['Wildkin'],
winmax,['WINMAX'],
womanmethod,['WOMAN METHOD'],
wondertrend,['WONDER TREND'],
wooly,['WOOLY'],
wychwoodbrewery,['Wychwood Brewery'],
xbox,['XBox'],
xinchang,['XINCHANG'],
xoxo,['xoxo'],
y.n.m,['Y.N.M'],
yamaki,['YAMAKI'],
yankeecandle,['YANKEE CANDLE'],
yeaster,['YEASTER'],
yebisu,['YEBISU'],
yome,['yome'],
yotta,['YOTTA'],
youcanbuy,['You Can Buy'],
youus,['Youus'],
葉璐芝yr,"['YR','葉璐芝']",
yubico,['YUBICO'],
yunos,['YUNOS'],
yvonnecollection,"['Yvonne Collection','yvonne collection']",
yybeancoffee,['yy bean coffee'],
za,"['Za', 'ZA']",
zavida,['ZAVIDA'],
zero9,['zero9'],
zettoc,['Zettoc'],
zoeva,['ZOEVA'],
zoo,['ZOO'],
zoobies,['Zoobies'],