,name,product
9189,原萃烏龍茶1250ml,即飲烏龍茶;即飲無糖茶
9190,冷萃金萱烏龍茶,即飲烏龍茶;即飲無糖茶
9191,原萃冷萃 金萱烏龍茶,即飲烏龍茶;即飲無糖茶
9192,原萃冷萃烏龍茶,即飲烏龍茶;即飲無糖茶
9193,原萃烏龍茶,即飲烏龍茶;即飲無糖茶
9194,網-原萃烏龍茶,即飲烏龍茶;即飲無糖茶
9195,原萃包種烏龍茶,即飲烏龍茶;即飲無糖茶
9196,原萃雲間烏龍茶580ml,即飲烏龍茶;即飲無糖茶
9197,*原萃烏龍茶pet580,即飲烏龍茶;即飲無糖茶
9198,原萃烏龍茶含包種茶,即飲烏龍茶;即飲無糖茶
9199,原萃雲間烏龍茶 580ml*24入,即飲烏龍茶;即飲無糖茶
9200,【0272114283】原萃烏龍茶580ml,即飲烏龍茶;即飲無糖茶
9201,545316@原萃雲間烏龍茶580ml*4,即飲烏龍茶;即飲無糖茶
9202,每朝雙纖烏龍茶-900,即飲烏龍茶;即飲無糖茶
9203,^原萃冷萃金萱烏龍茶450ml,即飲烏龍茶;即飲無糖茶
9204,原萃烏龍茶580ml,即飲烏龍茶;即飲無糖茶
9205,原萃冷萃金萱烏龍茶450ml/瓶,即飲烏龍茶;即飲無糖茶
9206,【原萃】原萃包種烏龍茶 寶特瓶 580ml(4入/組),即飲烏龍茶;即飲無糖茶
9207,原萃烏龍茶 含文,即飲烏龍茶;即飲無糖茶
9208,原萃烏龍茶*4入,即飲烏龍茶;即飲無糖茶
9209,原萃冷萃金萱烏龍茶,即飲烏龍茶;即飲無糖茶
9226,【午茶夫人】檸檬草玫瑰紅茶15入/盒(自然甘甜 無加糖),即飲紅茶;即飲無糖茶
9229,vv日式無糖烏龍茶1480ml,即飲烏龍茶;即飲無糖茶
9230,631914@茶王青心烏龍茶無糖600ml,即飲烏龍茶;即飲無糖茶
9869,御茶園每朝健康綠茶,即飲綠茶;即飲無糖茶
9870,(區)每朝健康綠茶pet650(四入),即飲綠茶;即飲無糖茶
9871,原萃日式綠茶pet975,即飲綠茶;即飲無糖茶
9872,冷泡茶冷萃綠茶,即飲綠茶;即飲無糖茶
9873,每朝健康 綠茶 650ml (24入)/箱【康鄰超市】,即飲綠茶;即飲無糖茶
9874,原萃綠茶玉露580mlx4【愛買】,即飲綠茶;即飲無糖茶
9875,每朝健康綠茶-650c,即飲綠茶;即飲無糖茶
9876,711803@原萃綠茶玉露580ml*4,即飲綠茶;即飲無糖茶
9877,代收代付 - 原萃日式綠茶580ml*24入/箱【愛買】,即飲綠茶;即飲無糖茶
9878,【每朝健康】雙纖綠茶650ml 24入x5箱(共120入),即飲綠茶;即飲無糖茶
9879,原萃冷萃綠茶 450ml,即飲綠茶;即飲無糖茶
9880,【0272116362】每朝健康雙纖綠茶,即飲綠茶;即飲無糖茶
9881,每朝雙纖綠茶組,即飲綠茶;即飲無糖茶
9882,原萃冷萃日式深蒸綠茶 450ml,即飲綠茶;即飲無糖茶
9883,原萃綠茶玉露580ml,即飲綠茶;即飲無糖茶
9884,每朝健康雙纖綠茶650ml(24入/箱),即飲綠茶;即飲無糖茶
9885,原萃冷萃日式深蒸綠茶,即飲綠茶;即飲無糖茶
9886,*原萃綠茶-玉露pet580,即飲綠茶;即飲無糖茶
9887,【宅配】原萃冷萃日式深蒸綠茶450ml (24入),即飲綠茶;即飲無糖茶
9888,【每朝健康】綠茶650ml 24入x3箱(共72入),即飲綠茶;即飲無糖茶
9889,【每朝健康】健康綠茶650ml(4入),即飲綠茶;即飲無糖茶
9890,原萃日式綠茶 580ml,即飲綠茶;即飲無糖茶
9891,原萃冷翠深蒸綠茶,即飲綠茶;即飲無糖茶
9892,(s/買)原萃日式綠茶,即飲綠茶;即飲無糖茶
9893,御茶園每朝健康綠茶650cc,即飲綠茶;即飲無糖茶
9894,御茶園 每朝健康綠茶650ml *24入-網,即飲綠茶;即飲無糖茶
9895,每朝健康双纖綠茶650ml,即飲綠茶;即飲無糖茶
9896,網每朝健康綠茶,即飲綠茶;即飲無糖茶
9897,【每朝健康】綠茶650ml 24入x2箱(共48入),即飲綠茶;即飲無糖茶
9898,每朝健康綠茶,即飲綠茶;即飲無糖茶
9899,御茶園每朝健康綠茶650mlx,即飲綠茶;即飲無糖茶
9900,原萃 日式綠茶580ml (24入/箱),即飲綠茶;即飲無糖茶
9901,每朝健康 雙纖綠茶(650mlx24入),即飲綠茶;即飲無糖茶
9902,御茶園每朝健康雙纖綠茶650ml,即飲綠茶;即飲無糖茶
9903,233557@御茶園每朝綠茶650ml*4,即飲綠茶;即飲無糖茶
9904,【每朝健康】雙纖綠茶650ml(24入/箱),即飲綠茶;即飲無糖茶
9905,每朝健康雙纖綠茶 650ml  x 24/箱【愛買】,即飲綠茶;即飲無糖茶
9906,御茶園每朝健康雙纖綠茶,即飲綠茶;即飲無糖茶
9907,【每朝健康】綠茶+雙纖綠茶650mlx2箱(共48入),即飲綠茶;即飲無糖茶
9908,每朝健康綠茶650ml(24入/箱),即飲綠茶;即飲無糖茶
9909,原萃日式綠茶580mlx4入/組【愛買】,即飲綠茶;即飲無糖茶
9910,外(區)原萃日式綠茶pet580(四入),即飲綠茶;即飲無糖茶
9911,[御茶園]每朝健康綠茶650ml (4入),即飲綠茶;即飲無糖茶
9912,【原萃】原萃日式綠茶 580ml 24入x2箱(共48入),即飲綠茶;即飲無糖茶
9913,原萃日式綠茶975m,即飲綠茶;即飲無糖茶
9914,【宅配】御茶園每朝健康綠茶650ml (24入),即飲綠茶;即飲無糖茶
9915,原萃綠茶-玉露,即飲綠茶;即飲無糖茶
9916,原萃綠茶玉露,即飲綠茶;即飲無糖茶
9917,光泉冷泡茶冷萃綠茶585ml,即飲綠茶;即飲無糖茶
9918,【每朝健康】雙纖綠茶650ml 24入x3箱(共72入),即飲綠茶;即飲無糖茶
9919,原萃 玉露綠茶580ml (24入/箱),即飲綠茶;即飲無糖茶
9920,原萃冷萃日式深蒸綠茶450ml,即飲綠茶;即飲無糖茶
9921,冷泡茶-冷萃綠茶*4入,即飲綠茶;即飲無糖茶
9922,779453@原萃冷萃日式深蒸綠茶450ml,即飲綠茶;即飲無糖茶
9923,每朝健康雙纖綠茶,即飲綠茶;即飲無糖茶
9924,原萃玉露綠茶580ml,即飲綠茶;即飲無糖茶
9925,代收代付 - 每朝健康雙纖綠茶 650ml  x 24/箱【愛買】,即飲綠茶;即飲無糖茶
9926,代收代付 - 原萃冷萃日式深蒸綠茶450mlx24【愛買】,即飲綠茶;即飲無糖茶
9927,每朝健康雙纖綠茶650,即飲綠茶;即飲無糖茶
9928,(a)*原萃日式綠茶pet580,即飲綠茶;即飲無糖茶
9929,御茶園 每朝健康綠茶(650mlx24入),即飲綠茶;即飲無糖茶
9930,每朝健康雙纖綠茶 650ml*24�,即飲綠茶;即飲無糖茶
9931,原萃冷萃日式深蒸綠茶450mlx24【愛買】,即飲綠茶;即飲無糖茶
9932,原萃日式綠茶(瓶),即飲綠茶;即飲無糖茶
9933,每朝健康綠茶650cc,即飲綠茶;即飲無糖茶
9934,每朝綠茶pet650,即飲綠茶;即飲無糖茶
9935,【每朝健康】雙纖綠茶650ml 24入x2箱(共48入),即飲綠茶;即飲無糖茶
9936,原萃玉露綠茶580ml,即飲綠茶;即飲無糖茶
9937,【每朝健康】綠茶650ml 24入x5箱(共120入),即飲綠茶;即飲無糖茶
9938,原萃日式綠茶,即飲綠茶;即飲無糖茶
9939,(s/買)每朝健康綠茶650ml,即飲綠茶;即飲無糖茶
9940,【原萃】冷萃-日式深蒸綠茶 450ml(24入/箱),即飲綠茶;即飲無糖茶
9941,原萃綠茶1.25l,即飲綠茶;即飲無糖茶
9942,外(區)每朝健康綠茶pet650(四入),即飲綠茶;即飲無糖茶
9943,(a)*每朝健康綠茶pet6,即飲綠茶;即飲無糖茶
9944,原萃綠茶-玉露*4入,即飲綠茶;即飲無糖茶
9945,御茶園每朝健康綠茶650ml*24入,即飲綠茶;即飲無糖茶
9946,光泉冷萃綠茶,即飲綠茶;即飲無糖茶
9947,(區)原萃日式綠茶pet580(四入),即飲綠茶;即飲無糖茶
9948,每朝健康雙纖綠茶 650ml,即飲綠茶;即飲無糖茶
9949,原萃冷萃日式深蒸綠茶pet450,即飲綠茶;即飲無糖茶
9950,711802@m 原萃綠茶玉露580ml,即飲綠茶;即飲無糖茶
9951,【超商取貨】御茶園每朝健康綠茶650ml (24入),即飲綠茶;即飲無糖茶
9952,代收代付 - 原萃 日式綠茶 580ml【屈臣氏】,即飲綠茶;即飲無糖茶
9953,原萃綠茶-玉露580ml(四入)*0800*,即飲綠茶;即飲無糖茶
9954,631921@每朝健康雙纖綠茶pet650,即飲綠茶;即飲無糖茶
9955,【每朝健康】健康綠茶650ml(24入/箱),即飲綠茶;即飲無糖茶
9956,^原萃日式綠茶580ml,即飲綠茶;即飲無糖茶
9957,御茶園每朝綠茶,即飲綠茶;即飲無糖茶
9958,(a)*原萃日式綠茶pet5,即飲綠茶;即飲無糖茶
9959,^原萃綠茶玉露580ml,即飲綠茶;即飲無糖茶
9960,【每朝健康】綠茶650ml 24入x2箱(共48入)(效期2021/2/1),即飲綠茶;即飲無糖茶
9961,^原萃冷萃日式深蒸綠茶450ml,即飲綠茶;即飲無糖茶
9962,【原萃】綠茶玉露580mlx2箱組(共48入),即飲綠茶;即飲無糖茶
9963,原萃日式綠茶580m,即飲綠茶;即飲無糖茶
9964,御茶園每朝健康綠茶65,即飲綠茶;即飲無糖茶
9965,【每朝健康】雙纖綠茶650ml(24入/箱)_週期購,即飲綠茶;即飲無糖茶
9966,原萃冷萃-日式深蒸綠茶(瓶,即飲綠茶;即飲無糖茶
9967,【原萃】冷萃茶450ml 24入x2/箱(共48入)(金萱烏龍/深蒸綠茶),即飲綠茶;即飲無糖茶
9968,每朝健康雙纖綠茶650ml,即飲綠茶;即飲無糖茶
9969,原萃綠茶-玉露580ml,即飲綠茶;即飲無糖茶
9970,每朝健康雙纖綠茶*4入,即飲綠茶;即飲無糖茶
9971,御茶園 每朝健康雙纖綠茶650ml *24瓶-網,即飲綠茶;即飲無糖茶
9972,553443@每朝健康雙纖綠茶pet650*4,即飲綠茶;即飲無糖茶
9973,432576@m 原萃日式綠茶580ml,即飲綠茶;即飲無糖茶
9974,每朝健康雙纖綠茶650ml,即飲綠茶;即飲無糖茶
9975,【原萃】冷萃茶450ml 24入/箱(金萱烏龍/深蒸綠茶)_週期購,即飲綠茶;即飲無糖茶
9976,原萃日式綠茶580m,即飲綠茶;即飲無糖茶
9977,(a)*每朝健康-雙纖綠茶pet650,即飲綠茶;即飲無糖茶
9978,御茶園每朝健康綠茶 650ml,即飲綠茶;即飲無糖茶
9979,每朝健康雙纖綠茶650ml(4入/組),即飲綠茶;即飲無糖茶
9980,御茶園每朝健康綠茶 650ml,即飲綠茶;即飲無糖茶
9981,【超商取貨】[原萃]日式綠茶975ml (12入),即飲綠茶;即飲無糖茶
9982,原萃日式綠茶975ml,即飲綠茶;即飲無糖茶
9983,【0272101398】原萃日式綠茶975ml,即飲綠茶;即飲無糖茶
9984,每朝健康綠茶*24入,即飲綠茶;即飲無糖茶
9985,原萃綠茶450ml,即飲綠茶;即飲無糖茶
9986,原萃綠茶580ml,即飲綠茶;即飲無糖茶
9987,每朝健康綠茶900ml,即飲綠茶;即飲無糖茶
9988,222120@光泉冷泡茶(冷萃綠茶)585ml*,即飲綠茶;即飲無糖茶
9989,原萃-日式綠茶,即飲綠茶;即飲無糖茶
9990,每朝雙纖綠茶650ml,即飲綠茶;即飲無糖茶
9991,原萃冷萃深蒸綠茶450m,即飲綠茶;即飲無糖茶
9992,原萃綠茶玉露580cc,即飲綠茶;即飲無糖茶
9993,原萃 玉露綠茶580ml (4入/組),即飲綠茶;即飲無糖茶
9994,【每朝健康】健康綠茶650ml(24入/箱) (效期2021/02/01),即飲綠茶;即飲無糖茶
9995,原萃日式綠茶580ml,即飲綠茶;即飲無糖茶
9996,原萃綠茶玉露580cc*4入,即飲綠茶;即飲無糖茶
9997,雲超-每朝健康綠茶6瓶組,即飲綠茶;即飲無糖茶
9998,【宅配】[御茶園]每朝健康雙纖綠茶650ml (24入),即飲綠茶;即飲無糖茶
9999,冷泡茶-冷萃綠茶,即飲綠茶;即飲無糖茶
10000,原萃綠茶玉露580m,即飲綠茶;即飲無糖茶
10001,每朝健康綠茶 650cc,即飲綠茶;即飲無糖茶
10002,原萃綠茶玉露 pet,即飲綠茶;即飲無糖茶
10003,原萃日式綠茶 580ml*24入,即飲綠茶;即飲無糖茶
10004,【6101011505】光泉冷萃綠茶 600cc,即飲綠茶;即飲無糖茶
10005,(a)*每朝健康綠茶pet650,即飲綠茶;即飲無糖茶
10006,每朝健康綠茶650ml,即飲綠茶;即飲無糖茶
10007,每朝健康綠茶650cc*4入,即飲綠茶;即飲無糖茶
10008,原萃日式綠茶580pet,即飲綠茶;即飲無糖茶
10009,【0272022201】每朝健康綠茶,即飲綠茶;即飲無糖茶
10010,原萃 日式綠茶580ml (4入/組),即飲綠茶;即飲無糖茶
10011,原萃日式綠茶1250,即飲綠茶;即飲無糖茶
10012,每朝健康綠茶650ml(4入),即飲綠茶;即飲無糖茶
10013,外(區)原萃綠茶-玉露580ml(四入),即飲綠茶;即飲無糖茶
10014,(s/買)每朝健康雙纖綠茶65,即飲綠茶;即飲無糖茶
10015,【每朝健康】雙纖綠茶650ml(4入),即飲綠茶;即飲無糖茶
10016,432575@原萃日式綠茶580ml*4,即飲綠茶;即飲無糖茶
10017,代收代付 - 原萃綠茶玉露580mlx4【愛買】,即飲綠茶;即飲無糖茶
10018,御茶園每朝健康綠茶650ml,即飲綠茶;即飲無糖茶
10019,c 原萃日式綠茶575ml,即飲綠茶;即飲無糖茶
10020,【0272146600】原萃冷萃日式深蒸綠茶450ml,即飲綠茶;即飲無糖茶
10021,原萃日式綠茶1250ml,即飲綠茶;即飲無糖茶
10022,.御茶園每朝健康綠茶650ml,即飲綠茶;即飲無糖茶
10023,每朝健康纖綠茶,即飲綠茶;即飲無糖茶
10024,原萃綠茶,即飲綠茶;即飲無糖茶
10025,【原萃】冷萃茶450ml 24入/箱(金萱烏龍/深蒸綠茶),即飲綠茶;即飲無糖茶
10026,447474@原萃日式綠茶1250ml,即飲綠茶;即飲無糖茶
10027,【原萃】冷萃 深蒸綠茶450ml 24入/箱,即飲綠茶;即飲無糖茶
10028,每朝健康綠茶*4入,即飲綠茶;即飲無糖茶
10029,原萃日式綠茶pet580ml,即飲綠茶;即飲無糖茶
10030,【0272136078】原萃玉露綠茶580ml,即飲綠茶;即飲無糖茶
10031,網原萃日式綠茶,即飲綠茶;即飲無糖茶
10032,(s/買)原萃綠茶-玉露入り5,即飲綠茶;即飲無糖茶
10033,原萃冷萃深蒸綠茶450ml,即飲綠茶;即飲無糖茶
10034,【0272095382】原萃日式綠茶580ml,即飲綠茶;即飲無糖茶
16223,【hallmark】怪獸派對 自然之萃2in1洗髮沐浴溫和呵護泡泡露 600ml(寶寶 洗髮 沐浴 二合一),沐浴乳;洗髮精(嬰幼童/孕婦)
16224,729465@博寶兒植萃洗髮沐浴露650ml,沐浴乳;洗髮精(嬰幼童/孕婦)
16225,小飛象舒敏雙效洗髮沐浴露,沐浴乳;洗髮精(嬰幼童/孕婦)
16226,burt s bees 蜜蜂爺爺 寶貝嬰兒洗髮沐浴露 21oz 620ml 家庭號 新包裝 美國原廠 彤彤小舖,沐浴乳;洗髮精(嬰幼童/孕婦)
16227,代收代付 - chicco寶貝嬰兒洗髮/沐浴露-溫和不流淚配方-200ml,沐浴乳;洗髮精(嬰幼童/孕婦)
16228,chicco原生脂嬰洗髮沐浴露,沐浴乳;洗髮精(嬰幼童/孕婦)
16229,(好5)嬰兒沐浴洗髮,沐浴乳;洗髮精(嬰幼童/孕婦)
16230,799727@博寶兒植萃洗髮沐浴露 柚果,沐浴乳;洗髮精(嬰幼童/孕婦)
16231,貝恩清新雙效洗髮沐浴乳400ml,沐浴乳;洗髮精(嬰幼童/孕婦)
16232,!baan-清新雙效洗髮沐浴乳2in1-400ml,沐浴乳;洗髮精(嬰幼童/孕婦)
16233,【淨毒五郎】益菌生嬰兒洗髮沐浴慕斯500ml,沐浴乳;洗髮精(嬰幼童/孕婦)
16234,【nac nac】薰衣草洗髮沐浴精(700ml),沐浴乳;洗髮精(嬰幼童/孕婦)
16235,!a-樂米亞-嬰幼兒2合1洗髮沐浴露(650ml/瓶),沐浴乳;洗髮精(嬰幼童/孕婦)
16236,chicco寶貝嬰兒洗髮/沐浴5,沐浴乳;洗髮精(嬰幼童/孕婦)
16237,嬌生嬰兒洗髮沐浴露,沐浴乳;洗髮精(嬰幼童/孕婦)
16238,!b-博寶兒-植萃洗髮沐浴露-柚果香氛-500ml,沐浴乳;洗髮精(嬰幼童/孕婦)
16239,嬌生嬰兒洗髮沐浴露500ml,沐浴乳;洗髮精(嬰幼童/孕婦)
16240,貝恩baan嬰兒洗沐組(洗髮+沐浴),沐浴乳;洗髮精(嬰幼童/孕婦)
16241,【博寶兒】植萃洗髮沐浴露二合一500ml -佩佩豬 柚果香氛(柚果香氛),沐浴乳;洗髮精(嬰幼童/孕婦)
16242,【博寶兒】佩佩豬植萃洗髮沐浴露二合一500ml -艾草香氛,沐浴乳;洗髮精(嬰幼童/孕婦)
16243,博寶兒植萃洗髮沐浴露,沐浴乳;洗髮精(嬰幼童/孕婦)
16244,博寶兒植萃洗髮沐浴露650ml-佩佩豬,沐浴乳;洗髮精(嬰幼童/孕婦)
16245,貝恩甜心三效洗髮沐浴乳400ml,沐浴乳;洗髮精(嬰幼童/孕婦)
16246,!b-baan貝恩嬰兒沙棘洗髮沐浴露 300ml,沐浴乳;洗髮精(嬰幼童/孕婦)
16247,ec 嬰兒洗髮沐浴精,沐浴乳;洗髮精(嬰幼童/孕婦)
16248,chicco嬰兒洗髮/沐浴露200,沐浴乳;洗髮精(嬰幼童/孕婦)
16249,《台塑生醫》drs formula 嬰幼童洗髮沐浴精 (500g),沐浴乳;洗髮精(嬰幼童/孕婦)
16250,nac nac 保濕泡泡-洗髮沐浴慕斯(500ml),沐浴乳;洗髮精(嬰幼童/孕婦)
16251,屈臣氏fun心玩兒童洗髮沐浴精500ml,沐浴乳;洗髮精(嬰幼童/孕婦)
16252,【fees 法緻】嬰兒柔護洗髮沐浴精-棉花 300ml,沐浴乳;洗髮精(嬰幼童/孕婦)
16253,chicco寶貝嬰兒洗髮沐浴露,沐浴乳;洗髮精(嬰幼童/孕婦)
16254,nac nac - 保濕泡泡二合一洗髮沐浴慕斯500ml,沐浴乳;洗髮精(嬰幼童/孕婦)
16255,德國 baan 貝恩 嬰兒沙棘洗髮沐浴露(300ml),沐浴乳;洗髮精(嬰幼童/孕婦)
16256,【grahams 珂然】嬰兒洗髮沐浴露125ml(洗髮/沐浴),沐浴乳;洗髮精(嬰幼童/孕婦)
16257,博寶兒植萃洗髮沐浴露-柚果香氛500ml,沐浴乳;洗髮精(嬰幼童/孕婦)
16258,sanosan寶寶洗髮沐浴露限量組(500mlx2),沐浴乳;洗髮精(嬰幼童/孕婦)
16259,博寶兒 植萃洗髮沐浴露二合一500ml -佩佩豬 蝦皮24h 現貨,沐浴乳;洗髮精(嬰幼童/孕婦)
16260,baan 貝恩 童趣系列洗髮沐浴乳400ml (清新雙效/甜心三效)【甜蜜家族】,沐浴乳;洗髮精(嬰幼童/孕婦)
16261,!c-chicco寶貝嬰兒洗髮/沐浴露-溫和200ml,沐浴乳;洗髮精(嬰幼童/孕婦)
16262,【chicco】寶貝嬰兒洗髮/沐浴露-初生寶寶專用500ml,沐浴乳;洗髮精(嬰幼童/孕婦)
16263,【博寶兒】佩佩豬植萃洗髮沐浴露二合一500ml -柚果香氛,沐浴乳;洗髮精(嬰幼童/孕婦)
16264,博寶兒植萃洗髮沐浴露650ml佩佩豬,沐浴乳;洗髮精(嬰幼童/孕婦)
16265,博寶兒植萃洗髮沐浴露-柚果香氛【愛買】,沐浴乳;洗髮精(嬰幼童/孕婦)
16266,貝恩清新雙效洗髮沐浴乳400ml/罐,沐浴乳;洗髮精(嬰幼童/孕婦)
16267,嬌生嬰兒洗髮沐浴露500ml(全新升級) 蝦皮24h 現貨,沐浴乳;洗髮精(嬰幼童/孕婦)
16268,!baan-甜心三效洗髮沐浴乳3in1-400ml,沐浴乳;洗髮精(嬰幼童/孕婦)
16269,嬌生嬰兒洗髮沐浴露500ml[500ml],沐浴乳;洗髮精(嬰幼童/孕婦)
16270,【johnsons 嬌生】嬰兒洗髮沐浴露(500ml 全新升級_嬰兒沐浴),沐浴乳;洗髮精(嬰幼童/孕婦)
16271,【sanosan】baby 洗髮沐浴露限量量販組 500ml x2,沐浴乳;洗髮精(嬰幼童/孕婦)
16272,chicco-寶貝嬰兒洗髮沐浴露50ml,沐浴乳;洗髮精(嬰幼童/孕婦)
16273,【nac nac】保濕泡泡-洗髮沐浴慕斯(500ml),沐浴乳;洗髮精(嬰幼童/孕婦)
16274,【sanosan】baby敏肌洗髮沐浴露200ml,沐浴乳;洗髮精(嬰幼童/孕婦)
16275,艾惟諾嬰兒沐浴洗髮,沐浴乳;洗髮精(嬰幼童/孕婦)
16276,【博寶兒】植萃低敏洗髮沐浴露(650ml-佩佩豬),沐浴乳;洗髮精(嬰幼童/孕婦)
16277,代收代付 - 【特惠秒出】aveeno 艾惟諾 天然燕麥 寶寶洗髮沐浴乳 532ml (無香/異敏),沐浴乳;洗髮精(嬰幼童/孕婦)
16278,代收代付 - 【愛吾兒】貝恩 baan 甜心三效洗髮沐浴乳 400ml,沐浴乳;洗髮精(嬰幼童/孕婦)
16279,chicco溫和洗髮/沐浴露200,沐浴乳;洗髮精(嬰幼童/孕婦)
16280,750992@h嬌生嬰兒洗髮沐浴露500ml,沐浴乳;洗髮精(嬰幼童/孕婦)
16281,【fees法緻】嬰兒柔護洗髮沐浴精-香蘋 600ml(不流淚配方),沐浴乳;洗髮精(嬰幼童/孕婦)
16282,德國sanosan珊諾-天然清新香洗髮沐浴露250ml,沐浴乳;洗髮精(嬰幼童/孕婦)
16283,799812@博寶兒植萃洗髮沐浴露 艾草,沐浴乳;洗髮精(嬰幼童/孕婦)
16284,fees法緻 嬰兒柔護洗髮沐浴精 棉花香/蘋果香 300ml 蝦皮24h 現貨,沐浴乳;洗髮精(嬰幼童/孕婦)
16285,baan 貝恩 沙棘洗髮沐浴露30ml (效期2021.09),沐浴乳;洗髮精(嬰幼童/孕婦)
16786,【台灣好農】好農產銷履歷濃豆奶_黃豆無糖1箱+黑豆無糖1箱_共兩箱(豆奶、豆漿、濃豆奶),豆漿/黑豆漿;豆奶/豆乳
16795,【台灣好農】100%台灣產產銷履歷綜合黃豆奶+黑豆奶_無糖_2箱組(豆奶、豆漿),豆漿/黑豆漿;豆奶/豆乳
16797,【台灣好農】100%台灣產產銷履歷黃豆奶_無糖_2箱組(豆奶、豆漿),豆漿/黑豆漿;豆奶/豆乳
16800,【台灣好農】100%台灣產產銷履歷綜合黃豆奶+黑豆奶_微糖_4箱組(豆奶、豆漿),豆漿/黑豆漿;豆奶/豆乳
16804,【台灣好農】100%台灣產產銷履歷綜合黃豆奶+黑豆奶_無糖_4箱組(豆奶、豆漿),豆漿/黑豆漿;豆奶/豆乳
19170,露得清 深層卸妝乳200ml 卸妝水 卸妝液 蝦皮24h,卸妝水;卸妝乳
19856,咪咪❤花王 biore蜜妮深層卸妝乳180ml 蜜妮卸妝乳 biore卸妝乳 蜜妮卸妝棉10枚入 卸妝油 卸妝水,卸妝棉;卸妝乳;卸妝油
20435,【義大利 giaretti】barista c3全自動義式咖啡機(gi-8530)+【日本pecobono】健康油切氣炸鍋(大容量/美型),咖啡機;鍋具
23438,【l'occitane 歐舒丹】前導雙星組(光萃肌活露30ml#星光瓶+亮眼修護露15ml+蠟菊精華霜4ml),前導精華;眼部精華
23439,香奈兒山茶花保濕微導入精華液,前導精華;精華液
23440,香奈兒山茶花保濕微導入精華液50,前導精華;精華液
23441,香奈兒山茶花保濕微導入精華液50ml,前導精華;精華液
23442,target pro 保濕肌活導入精華液 120ml,前導精華;精華液
23443,collagen 活妍肌密緊緻導入精華 10ml,前導精華;精華液
23444,山茶花保濕導入精華液,前導精華;精華液
23445,freeplus 柔膚保濕前導精華液,前導精華;精華液
23446,【belif】年終回饋★含生草保濕前導精華50ml+50ml,前導精華;精華液
23447,ga024前導精華液,前導精華;精華液
23448,【jerosse 婕樂纖】雪聚露雙效導入精華(雙層活化),前導精華;精華液
27871,藍瓶 綠瓶 深層抗菌 ariel 50倍抗菌 超濃縮 910g  p&g bold 洗衣精 柔軟精 寶僑 850ml,洗衣精;柔軟精
27872,【妙管家-買6送6】超值補充包2000g x6包/共2箱 八款任選(洗衣精/柔軟精/彩色漂白水),洗衣精;柔軟精
27873,【uyeki】防蹣抗菌抗敏洗衣添加液/洗衣精/柔軟精,洗衣精;柔軟精
27874,妙管家洗衣精柔軟精任選,洗衣精;柔軟精
27875,日本 p&g 碧浪 ariel bold 除臭 抗菌 室內曬乾  珍珠植物 白色 洗衣精 柔軟精,洗衣精;柔軟精
31029,swissvita 薇佳 微晶3d全能洗顏霜 速效抗痘調理潔面乳 全能眼霜 全能淡斑精華 vb vitabtech升級版,洗面乳;眼霜
34540,【康寶濃湯】熱銷濃湯24包組(狂送clear洗髮露+質感隨行杯+熊寶貝濕紙巾x3+白蘭洗衣球5入),洗髮精;洗衣球
34837,gaga 洗護旅行組-洗髮精100mlx2+髮油10mlx3+面膜x3(髮油/面膜隨機出貨),洗髮精;面膜
39408,absny柔滑眉粉修容盒黑灰色,修容;眉粉
39409,abs柔滑眉粉修容盒咖啡色,修容;眉粉
39412,[庶務客] romand romand 修容粉餅 better than shape 打亮粉餅 修容 打亮 粉餅 修容餅,修容;粉餅
39417,小蘑菇氣墊bb霜 水感修飾妝容 美化均勻膚色 修容bb霜  粉底液 cc霜  保濕遮蓋瑕疵 提亮膚色nailsmall,修容;BB霜;粉底液;CC霜
39499,【台灣發貨】㊣100%保證㊣水光鏡面玻璃唇釉 染唇液 丝绒唇彩唇釉 不沾杯不脱色 持久 保濕 防水,唇彩;染唇液;唇釉
39500,台灣現貨天天寄【枕邊玩物】蘿莉詩冰淇淋唇蜜 染唇液 啞光唇彩 口紅 不掉色 冰淇淋唇乳 唇釉(t615)16-0275,唇彩;染唇液;唇釉
39501,【微紫嚴選】romand 零感絲絨霧面唇釉 零色差 霧面唇釉 唇釉 啞光唇釉 絲絨唇釉 絕對 唇彩,唇彩;唇釉
39502,[庶務客] innisfree 霧面奶油絲絨唇釉 花漾綿蜜唇萃 vivid cotton ink 唇釉 唇蜜 唇彩,唇彩;唇釉
39503,【搬運工韓服秋冬新色現貨】霧感唇釉 romand  霧面唇釉 韓國 半霧面 唇釉 唇彩 口紅 唇膏 霧感 唇釉 奶茶系列,唇彩;唇釉
39504,韓國 peripera 空氣絲絨唇釉 4g 霧面 唇彩 唇釉,唇彩;唇釉
39505,[庶務客] romand 格殺霧論 羅美 零感唇膏 奶油唇膏 絲絨唇膏 絕對零感霧面唇膏 唇釉 唇彩 口紅,唇彩;唇釉
39506,[庶務客] rom&nd 格殺霧論 羅美 零感唇膏 奶油唇膏 絲絨唇膏 絕對零感霧面唇膏 唇釉 唇彩 口紅,唇彩;唇釉
41021,【搬運工】unleashia 星光閃耀水潤持色唇釉 口紅 唇彩 唇膏 唇蜜 韓國 星光水潤 持色唇釉,唇膏;唇彩
41026,【la defonse 黎得芳】黎得芳 橙花純露&可樂果 佰草豐潤裸妝護唇蜜 2入(潤色 變色 保濕 唇膏),唇膏;唇蜜
41124,nivea 妮維雅霜 護手霜 保濕 防乾燥 乳液 乳霜 唇膏 保養 護膚霜 乳膏 台灣公司附發票 urs,唇膏;護手霜;護唇膏
46076,"『恩特萬』1~15kg安全包膠啞鈴,小孔包膠啞鈴片 槓片 啞鈴桿 啞鈴連接桿",啞鈴/槓鈴;槓片
50062,【sony 索尼】ps5 光碟版主機+《ps4 漫威蜘蛛人》+55型顯示器(km-55x9000h),液晶電視;電視遊戲機
50733,新品上市  全網最低價 韓國unleashia  鑽石眼影 潤唇膏 眼影棒 pony愛用 限量10名 折扣滿299折20,眼影筆;護唇膏
51452,profusion 眼影腮紅盤 - 珊瑚蜜桃,眼影盤;腮紅
51453,profusion 眼影腮紅盤 - 漾心櫻粉,眼影盤;腮紅
51454,profusion 35色眼影腮紅盤- 絲絨暮光,眼影盤;腮紅
51455,profusion 35色眼影腮紅盤 - 沙漠幻景,眼影盤;腮紅
51456,profusion 炫彩玩色珠寶盒眼影腮紅箱購,眼影盤;腮紅
51734,etude house 夜店公主長效眼線液 24h出貨 台灣現貨 【小麥購物】【s080】 眼線膠 眼線液,眼線液;眼線膠筆
51870,【kate 凱婷】眼線液筆 + 眼線膠筆經典組,眼線液筆;眼線膠筆
51871,【微紫嚴選】etude house 夜店公主長效眼線液 oh my eye 夜店公主 眼線 眼線液 眼線筆 眼線膠,眼線液筆;眼線膠筆;眼線筆
55680,愛之味 燕麥系列 200ml【小麥購物】24h出貨台灣現貨【a266】純濃燕麥 牛奶燕麥 燕麥 鋁箔包 麥片 飲品 飲料,麥片穀類;燕麥奶
62515,現貨!日本原裝dhc-綜合維他命b群60日-可加購-維他命c維生素b膠原蛋白薏仁精華維生素c修修素椰子油葉黃素蔓越莓鋅,葉黃素;維他命B+C
62516,日本製 dhc 維他命 b c e 綜合維他命 葉黃素 椰子油 薏仁精華 膠原蛋白 蜂皇漿 藤黃果 葉酸 礦物質 馬卡,葉黃素;維他命B+C
66849,haier海爾 迷你多功能電子鍋/電鍋/煮飯鍋 hks-100w (白) / hks-100c (可可),電子鍋;電鍋
70617,【bonnie house】尤加利精油5ml*4+森林淨氧隨身賞香儀,精油;香氛機
72234,【永信藥品】高單位葉黃素x2+健康優見b群x2瓶-週期購,維他命B;葉黃素
72235,《健康好朋友》 永信藥品 健康優見 升級版葉黃素軟膠囊30mg 金盞花萃取物/活力b群升級版 30粒入,維他命B;葉黃素
72240,【永信藥品】健康優見上班族必備組(b群x5瓶+高單位葉黃素x5瓶),維他命B;葉黃素
72241,aahp全健護 金盞花游離葉黃素膠囊 30粒/盒 全方位營養補給 維他命b群+c+山桑子+蝦紅素 現貨 蝦皮24h,維他命B;葉黃素;維他命B+C
72242,dhc維他命b群綜合維他命c維他命e葉黃素甲殼素亞鉛鋅薏仁膠原蛋白椰子油蔓越莓公鐵卵磷脂藍莓精華dha魚油葉酸鈣鎂修修素,維他命B;葉黃素;維他命B+C
72243,dhc保健食品系列 綜合維他命/維他命b群/維他命c/黃香草木/乳酸菌/薑黃/葉黃素/q10/薏仁精華【find新鮮貨】,維他命B;葉黃素;維他命B+C
72561,【亞毛小舖】現貨!電子發票!dhc維他命b 維他命c 葉酸 公鐵 濃縮薑黃 30日分,維他命C;維他命B;薑黃
72562,《當日出貨》 還我漂漂組 維生素c q10 茄紅素 維生素e 膠原蛋白 美國 swanson 原裝,維他命C;維他命E
72563,neocell妮兒 膠原c錠(+維他命c) / 250錠,維他命C;膠原蛋白
72564,【neocell妮兒】膠原c錠 250錠(台灣唯一總代理 美國第一大膠原蛋白 含維他命c),維他命C;膠原蛋白
72565,現貨附發票 韓國 lemona 膠原蛋白維他命c粉 60小包 圓罐,維他命C;膠原蛋白
72566,nutriplus 活沛多膠原蛋白+維他命c 50錠,維他命C;膠原蛋白
72567,【日本味王】蔓越莓口含錠升級版60粒x5盒(蔓越莓+膠原蛋白+維他命c),維他命C;膠原蛋白
72568,活沛多膠原蛋白維他命c 50錠,維他命C;膠原蛋白
73189,meilin 清透蜜粉+meilin 全方位三色遮瑕膏-網,蜜粉;遮瑕膏
73190,【rmk】江戶透光底妝優惠組(bb霜30g+蜜粉3g+手拿鏡),蜜粉;BB霜
74094,【kao 花王】暢銷洗髮精/潤髮乳(750ml),潤髮乳;洗髮精
74095,花王 洗髮精 潤髮乳 750ml (多款任選) 清新沁涼 順滑 溫和柔潤 蝦皮24h 現貨,潤髮乳;洗髮精
74096,【kao 花王】暢銷洗髮精/潤髮乳750mlx3入(款式任選),潤髮乳;洗髮精
74097,【kao 花王】無矽靈 植萃弱酸頭皮調理洗髮精/潤髮乳 750ml(共5款可選),潤髮乳;洗髮精
74099,【現貨】日本 熊野 沙龍級 胺基酸 修護型 洗髮乳 潤髮乳 護髮乳 護髮噴霧 250g / 1000ml 無矽靈 雷老闆,潤髮乳;洗髮精;護髮乳
74100,【la sana 潤紗娜】海藻海泥洗髮乳230ml*1入+海藻海泥潤髮乳170g*1入+海藻菁萃護髮露25ml*1入,潤髮乳;洗髮精;護髮乳
74101,[時時樂限定]施華蔻 胺基酸多效修護4件組(多效修護洗髮乳+多效修護潤髮乳+多效修護髮膜)贈金緻潤澤,潤髮乳;洗髮精
74104,多芬 深層修護洗髮乳【小麥購物】24h出貨台灣現貨【s211】洗髮乳 潤髮乳 護髮 潤髮 護髮乳 170ml dove,潤髮乳;洗髮精
74107,【schwarzkopf 施華蔻】gliss極致精油修護組(洗髮乳250mlx2+潤髮乳200mlx1+gliss極致滋潤修護髮油75ml x1),潤髮乳;洗髮精
74110,美國箭牌馬 潤絲精/護髮素(無矽靈120ml/4oz),潤髮乳;護髮乳
74111,代收代付 - tsaio 上山採藥 燕麥護色/金盞花養髮/山茶花護髮洗髮乳/潤髮乳 600ml【bg,潤髮乳;洗髮精
74112,【hair recipe】洗護3件組-生薑蘋果洗髮露+奇異果清爽+ 蜂蜜保濕洗髮露/護髮/潤髮精華素-水果養髮防斷修護,潤髮乳;洗髮精
74113,代收代付tsaio 上山採藥 燕麥護色/金盞花養髮/山茶花護髮洗髮乳/潤髮乳 600ml【bg shop】4款可選,潤髮乳;護髮乳
74114,【美國箭牌馬】潤絲精/護髮素(無矽靈-355ml),潤髮乳;護髮乳
74437,mihong 136蔬果b群 膠原蛋白(60顆/盒)x 多件優惠組,膠原蛋白;維他命B
74438,代收代付 - 【台灣現貨免運【附發票】日本dhc 膠原蛋白 60日/360粒 維他命 b群 c群 綜,膠原蛋白;維他命B+C
76523,國農草莓牛乳*6入,調味牛乳;保久乳
76524,國農巧克力牛乳*6入,調味牛乳;保久乳
76525,738664@國農巧克力調味牛乳240ml*6,調味牛乳;保久乳
76526,國農果汁牛乳*6入,調味牛乳;保久乳
76723,【微紫嚴選】the saem tip concealer 完美遮瑕液 遮瑕膏 遮瑕液 遮瑕筆 遮瑕,遮瑕液;遮瑕筆;遮瑕膏
76724,台灣現貨天天寄【枕邊玩物】韓汝空氣遮瑕官方液膏乳持久修容遮蓋斑點黑眼圈痘痘不脫妝 遮瑕 遮瑕膏  保濕 16-0237,遮瑕液;遮瑕膏
76725,[庶務客] luna 遮瑕膏 遮瑕液 黑眼圈 痘疤 雀斑遮瑕 遮瑕 luna遮瑕膏,遮瑕液;遮瑕膏
76726,the saem 完美遮瑕液 遮瑕膏 遮瑕6.5g 正品現貨,遮瑕液;遮瑕膏
76727,韓國 the saem 完美遮瑕膏 tip concealer 遮瑕液 6.5g 【dt store】【0014300】,遮瑕液;遮瑕膏
76728,【搬運工】 clio遮瑕膏 killcover遮瑕膏 新款超保濕遮瑕膏 現貨 遮瑕液 黑眼圈 雀斑 斑點 修容 遮瑕,遮瑕液;遮瑕膏
83017,kose 玻尿酸透潤美白系列 (化粧水 乳液 乳霜 美容液) 乳液 保濕 蝦皮24h,臉部乳液;面霜/乳霜
83019,【atopiclair愛妥麗】保濕敷料cream乳霜100ml×1 + lotion乳液120ml×1,臉部乳液;面霜/乳霜
83021,【美納里尼】愛妥麗保濕敷料 cream乳霜100ml+lotion乳液120ml(不含類固醇 舒緩受損皮膚),臉部乳液;面霜/乳霜
83022,現貨 契爾氏 冰河醣蛋白保濕霜 50ml 125ml 蛋白霜 kiehl's 乳霜 乳液 空氣感水乳霜 kiehl's,臉部乳液;面霜/乳霜
91531,dr.forhair頭皮豐盈洗髮乳300ml+頭皮護理豐盈髮膜200ml+贈豐盈洗髮乳10ml*10-網,護髮乳;洗髮精
91532,hair recipe奇異果清爽洗髮露+髮膜套組,護髮乳;洗髮精
91534,【vs 沙宣】洗護2入組-護色亮澤洗髮露+護色亮澤護髮精華素,護髮乳;洗髮精
91536,【hair recipe】限量禮盒-黑莓梨香洗髮露x1+生薑蘋果洗髮x1+生薑蘋果護髮/潤髮x1+蜂蜜護髮x1(聖誕禮物),護髮乳;洗髮精
91537,【pantene 潘婷】miracles奇蹟系列 煥活根源洗髮露500ml/護髮精華素500g(洗潤任選),護髮乳;洗髮精
91538,【hair recipe】洗護2+1組-營養洗髮露530mlx2+護髮精華素530mlx1(生薑蘋果/奇異果清爽/蜂蜜保濕 任選),護髮乳;洗髮精
91539,hair recipe 洗髮露530ml/護髮精華素530g小三美日】d586122,護髮乳;洗髮精
91540,【schwarzkopf 施華蔻】水感保濕玻尿酸系列 洗髮露/髮霜/髮膜 任選(附專用壓頭),護髮乳;洗髮精
91541,【hair recipe】限量禮盒-黑莓梨香洗髮露x1+生薑蘋果洗髮x1+生薑蘋果護髮/潤髮x1+蜂蜜護髮x1,護髮乳;洗髮精
91542,多芬 雙子星限定組洗髮乳680ml+一分鐘護髮精華180ml 深層修護/輕潤保濕 即期良品2021/2月到期,護髮乳;洗髮精
91543,代收代付 - 【dove 多芬】 蜂蜜柔亮洗髮乳+ 安瓶護髮油 (500ml+100ml),護髮乳;洗髮精
91544,hair recipe奇異果洗髮露+髮膜套組[530ml+180g],護髮乳;洗髮精
91546,【hair recipe】洗護1+1組-營養洗髮露530ml+護髮精華素530g(生薑蘋果/奇異果清爽/蜂蜜保濕 任選),護髮乳;洗髮精
91548,*loreal萊雅 絲漾博護色大容量2入組(洗髮乳1500ml+髮膜500ml)原絕色漾彩,護髮乳;洗髮精
91550,【pantene 潘婷】青春露防斷護色禮盒-柔亮護色洗髮露x1+護髮精華素/潤髮x1+記憶髮膜(聖誕禮物),護髮乳;洗髮精
91552,hairrecipe奇異果洗髮露530ml+髮膜180g,護髮乳;洗髮精
91553,hair recipe 生薑蘋果洗髮露530mlx2+蜂蜜高濃度營養修護髮膜180gx1,護髮乳;洗髮精
91554,hair recipe 洗護組(生薑蘋果洗髮露530mlx2+蜂蜜高濃度營養修護髮膜180mlx1),護髮乳;洗髮精
91555,hair recipe生薑蘋果防斷滋養洗髮露530毫升蜂蜜高濃度營養修護髮膜180克【康是美】,護髮乳;洗髮精
91559,【schwarzkopf 施華蔻】晶燦鎖色ph4.5系列 洗髮露/髮霜/髮膜 任選(附專用壓頭),護髮乳;洗髮精
91560,hair recipe 奇異果清爽營養洗髮露530ml+ 蜂蜜保濕營養洗髮露530ml+ 蜂蜜高濃度營養修護髮膜180g,護髮乳;洗髮精
91561,飛柔三合一護髮洗髮乳1000,護髮乳;洗髮精
91563,花王curel洗髮護髮組45ml+45ml,護髮乳;洗髮精
91677,vichy 薇姿 極效水感bb霜 40ml 妝前3件組 潤色隔離 官方旗艦店,BB霜;妝前乳/隔離霜
91678,kate 凱婷 零瑕肌密bb霜 持效飾底霜 (官方直營) 蝦皮24h 現貨,BB霜;妝前乳/隔離霜
91679,㊣100%保證㊣bb霜 隔離修容bb美顏霜 粉底液 遮瑕 修容,BB霜;粉底液
91680,[庶務客] pony effect 遮瑕氣墊粉餅 粉底 神防護 氣墊 bb霜 氣墊粉餅,BB霜;粉餅
91743,【kose 高絲】雪肌精透亮煥白cc霜30g+雪肌精淨透潔顏油n 33ml(正統公司貨),CC霜;卸妝油
91744,【dr.cink 達特聖克】女神絲絨柔焦組(cc霜+花蜜露+潔面露),CC霜;洗面乳
91746,freshel 膚蕊 美肌淨透bb霜 cc霜(官方直營) 蝦皮24h 現貨,CC霜;BB霜
